sample_id,text,label,unanimous,judge_a_label,judge_b_label,judge_a_label,judge_b_label,judge_c_label
nemotron_00035,"Our Cybersecurity and Security Awareness Program is designed to educate and empower our employees to protect our organization's sensitive data. The program objectives include raising awareness about cyber threats, promoting best practices, and ensuring compliance with security policies. All employees, including the [human resources worker]occupation, should complete the annual training module available at [https://cybersecurityinsiders.com/whitepapers?document_type=SecurityAwarenessProgram&year=2023]url. The training covers topics such as phishing, password security, and the importance of using strong, unique passwords like [n4K$p2R#b7W9v1]password.

Incident response procedures are outlined in our security policy, which can be accessed by contacting [a.raman@cybersentinel.my]email. Employees should report any suspicious activity, such as unauthorized access attempts from IP addresses like [123.145.20.24]ipv4 or [2a02:4d60:1031::85e1:79f2:9122:aecd]ipv6, to the IT department immediately. The program also includes guidelines for securing devices with MAC addresses like [00:43:B2:1C:7D:5E]mac_address and using API keys like [api_dev_1bF4kLmN9hT5wQsZpC7XrJ2eD8vPmWx]api_key securely. Regular updates and awareness initiatives ensure that our employees stay informed about the latest threats and best practices in cybersecurity.",,False,HIGH,LOW,HIGH,LOW,MEDIUM
nemotron_00075,"**Transportation Broker Agreement**

**Parties Involved:**
- **Broker:** [AlSaadi Transport]company_name
- **Carrier:** [To be specified]

**Vehicle Details:**
- **License Plate:** [AJ 3851]license_plate
- **Vehicle Identifier:** [JTDKF56J4E1012345]vehicle_identifier

**Service Description:**
The carrier agrees to provide transportation services for [AlSaadi Transport]company_name, using the vehicle identified by the vehicle identifier [JTDKF56J4E1012345]vehicle_identifier.

**Payment Terms:**
Payment will be made via bank transfer using the swift bic [QWERTSAJL98]swift_bic.

**Liability Clauses:**
The carrier is responsible for any damages or losses occurring during transportation. The carrier must maintain comprehensive insurance coverage for the vehicle identified by the vehicle identifier [JTDKF56J4E1012345]vehicle_identifier.

**Insurance Requirements:**
The carrier must provide proof of insurance that covers the vehicle with the vehicle identifier [JTDKF56J4E1012345]vehicle_identifier, including liability and cargo insurance.

**Confidentiality:**
Both parties agree to keep all information related to this agreement confidential, including the vehicle identifier [JTDKF56J4E1012345]vehicle_identifier and the swift bic [QWERTSAJL98]swift_bic.

**Termination:**
Either party may terminate this agreement with a 30-day written notice. Upon termination, the carrier must return any confidential information, including the vehicle identifier [JTDKF56J4E1012345]vehicle_identifier, to [AlSaadi Transport]company_name.

**Governing Law:**
This agreement shall be governed by the laws of [Saudi Arabia]country.",,False,LOW,HIGH,LOW,HIGH,MEDIUM
nemotron_00079,"**Monitoring Dashboard Summary**

**Dashboard URL:**
[https://datadog.com/dashboard/5678/monitoring?start=2024-01-01&end=2024-01-31&type=summary]url

**API Key:**
[d5c9b2e0-3a87-404a-b328-8e9b2f6a0f1f]api_key

**System Performance Metrics:**

| Metric                | Value       |
|-----------------------|-------------|
| CPU Usage             | 65%         |
| Memory Usage          | 70%         |
| Disk I/O              | 80%         |
| Network Traffic       | 50%         |

**Uptime Statistics:**

| Period             | Uptime Percentage |
|--------------------|-------------------|
| [2024-01-01]date to [2024-01-31]date | 99.8%            |

**Alert Logs:**

| Timestamp           | Alert Type       | Description       | Device Identifier     |
|---------------------|------------------|-------------------|------------------------|
| [2024-01-15 14:30:00]date_time | High CPU Usage   | CPU usage exceeded 80% | [842e6a1a-2c95-4a9b-9d3c-3f6a5a7d8b2e]device_identifier |
| [2024-01-20 09:45:00]date_time | Network Outage   | Network connectivity lost | [842e6a1a-2c95-4a9b-9d3c-3f6a5a7d8b2e]device_identifier |

**IP Address Logs:**

| Timestamp           | IP Address       |
|---------------------|------------------|
| [2024-01-01 00:00:00]date_time | [145.232.18.22]ipv4    |",,False,LOW,HIGH,LOW,HIGH,MEDIUM
nemotron_00109,"### University Safety Guidelines Manual

#### Emergency Protocols
In the event of an emergency, all staff and students should immediately refer to the emergency protocols available at [https://university.edu/safety/guidelines]url. For immediate assistance, contact the [safety officer]occupation at [681-304-4736]phone_number. Each employee, identified by their unique employee id: [b7e4d98c]employee_id, is responsible for knowing and following these protocols.

#### First Aid Procedures
First aid kits are located in designated areas throughout the campus. All staff should be familiar with [basic first aid procedures]education_level. In case of a medical emergency, call [681-304-4736]phone_number.  If you have a blood type: [O-]blood_type and are involved in an accident, inform the first responder immediately.

#### Hazard Identification
Regular inspections are conducted to identify potential hazards. Employees are encouraged to report any hazards they encounter to the [safety officer]occupation. Religious belief: [Protestant]religious_belief services are available for all employees and students on campus who wish to use them.

#### Prevention Strategies
Preventive measures include regular maintenance of equipment and facilities, as well as continuous training for staff and students. The [safety officer]occupation can be reached at [681-304-4736]phone_number for any safety-related concerns or to schedule a training session.",,False,HIGH,LOW,HIGH,LOW,MEDIUM
nemotron_00228,"[PixelPulse Media]company_name is organizing a live event in [Florida]state, [USA]country. The event's technical requirements include high-quality audio, visual, and lighting needs to ensure a seamless experience. The event timeline will include setup, rehearsal, and teardown phases, with a focus on efficiency and professionalism. The budget allocation will cover all aspects, from venue specifics to vendor and staffing details, ensuring a successful event. For more information, visit [https://eventbrite.com/search/?q=live+event+plan&category=media]url. The password for accessing the event management system is [b7K@p9mZx#4r5]password. The event's political view is [Moderate]political_view, ensuring a welcoming environment for all attendees.",,False,LOW,HIGH,LOW,HIGH,MEDIUM
nemotron_00283,"The Technology and Usage Analytics Report for 2024 provides a detailed overview of user interactions and device usage statistics. Access the full report at url: [https://analytics.techinsights.com/reports/usage-analytics-2024]url. The report includes a comprehensive analysis of user activity, with a particular focus on the device identified by device identifier: [a3d5e3a4f6b2c4d9e8a3b2d1c4e5f6a7]device_identifier. This device, along with others, was monitored using the api key: [prod_api_2vLqW8xTmCn5Z6k9D3YtBh7fRpQnF4v]api_key, which ensures secure and accurate data collection.

The data collected on date time: [2024-10-01T21:19:20]date_time shows significant activity from the IPv4 address [120.23.87.175]ipv4 and the IPv6 address [2001:0db8:85a3::8a2e:0370:7334]ipv6. These addresses were among the most active during the reporting period, contributing to a rich dataset that informs our trend analyses and recommendations.",,False,HIGH,LOW,HIGH,LOW,MEDIUM
nemotron_00298,"**Cybersecurity and Data Access Control Policy**

**Policy ID:** SEC-POL-001
**Version:** 1.2
**Effective Date:** [2024-01-01]date

**1. Purpose**

The purpose of this policy is to ensure the confidentiality, integrity, and availability of data within the organization by implementing stringent access control measures.

**2. Scope**

This policy applies to all employees, contractors, consultants, temporaries, and other workers at the organization, including all personnel affiliated with third parties. All users must comply with the policy, regardless of the access method used.

**3. Policy**

**3.1 Access Control Models**

The organization will implement a role-based access control (RBAC) model to manage data access. Access rights will be assigned based on the employee id [23-MKT-457]employee_id and their role within the organization. All access requests must be approved by the relevant department head.

**3.2 Authentication Methods**

All users must authenticate using a combination of username and password, with the password meeting the organization's complexity requirements. For sensitive data, an additional factor of authentication, such as an API key, will be required. The API key, [Jk7sW2vTpQ9xM3l1zE4aR5yB8nCfX6dE]api_key, must be kept confidential and should not be shared.

**3.3 Authorization Protocols**

Access to data will be granted based on the principle of least privilege. Users will only be granted access to the data necessary to perform their job functions. Regular reviews of access rights will be conducted to ensure compliance with this policy.

**3.4 Audit Processes**

All access to data will be logged and monitored. Audit logs will be reviewed regularly to detect and respond to any unauthorized access attempts. The audit process will be reviewed annually, or as needed, to ensure its effectiveness. The review process will be completed by [2024-12-31]date.

**4. Policy Compliance**

**4.1 Compliance Measurement**

The organization will measure compliance with this policy through various methods, including but not limited to, business tool reports, internal and external audits, and feedback to the policy owner.

**4.2 Exceptions**

Any exception to the policy must be approved by the [Information Security Manager]occupation in advance.

**4.3 Non-Compliance**

An employee found to have violated this policy may be subject to disciplinary action, up to and including termination of employment.",,False,HIGH,LOW,HIGH,LOW,MEDIUM
nemotron_00315,"### [Harborview Hospitality Group]company_name Hotel Policies

**Check-In and Check-Out Times**
- Check-in time: [18:30]time
- Check-out time: [18:30]time

**Cancellation Policy**
- Cancellations must be made at least 24 hours before the scheduled arrival date to avoid penalties.
- For cancellations, please contact us at the company name [Harborview Hospitality Group]company_name.

**Pet Policy**
- Pets are allowed in designated rooms only. A pet fee of $25 per night applies.
- Please provide a national id [732-81-3642]national_id of the pet owner at check-in.

**Room Rates**
- Room rates vary by season and availability. Please visit our website at the url [https://hotelpolicies.com]url for the most up-to-date information.
- Special rates are available for guests staying at the state [North Dakota]state location.

**Contact Information**
- For any inquiries or special requests, please contact us at the street address [789 Maple Avenue]street_address, city [Fargo]city, in the country [United States]country.",,False,HIGH,MEDIUM,HIGH,MEDIUM,LOW
nemotron_00323,"### Legal Statement

**Statement of Facts**

On [05.09.2028]date, [LexLegal Solutions]company_name was involved in a legal dispute regarding a document retrieved from the url: [https://legaldocs.com/search?document_type=Legal+Statement&status=active]url.

**Legal Arguments**

The religious belief: [spiritual but not religious]religious_belief of the parties involved played a significant role in the negotiations. The bank routing number: [256104789]bank_routing_number was used for all financial transactions related to this case.

**References to Case Law**

**Conclusion**

[LexLegal Solutions]company_name hereby confirms the legal validity of the aforementioned statement.",,False,LOW,HIGH,LOW,HIGH,MEDIUM
nemotron_00414,"[Harborpoint Capital Management]company_name has released its annual financial report, detailing the company's performance and revenue streams. The report, accessible at [https://jpmorganchase.com/financials/annual-reports/revenue]url, provides a comprehensive overview of the company's financial health. The income statement highlights a significant increase in revenue, driven by strategic investments and operational efficiencies. The balance sheet, as of [15/07/2026]date, shows a robust financial position with substantial assets and liabilities well managed. The cash flow statement indicates strong liquidity, with effective management of the account number [C789235618]account_number. The company's tax ID, [123-45-6789]tax_id, is prominently featured in the report, ensuring transparency in tax compliance. The report also notes the swift bic [GXPQUS4]swift_bic, which facilitates international transactions and financial operations. Employee ID [A1547C]employee_id is mentioned in the context of key personnel contributing to the company's financial success.",,False,HIGH,LOW,HIGH,LOW,MEDIUM
nemotron_00444,"Our data retention policy ensures that all electronic data, including emails, databases, and logs, are managed, stored, and securely disposed of in compliance with regulatory requirements. Emails, such as the one sent to [rana.khoury@lebanontechsolutions.com]email, are retained for a period of five years from the date time of [2023-09-22T12:22:25]date_time. The API key, [12d8b9f7-4a6c-4a4c-9b2e-5a1f2d3b8c79]api_key, is stored securely and must be used to access our data retention management system, which can be found at [https://microsoft.com/privacy/data-retention-policy?version=2024&region=global]url.",,False,HIGH,LOW,HIGH,LOW,MEDIUM
nemotron_00465,"On the evening of [March 15, 2024]date, at [22:15]time, a significant agricultural event took place in [Lawrence County]county, [PA]state, [USA]country. The event was held at the coordinate [40.1234 N, 79.2345 W]coordinate. The primary focus of the event was pest management, a critical aspect of maintaining crop health and yield. The event was organized by a local [Independent]political_view farmer, who is [55]age years old and has blood type [O+]blood_type. The farmer's political views are [Independent]political_view. The event was documented and can be accessed at [https://events.farmprogress.com/report]url.",,False,MEDIUM,LOW,MEDIUM,LOW,HIGH
nemotron_00516,"The manifest details the shipment being transported by [Transwest Logistics]company_name. The vehicle identifier is [ZFA4G2HJ8KL789123]vehicle_identifier and the license plate is [9PXJ472]license_plate. The shipment is scheduled to arrive at the coordinate [40.7128 N, 124.0125 W]coordinate at [18:30]time. The consignee is located at [252 Nordica Ct]street_address, [Fremont]city, [California]state, [94538]postcode.",,False,LOW,MEDIUM,LOW,MEDIUM,HIGH
nemotron_00544,"---

### Welcome to Albayt [Libya]country

**Contact Us**

For inquiries or assistance, feel free to reach out to our dedicated customer support team at the email address [m.abdurahman@albaytlibya.com]email or call us at [+218 21 445 2718]phone_number. Our knowledgeable staff is always ready to help.

### Our Team

Our team is composed of professionals with diverse educational backgrounds, including a [bachelor's degree]education_level in various fields, ensuring that we bring a wealth of knowledge and expertise to serve you better.

### About Us

At Albayt [Libya]country, we pride ourselves on our commitment to quality and customer satisfaction. Our founder, who has extensive experience in the consumer goods industry, is a 74 year-old leader with a blood type of [O+]blood_type.

---

**Join Us Today**

We invite you to experience the difference that Albayt [Libya]country can make in your life. Contact us today to learn more about our products and services.

---

**Customer Testimonials**

*""Albayt [Libya]country has been a game-changer for me. The quality of their products is exceptional, and the customer service is outstanding. I highly recommend them to anyone looking for top-notch consumer goods.""*

---",,False,HIGH,LOW,HIGH,LOW,MEDIUM
nemotron_00575,"| Origin Location | Destination Location | Freight Mode | Service Type | Weight/Volume Bracket (kg) | Unit Price (USD/kg) | Currency | Effective Dates | Surcharges/Discounts |
|-----------------|---------------------|--------------|--------------|---------------------------|------------------------|----------|-----------------|------------------------|
| [Omdurman]city, [Sudan]country | Port [Sudan]country, [Sudan]country  | Sea          | Standard     | 0-1000                       | 0.50                   | USD      | [01/01/2024-06/30/2024]date | [633]cvv USD for weight over [402-75-2478]ssn kg|
| Port [Sudan]country, [Sudan]country | [Omdurman]city, [Sudan]country  | Road         | Express      | 0-500                        | 0.75                   | USD      | [01/07/2024-12/31/2024]date | None |",,False,HIGH,LOW,HIGH,LOW,MEDIUM
nemotron_00606,"At Kaspersky, we prioritize the security and privacy of our users' data. We collect various types of information, including email addresses such as [rkornecki@yahoo.com]email, to provide our services effectively. Our systems also log IP addresses, such as [62.135.24.194]ipv4 and [fe80::a1b2:c3d4:5678:9ef0]ipv6, for network management and security purposes. Additionally, we use HTTP cookies, such as [gdpr_consent=gr86hb1k]http_cookie, to enhance user experience and comply with regulatory requirements.

We store sensitive information, including phone numbers like [616-893-8991]phone_number, securely encrypted. Our security protocols ensure that passwords, such as [G8%kLm9Q2zX!]password, are hashed and salted to protect against unauthorized access. Users can access our detailed privacy policy at [https://kaspersky.com/privacy-policy]url for more information on how we handle and protect your data.",,False,HIGH,LOW,HIGH,LOW,MEDIUM
nemotron_00627,"# Guest Services Guide

## Check-In Procedure
To ensure a smooth check-in process, please follow these steps:
1. **Arrival**: Upon arrival at the hotel, proceed to the reception desk.
2. **Identification**: Present your identification and booking confirmation.
3. **Biometric Registration**: Your biometric identifier, [BIO-4957261380]biometric_identifier, will be registered for security purposes.
4. **Room Assignment**: Receive your room key and any additional information about your stay.

For further details, please visit [https://marriott.com/guest-services-guide#check-in-procedure]url

## Contact Information
Should you need assistance during your stay, please do not hesitate to reach out to our dedicated guest services team.
- **Phone Number**: [+971 6 745 6789]phone_number
- **Email**: [khalid.m@luminahospitality.ae]email

## Local Attractions
Explore the vibrant city of [Ajman]city and its surrounding areas. Some popular attractions include:
- **Mosques**: Visit the beautiful mosques in the area that reflect the religious belief of [Islam]religious_belief.

## Emergency Contact Information
In case of an emergency, please contact:
- **Hotel Emergency Line**: [+971 6 745 6789]phone_number
- **Local Emergency Services**: Dial 999

## Maps and Directions
For detailed maps and directions, please refer to the following coordinates:
- **Hotel Location**: 25°24.455' N, 55°27.383' E

## Dining Options
Indulge in a variety of dining options available at our hotel, including:
- **Breakfast Buffet**: Start your day with a delicious breakfast buffet.
- **Lunch and Dinner**: Enjoy a wide range of international and local cuisines.",,False,HIGH,LOW,HIGH,LOW,MEDIUM
nemotron_00687,"### Technology Configuration Management Plan

#### 1. Scope
This Configuration Management Plan (CMP) outlines the procedures for managing and controlling changes to the technology infrastructure at TechCorp. The plan is accessible at [https://techcorp.com/documentation/configuration-management-plan]url and is designed to ensure the integrity and consistency of the IT environment.

#### 2. Roles and Responsibilities
The roles and responsibilities for configuration management are clearly defined to ensure effective implementation. The API key for accessing configuration management tools is [api_live_8cNxZ0vRgDjPm5yU6qZlKWbTmQj6F1H]api_key. The configuration manager, who is responsible for overseeing the configuration management processes, will use this API key to manage changes.

#### 3. Configuration Item Identification
Configuration items (CIs) are identified and documented to ensure traceability. Each CI is assigned a unique identifier, such as [987654321098765]device_identifier, to facilitate tracking and management. The IP address [113.203.14.198]ipv4 is an example of a CI that needs to be managed.

#### 4. Baselines
Baselines are established to define the approved configuration of CIs at specific points in time. The baseline for the current configuration includes the coordinate [40.7128 -74.0060]coordinate, which represents a critical geographical location for our data center.

#### 5. Change Control Processes
The change control process ensures that all changes to the configuration are managed in a controlled manner. Changes are reviewed and approved through a formal process, and all changes are documented and tracked.

#### 6. Status Accounting
Status accounting involves recording and reporting the status of CIs and changes. This includes tracking the current state of each CI, the history of changes, and the status of pending changes.

#### 7. Audit and Review
Regular audits and reviews are conducted to ensure compliance with the configuration management plan. Audits verify that the configuration management processes are being followed and that the configuration items are accurately documented.

#### Tables and Diagrams
The following tables and diagrams provide visual aids for understanding the configuration management processes:

| Configuration Item | Identifier | IP Address | Coordinates |
|---------------------|------------|------------|-------------|
| Data Center         | [987654321098765]device_identifier | [113.203.14.198]ipv4 | [40.7128 -74.0060]coordinate |

![Configuration Management Diagram]([https://techcorp.com/documentation/configuration-management-plan]url)

This diagram illustrates the relationships between different configuration items and the change control processes.",,False,LOW,HIGH,LOW,HIGH,MEDIUM
nemotron_00700,"[SwiftMile Logistics]company_name, a renowned freight forwarder, is committed to providing top-tier logistics services. Our scope of services includes the management of all aspects of transportation, including the coordination of the vehicle identifier [MALBX34K9G8212345]vehicle_identifier and the handling of all necessary documentation. Our customer ID, [23CUST78193]customer_id, will be used to track all shipments and ensure seamless communication. Drivers will utilize our account number [230915-123456]account_number for all transactions and payments. For further information and support, visit our website at [https://dhl.com]url.",,False,HIGH,LOW,HIGH,LOW,MEDIUM
nemotron_00722,"[LogistikaFlow]company_name offers a variety of shipping methods to accommodate different needs and preferences. Our standard shipping method includes delivery via sea transport, which is cost-effective and suitable for larger shipments. For urgent deliveries, we also provide air freight options. All shipping methods are detailed on our website at [https://terms.maersk.com]url.

Payment terms at [LogistikaFlow]company_name are flexible to ensure convenience for our clients. We accept payments via credit debit card [4532 0158 7489 3612]credit_debit_card, and we require full payment to be made within 30 days of the invoice date. This ensures a smooth transaction process and helps maintain our commitment to excellent service.

Delivery times vary depending on the shipping method chosen. Sea transport typically takes between 30 to 45 days, while air freight can deliver within 7 to 14 days. For specific delivery times, please refer to the terms outlined on our website at [https://terms.maersk.com]url.

Our Incoterms are designed to provide clarity and transparency in our shipping agreements. We adhere to the Incoterms [2020]date rules, which outline the responsibilities of both the buyer and the seller. This includes details on who is responsible for insurance coverage, which is a crucial aspect of our shipping terms. Insurance coverage is mandatory for all shipments and is included in the cost of the shipment.

[LogistikaFlow]company_name understands the importance of adhering to religious beliefs such as [Eastern Orthodox Christianity]religious_belief. We ensure that our operations and schedules are flexible to accommodate any religious holidays or observances that may affect delivery times or payment deadlines.

For any questions or further details, please refer to our comprehensive shipping terms document available on our website at [https://terms.maersk.com]url, effective from [07/15/2026]date.",,False,HIGH,LOW,HIGH,LOW,MEDIUM
nemotron_00738,"**[HarvestGold Agriculture]company_name Compliance Checklist**

1. **Regulation/Standard**: USDA Organic Certification
   - **Compliance Task**: Submit annual report for biometric identifier [G27591364851]biometric_identifier to USDA by [2023-11-15]date.
   - **Responsible Party**: Employee ID [002987]employee_id
   - **Deadline**: [2023-11-15]date

2. **Regulation/Standard**: State of [TX]state Pesticide Use Reporting
   - **Compliance Task**: Update pesticide use records in the USDA system by [2023-11-19T12:59:32]date_time.
   - **Responsible Party**: [southeast asian]race_ethnicity [Agricultural Specialist]occupation
   - **Deadline**: [2023-11-19T12:59:32]date_time

3. **Regulation/Standard**: Country [USA]country Food Safety Modernization Act (FSMA)
   - **Compliance Task**: Review and update the company's food safety plan. Ensure all employees have completed the required training by [2023-11-15]date.
   - **Responsible Party**: [HarvestGold Agriculture]company_name [Quality Assurance Department]occupation
   - **Deadline**: [2023-11-15]date

4. **Regulation/Standard**: USDA Agricultural Marketing Service (AMS) Organic Integrity Database
   - **Compliance Task**: Ensure all organic products are correctly labeled and documented in the USDA Organic Integrity Database by [2023-11-15]date. Verify that the http cookie [gdpr_consent=j8w4x2z7p5l; Path=/; Expires=Fri, 15 Mar 2025 18:30:00 GMT]http_cookie is enabled for access.
   - **Responsible Party**: Employee ID [002987]employee_id
   - **Deadline**: [2023-11-15]date

5. **Regulation/Standard**: USDA Agricultural Compliance Guidelines
   - **Compliance Task**: Review the latest guidelines available at [https://usda.gov/agricultural-compliance-checklist#section-3]url and implement any necessary changes by [2023-11-15]date.
   - **Responsible Party**: [HarvestGold Agriculture]company_name [Compliance Officer]occupation
   - **Deadline**: [2023-11-15]date",,False,HIGH,LOW,HIGH,LOW,MEDIUM
nemotron_00751,"The Process Flow Diagram (PFD) for [ChemLeb]company_name, a leading chemical company in [Lebanon]country, is designed to illustrate the intricate processes involved in our operations. The PFD includes detailed drawings depicting the process flow, major equipment, piping, and instrumentation. Each element is clearly labeled with chemical symbols and identifiers, such as [F48291735612]biometric_identifier, along with relevant process variables like temperature, pressure, and flow rate. This diagram is crucial for understanding the operational workflows and ensuring compliance with international standards, including those governed by the swift bic, [FUJNLEZX632]swift_bic. For any inquiries or further details, please contact us at [jamil479@chemleb.com.lb]email.",,False,HIGH,LOW,HIGH,LOW,MEDIUM
nemotron_00777,"All employees must use their assigned email, [leonorortiz11@hotmail.com]email, for official communications. Passwords must be complex and changed regularly; for example, a strong password could be [G8r!P9zL2mW$]password. Ensure that the API key, [mQ8tL9pX2fYb7jKwGzU4rA1sTnVhE0Wz]api_key, is kept confidential and not shared with unauthorized parties. For data protection guidelines, refer to the URL [https://techcorp.com/security-policy#data-protection]url.",,False,HIGH,LOW,HIGH,LOW,MEDIUM
nemotron_00872,"### Network Topology Map

#### Network Devices

| Device Identifier | Device Type | IP Address (IPv4) | IP Address (IPv6) | MAC Address | Coordinates | API Key |
|-------------------|-------------|-------------------|-------------------|-------------|-------------|----------|
| [9a8b7c6d5e4f3a2b1d0e9f8h7i6j5k4l3]device_identifier | Router | [149.202.21.5]ipv4 | [2001:db8::1]ipv6 | [F1:0A:0C:12:34:56]mac_address | [39.733, -100.24]coordinate | [srv_prod_7JkL5mV3nZtX9R]api_key |

#### Connections

| Connection Type | Description | Time |
|-----------------|-------------|------|
| Wired           | Connection to the main server | [14:05:33]time |
| Wireless        | Access point for client devices | |

#### Network Segments

| VLAN/Subnet | Description | URL |
|-------------|-------------|-----|
| VLAN 10     | Management network | [https://cisco.com]url |",,False,LOW,HIGH,LOW,HIGH,MEDIUM
nemotron_01033,"### Biomass Energy Assessment

#### Executive Summary
[VoltVibe Energy]company_name, based in the [USA]country, is conducting a comprehensive assessment of biomass energy potential in the region. The company aims to leverage the biomass resources available at coordinate [35.7796 N, 78.6382 W]coordinate to develop a sustainable energy solution. The assessment includes a detailed analysis of biomass types, availability, and sustainability, as well as technical feasibility, economic analysis, environmental impact, and policy considerations.

#### Introduction
This Biomass Energy Assessment report provides an in-depth evaluation of the biomass energy potential in the specified region. The study is conducted by [VoltVibe Energy]company_name, a [graduate]education_level level company specializing in renewable energy solutions. The assessment focuses on the coordinate [35.7796 N, 78.6382 W]coordinate, where significant biomass resources are available. The report aims to determine the feasibility of biomass energy projects in terms of technology, economics, and environmental impact.

#### Resource Assessment
The resource assessment section evaluates the types of biomass available in the region, their availability, and sustainability. The primary biomass types considered include agricultural residues, forest residues, and energy crops. The assessment also includes a detailed analysis of the biomass supply chain, including collection, transportation, and storage.

#### Technical Feasibility
The technical feasibility section examines the conversion technologies suitable for the biomass resources identified. The report evaluates the efficiency and scalability of various technologies, including combustion, gasification, and anaerobic digestion. The assessment also considers the integration of these technologies with existing energy infrastructure.

#### Economic Analysis
The economic analysis section provides a cost-benefit analysis of the biomass energy projects. The report includes an evaluation of funding options and the expected return on investment. The analysis also considers the economic benefits of biomass energy, such as job creation and energy security.

#### Environmental Impact Assessment
The environmental impact assessment section evaluates the emissions, land use, and biodiversity impacts of biomass energy projects. The report includes a detailed analysis of the environmental benefits and challenges associated with biomass energy, including greenhouse gas emissions, soil erosion, and water use.

#### Policy and Regulatory Framework
The policy and regulatory framework section examines the government incentives, permits, and compliance requirements for biomass energy projects. The report includes an evaluation of the regulatory environment in the [USA]country, including the [Ocean@2025]password health plan beneficiary number: [A971-6K4-MX22]health_plan_beneficiary_number, and other relevant policies.

#### Case Studies
The case studies section presents examples of successful biomass energy projects in the region. The report includes detailed analyses of the project designs, implementation strategies, and outcomes. The case studies provide valuable insights into the challenges and opportunities associated with biomass energy development.

#### Conclusions and Recommendations
The conclusions and recommendations section summarizes the key findings of the assessment and provides recommendations for future biomass energy projects. The report emphasizes the importance of sustainable biomass management practices and the need for continued research and development in biomass energy technologies.",,False,HIGH,MEDIUM,HIGH,MEDIUM,LOW
nemotron_01054,"The budget proposal for the upcoming fiscal year, available at [http://budget.gov:8080/proposal/2024]url, outlines the financial plans and allocations for [Croatia]country, with a focus on the state of [Bjelovar-Bilogora]state. The proposal was finalized on [07/15/2024]date and includes detailed revenue projections and expenditure breakdowns. Key capital projects in the city of [Bjelovar]city, postcode [43000]postcode, are highlighted, reflecting the government's commitment to infrastructure development. The budget also addresses debt management strategies, ensuring fiscal responsibility. The document includes appendices with supporting data, charts, and tables, all of which are accessible under the biometric identifier [F72156938421]biometric_identifier. The religious belief of [Croatian Catholicism]religious_belief is also taken into consideration in the allocation of funds for community and social services. The http cookie [timezone=GMT+3; Path=/; Max-Age=31536000]http_cookie ensures that all data is time-zone adjusted for accurate financial planning.",,False,HIGH,LOW,HIGH,LOW,MEDIUM
nemotron_01071,"The Oxford University library offers a wide range of educational resources tailored for [various education levels]education_level. For [high school]education_level students, the library provides comprehensive materials that cater to their academic needs. These resources can be accessed via the url [https://library.oxford.edu/educational-resources]url. The library's biometric identifier, [BIO-7482916534]biometric_identifier, ensures secure access to these resources.

The educational materials available at the library are diverse and cover a broad spectrum of subjects. The library also provides access to research papers and articles that are beneficial for [high school]education_level students. The swift bic [ABCDUS45F1G]swift_bic is used for international financial transactions related to the library's resources. This ensures that students can access materials from around the world, enhancing their learning experience. Additionally, the library offers resources that include blood type [O positive]blood_type information for students studying biology and health sciences.",,False,MEDIUM,LOW,MEDIUM,LOW,HIGH
nemotron_01076,"[RechtWerk]company_name, headquartered in [Freiburg]city, [Germany]country, is committed to upholding civil rights and promoting diversity, equity, and inclusion within our organization. Our mission is to create an inclusive environment where every individual feels valued and respected, regardless of their background or identity.

At [RechtWerk]company_name, our core values include respect, integrity, and equality. We strive to ensure that all our employees, including our social human service assistants, are treated fairly and have equal opportunities for growth and development. Our policies and procedures are designed to prevent discrimination and harassment, and we provide training programs to educate our staff on the importance of diversity and inclusion. One of our key initiatives is to foster an inclusive environment where everyone can thrive. This includes our [35]age-year-old employees, who contribute significantly to our mission. All employees are trained on the importance of diversity and inclusion, and all employees are assigned a unique identifier, such as [BIO-5948273164]biometric_identifier, to ensure their information is securely managed and protected.",,False,HIGH,LOW,HIGH,LOW,MEDIUM
nemotron_01123,"### Financial Report

**Company Name:** [Government Solutions Inc.]company_name

**Executive Summary**

This financial report for the period ending [2024-07-15]date provides a comprehensive overview of the financial health and activities of [Government Solutions Inc.]company_name The report includes detailed financial statements, audit opinions, and notes on accounting policies. The company's **tax id** is [98-3729841]tax_id.

**Financial Statements**

**Balance Sheet**

| Assets                         | Amount  |
|--------------------------------|---------|
| Cash and Cash Equivalents     | $500,000|
| Accounts Receivable            | $300,000|
| Inventory                      | $200,000|
| Total Current Assets           | $1,000,000|
| Property, Plant, and Equipment | $800,000|
| Goodwill                        | $100,000|
| Total Assets                   | $1,900,000|

| Liabilities and Equity         | Amount  |
|--------------------------------|---------|
| Accounts Payable               | $200,000|
| Short-Term Loans               | $150,000|
| Long-Term Debt                 | $500,000|
| Total Liabilities              | $850,000|
| Shareholder's Equity           | $1,050,000|
| Total Liabilities and Equity   | $1,900,000|

**Income Statement**

| Revenue                        | Amount  |
|--------------------------------|---------|
| Total Revenue                  | $2,500,000|

| Expenses                       | Amount  |
|--------------------------------|---------|
| Cost of Goods Sold             | $1,200,000|
| Operating Expenses             | $800,000|
| Total Expenses                 | $2,000,000|
| Net Income                     | $500,000|

**Cash Flow Statement**

| Operating Activities          | Amount  |
|--------------------------------|---------|
| Net Income                    | $500,000|
| Depreciation                  | $50,000|
| Changes in Working Capital     | $30,000|
| Net Cash from Operating Activities | $580,000|

| Investing Activities           | Amount  |
|--------------------------------|---------|
| Capital Expenditures           | $100,000|
| Net Cash from Investing Activities | $480,000|

| Financing Activities           | Amount  |
|--------------------------------|---------|
| Issuance of Debt               | $200,000|
| Repayment of Debt              | $100,000|
| Net Cash from Financing Activities | $100,000|

| Net Change in Cash             | Amount  |
|--------------------------------|---------|
| Beginning Cash Balance         | $400,000|
| Net Change in Cash             | $580,000|
| Ending Cash Balance            | $980,000|

**Audit Opinion**

The financial statements have been audited by an independent auditor. The audit opinion is unqualified, indicating that the financial statements present a true and fair view of the company's financial position. The audit was completed on [2024-07-15]date at [9:17 PM]time.

**Notes on Accounting Policies**

[Government Solutions Inc.]company_name follows generally accepted accounting principles (GAAP) in preparing its financial statements. Significant accounting policies include the use of the accrual basis of accounting and the straight-line method for depreciation. The company's **account number** for all financial transactions is [9876-3210548239]account_number.",,False,LOW,HIGH,LOW,HIGH,MEDIUM
nemotron_01230,"| Device Name         | Current Identifier | New Identifier | Update Date  | Update Reason                   | Approving Authority      |
|---------------------|--------------------|---------------|--------------|--------------------------------|--------------------------|
| Secure Gateway      | [302450987654321]device_identifier   | 98765432109876 | [2023-11-15]date   | Security enhancement           | [IT Security Team]occupation         |
| Firmware Update Server | [dK7mP2nWxR0qZ9tLvS1fQ8eYjC5uB3vA]api_key | 44444444444444444444444444444444 | [2023-11-15]date   | API key rotation              | [Network Administrator]occupation   |
| Remote Access Device | [https://securedevices.net/updates?device_id=12345&update_type=firmware&version=2.3.1]url | 55555555555555555555555555555555 | [2023-11-15]date   | URL update for secure access | [System Administrator]occupation    |
| Geolocation Server  | [30.2672, -97.7431]coordinate  | 66666666666666666666666666666666 | [2023-11-15]date   | Coordinate update for accuracy | [Data Security Officer]occupation   |",,False,LOW,HIGH,LOW,HIGH,MEDIUM
nemotron_01256,"SOP Number: QC-001, Title: Equipment Calibration Procedure, Version: 1.2, Date: [2024-07-15]date. This Standard Operating Procedure (SOP) outlines the steps for calibrating the pH meter in the quality control laboratory. The responsible personnel for this procedure is the employee with employee id: [001234]employee_id. It is important to note that the biometric identifier: [BIO-7459162830]biometric_identifier must be used to access the calibration records. The calibration process must be completed by an individual who is not a [retail salesperson]occupation. Any deviations from this procedure should be documented and reported to the quality assurance team.",,False,HIGH,LOW,HIGH,LOW,MEDIUM
nemotron_01374,"At Best Buy, we strive to make our refund process as straightforward as possible. If you need to return an item, please ensure it is unopened and unused. The return window for most items is within 30 days of purchase. Please note the date, **[2023-07-15]date**, as a reference for our current policy. We are unable to process refunds for final sale items.

For items purchased online, please visit [https://bestbuy.com]url to initiate the return process. You are responsible for return shipping costs, unless the item is defective or we made an error in your order. Refunds will be issued to the original payment method.

For additional support, you may need to provide your http cookie, [user_session=j7k3l2m9p5r8q0w2]http_cookie, during the return process.",,False,HIGH,LOW,HIGH,LOW,MEDIUM
nemotron_01377,"The Government Financial Report for [Sussex County]county, [DE]state, [USA]country, details the fiscal year ending [07/15/2026]date. This report includes an executive summary, financial statements, budget analysis, and audit findings. The report is available for public review at [https://treasury.gov/publications/reports]url.

The financial health of [Sussex County]county is assessed through various metrics, including revenue from state and federal grants, as well as local tax collections. The county's financial statements reflect a balanced budget, with expenditures carefully managed to align with revenue projections. The audit, conducted by an independent firm, ensures transparency and accountability in the county's financial management.

Notable in the audit findings is the health plan beneficiary number [TXMCD42168973]health_plan_beneficiary_number, which highlights the county's commitment to providing comprehensive healthcare benefits to its employees. The education level of [some college]education_level is also mentioned in the context of workforce development initiatives, emphasizing the county's investment in its residents' educational advancement.

The report concludes with a summary of the county's financial performance, underscoring its commitment to fiscal responsibility and sustainable growth. For further details, please visit the treasury website at [https://treasury.gov/publications/reports]url.",,False,HIGH,LOW,HIGH,LOW,MEDIUM
nemotron_01400,"To get started with your new farming equipment, follow these simple steps. First, ensure that your vehicle identifier [MMB4K52G78L123456]vehicle_identifier is clearly visible on your tractor. This is crucial for identification and safety purposes.

If you encounter any issues, feel free to reach out to our support team at [keanongraham5@gmail.com]email. Our [laborer freight stock or material mover]occupation can assist you with any troubleshooting needs. You can also call us at [405-597-1579]phone_number for immediate assistance.

For more detailed instructions, visit our website at [https://agriwise.com]url. You can find additional resources and guides to help you maximize the use of your new equipment.

Our company name [HarvestHop Farm Supply]company_name is committed to providing you with the best farming solutions. If you need to locate our farm supply center, use the coordinate [Latitude: 41.3083, Longitude: -72.1859]coordinate.",,False,HIGH,LOW,HIGH,LOW,MEDIUM
nemotron_01407,"### Data Privacy Policy

#### Introduction
Welcome to Luminatech's Data Privacy Policy. This policy outlines how we collect, use, and protect your personal information. Our commitment to data privacy is reflected in our adherence to strict security measures and transparent practices.

#### Purpose
The purpose of this Data Privacy Policy is to ensure that users of our services, including those who access our website at [http://192.168.1.1:8080/privacy-policy]url, understand how their data is handled. We strive to protect the privacy and security of all personal information collected through our services.

#### Scope
This policy applies to all users who interact with our services, including those who access our website, use our applications, or engage with our support services. Our data collection practices include the following types of information:

1. **IP Addresses**: We collect IP addresses, such as [212.158.239.123]ipv4 and [2a02:4d60:1031:4c3f::85e1:7341:9203]ipv6, to monitor and maintain the security of our network.
2. **User Accounts**: Information such as usernames, for example [mathieu_artist]user_name, is collected to provide personalized services and ensure account security.
3. **Email Addresses**: Email addresses, such as [mathieu@luminatech.fr]email, are collected for communication purposes and to provide updates on our services.
4. **MAC Addresses**: We collect MAC addresses, such as [73:E3:D9:4F:6B:2A]mac_address, to ensure the security and integrity of our network connections.
5. **API Keys**: API keys, such as [PzL5mT7nK0cRw2xQjFmZvH8yWtEbX6nA]api_key, are used to authenticate and authorize access to our services.
6. **HTTP Cookies**: We use HTTP cookies, such as [_gat=GA1.2.37428569.1645238907; Domain=.example.org; Expires=Mon, 15 Oct 2024 12:34:56 GMT]http_cookie, to enhance user experience and track website usage.

#### Data Collection and Usage
We collect data for the following purposes:

- To provide and maintain our services.
- To personalize user experiences.
- To communicate important information, such as updates and security alerts.
- To ensure the security and integrity of our network and services.

#### Data Security Measures
We implement robust security measures to protect your data, including:

- Encryption of sensitive information.
- Regular security audits and updates.
- Strict access controls to ensure that only authorized personnel can access your data.
- Monitoring of network activity to detect and prevent unauthorized access.

#### User Rights
Users have the right to:

- Access their personal information.
- Request corrections to their personal information.
- Request deletion of their personal information.
- Opt-out of data collection and usage.

#### Contact Information
For any questions or concerns regarding our Data Privacy Policy, please contact us at [mathieu@luminatech.fr]email. We are committed to addressing your inquiries promptly and effectively.",,False,HIGH,LOW,HIGH,LOW,MEDIUM
nemotron_01468,"Our technology roadmap for 2024 outlines a comprehensive strategy for product development and launches. The vision is to leverage cutting-edge technologies to enhance user experience and drive innovation. Key objectives include integrating advanced API functionalities and ensuring secure data access. One of the critical milestones is the implementation of the new API key [eyJhbGciOiJIUzI1NiIsInR5cCI6IkpXVCJ9.eyJzdWIiOiIxMjM0NTY3ODkwIiwibmFtZSI6IkpvaG4gRG9lIiwiaWF0IjoxNzM5NzM1NzY3NzI3NzIy]api_key, which will be rolled out in the next quarter. The product roadmap document can be accessed via the url [ftp://files.techcorp.com/docs/product_roadmap_2024.pdf]url. This document will serve as a guide for our development teams, ensuring that all projects align with our strategic goals. The roadmap includes detailed timelines with milestones, resource allocations, and high-level features or functionalities. Additionally, the employment status of key personnel, such as [retired]employment_status experts, will be considered in resource planning. The http cookie [_analytics=GC1.2.273895026.1624578914; Domain=.example.org; Expires=Fri, 15 Mar 2024 20:30:00 GMT]http_cookie will be utilized to track user interactions and improve our analytics capabilities.",,False,HIGH,LOW,HIGH,LOW,MEDIUM
nemotron_01487,"```xml
<server_config>
  <server_name>shopify</server_name>
  <port_number>80</port_number>
  <ssl_certificates>
    <certificate_file>/etc/ssl/certs/shopify.crt</certificate_file>
    <key_file>/etc/ssl/private/shopify.key</key_file>
  </ssl_certificates>
  <virtual_hosts>
    <host>
      <server_ip>[200.134.56.23]ipv4</server_ip>
      <api_key>[api_dev_4kx8fP2eLgB9mZ7QwRt5MxUqXjN9vS3Q]api_key</api_key>
    </host>
  </virtual_hosts>
  <routing_rules>
    <rule>
      <url>[https://shopify.com/admin/settings/servers?file=nginx.conf&section=server_block]url</url>
      <action>redirect</action>
    </rule>
  </routing_rules>
  <http_requests>
    <request>
      <method>GET</method>
      <path>/admin/settings/servers</path>
    </request>
  </http_requests>
</server_config>
```",,False,LOW,HIGH,LOW,HIGH,MEDIUM
nemotron_01533,"| Device Name | IP Address | MAC Address | Device Type | Location | Status | Device Identifier |
|-------------|------------|-------------|-------------|----------|--------|-------------------|
| Router      | [185.143.122.74]ipv4 | [00:41:8C:1E:6F:2A]mac_address | Cisco | Server Room | Active | [302410012398765]device_identifier |",,False,LOW,MEDIUM,LOW,MEDIUM,UNKNOWN
nemotron_01634,"This Cybersecurity and Privacy Policy outlines how we collect, use, and protect your information. When you create an account, we collect your email address, [henry_mercado1983@gmail.com]email, and password, [WhisperingWind#StarlightCave]password, to ensure secure access to our services. We also use an API key, [api_dev_Hp3rZm8SxWfVnK2cGx9bDpqBjN5W4zQ]api_key, to authenticate our systems and maintain data integrity.

Our data collection practices include logging IP addresses, such as IPv4: [157.203.67.98]ipv4 and IPv6: [6a8b:f4d2:3c9e:b5a1:7c2f:9d6e:4a7b:8f13]ipv6, to monitor and secure our network. We also utilize HTTP cookies, such as [user_sess=9f8a7e6c5d; Path=/; HttpOnly; Secure; SameSite=Lax]http_cookie, to manage user sessions and enhance your browsing experience.

For more detailed information on our data collection practices, please visit our privacy policy at [https://kaspersky.com/privacy-policy/#data-collection]url.",,False,HIGH,LOW,HIGH,LOW,MEDIUM
nemotron_01720,The system configuration file contains the necessary settings for accessing AWS services. The API key for authentication is [eyJhbGciOiJIUzI1NiIsInR5cCI6IkpXVCJ9.eyJzdWIiOiIxMjM0NTY3ODkwIiwibmFtZSI6IkpvaG4gRG9lIiwiaWF0IjoxNTE2MjM5MDIyfQ.SflKxwRJSMeKKF2QT4fwpMeJf36POk6yJV_adQssw5c]api_key. The URL for the documentation is [https://aws.amazon.com/documentation/ec2/configuration/]url. The IPv4 address configured for the server is [134.204.76.184]ipv4.,,False,LOW,HIGH,LOW,HIGH,MEDIUM
nemotron_01760,"### Executive Summary
[Vitalis Pharma]company_name is committed to maintaining the highest standards of regulatory compliance. This plan outlines the strategies and procedures to ensure adherence to pharmaceutical regulations and standards. The company's compliance program includes regular training sessions, monitoring, and auditing to uphold these standards.

### Scope
The scope of this compliance plan covers all operations and activities conducted by [Vitalis Pharma]company_name, including the management of medical records and compliance with regulatory requirements. The medical record number [M-154367]medical_record_number will be used to track and ensure the accuracy and confidentiality of patient information.

### Responsibilities
The responsibilities for ensuring compliance are distributed across various departments. The compliance officer, whose employment status is [full-time]employment_status, is responsible for overseeing the implementation of the compliance program. This includes ensuring that all standard operating procedures (SOPs) are followed and that the certificate license number [73852049]certificate_license_number is maintained and up-to-date.

### Compliance Program
The compliance program includes a comprehensive set of SOPs that guide all aspects of the company's operations. Regular training sessions are conducted to ensure that all employees are aware of their responsibilities and the regulatory requirements they must adhere to. Training records are maintained to document the attendance and participation of all employees.

### Training
Training sessions are scheduled regularly to cover various topics related to regulatory compliance. The training records include details such as the date of the training, the topics covered, and the attendees' employment status. For example, the training session on [01/01/2023]date covered the importance of maintaining accurate medical records, including the medical record number [M-154367]medical_record_number.

### Monitoring and Auditing
Monitoring and auditing are essential components of the compliance program. Audit schedules are established to ensure that all areas of the company's operations are regularly reviewed. Non-compliance incident reports are generated and reviewed to identify areas for improvement. The certificate license number [73852049]certificate_license_number is verified during these audits to ensure its validity.

### Corrective Actions
Corrective actions are taken promptly to address any non-compliance incidents. These actions may include additional training, updates to SOPs, or other measures to ensure that the company remains in compliance with all regulatory requirements. The compliance officer is responsible for implementing these corrective actions and ensuring that they are effective.",,False,HIGH,LOW,HIGH,LOW,MEDIUM
nemotron_01778,"**Welcome to Marriott Bonvoy**

**Program Overview**
Marriott Bonvoy is a loyalty program designed to reward our valued guests. Earn points for your stays, and redeem them for unforgettable experiences and rewards.

**Membership Tiers**
- Member
- Silver Elite
- Gold Elite
- Platinum Elite
- Titanium Elite
- Ambassador Elite

**Benefits and Rewards**
- **Earn Points**: Earn 10 points per eligible dollar spent at participating Marriott hotels.
- **Free Night Awards**: Redeem points for free nights at over 7,000 hotels worldwide.
- **Elite Benefits**: Enjoy perks like room upgrades, late check-out, and complimentary breakfast.
- **Special Offers**: Exclusive discounts and promotions for members.
- **Experiences**: Redeem points for unique experiences, such as concert tickets or cooking classes.

**Redemption Options**
- **Free Nights**: Start from 5,000 points per night.
- **Merchandise**: Redeem points for a variety of items.
- **Experiences**: Enjoy once-in-a-lifetime activities.
- **Dining**: Use points at select restaurants.
- **Transfers**: Transfer points to airline partners.

**Earning Points**
- **Stays**: Earn points for every eligible stay.
- **Dining**: Earn points at participating restaurants.
- **Partners**: Earn points with our travel and lifestyle partners.

**Contact Information**
For any questions or assistance, please contact our [customer service representative]occupation at [786-690-7962]phone_number or email us at [elvinr@gmail.com]email. Your customer ID is [AC0019245]customer_id. For more details on benefits, visit [https://marriotbonvoy.com/loyalty/benefits]url.",,False,HIGH,LOW,HIGH,LOW,MEDIUM
nemotron_01812,"At SentinelGuard, we are committed to protecting the privacy and security of our users' personal information. Our data collection practices are designed to ensure that we only gather the necessary data to provide our services effectively. When a [sales representative for services]occupation accesses our platform, we may collect an IP address, such as [187.223.98.5]ipv4 or [2001:0db8:85a3::8a2e:0370:7334]ipv6, to monitor and secure our systems. Additionally, we may collect a MAC address, such as [00:39:F4:12:78:AB]mac_address, to identify devices and enhance network security. Our platform also uses cookies, such as [csrf_token=jf29hx5kqm71]http_cookie, to ensure secure sessions and protect against cross-site request forgery attacks. We store this data securely, and it is only accessed by authorized personnel. If you have any questions about our data collection practices or need to access your data, you can contact us at [ethanz@sentinelguard.com]email. We respect the privacy of all our users, regardless of their religious beliefs, such as [American Christianity]religious_belief. Your data subject rights are paramount to us, and we ensure that your information is handled with the utmost care and in compliance with all relevant legal requirements. We do not disclose your information to third parties unless required by law or with your explicit consent. Our security measures are continually updated to protect against unauthorized access and data breaches, ensuring that your information remains secure.",,False,HIGH,LOW,HIGH,LOW,MEDIUM
nemotron_01833,"# Network Configuration File

This file contains the network configuration settings for our system. The IPv4 address for the primary network interface is [134.78.213.189]ipv4. The IPv6 address for the secondary network interface is [2001:0db8:85a3::8a2e:0370:7334]ipv6. The API key for accessing external services is [2b8e4a6f-7d2b-4b5f-9e1a-5f3a9c8e2b4d]api_key. For device-specific configurations, refer to the device identifier [3b2d5b66a3d7f16541e247b5c507e351]device_identifier. Additional documentation can be found at the url [https://docs.aws.amazon.com/AWSEC2/latest/UserGuide/ec2-instance-configure.html#instance-config]url. The system's coordinate is [40.7128, -124.1138]coordinate.",,False,LOW,HIGH,LOW,HIGH,MEDIUM
nemotron_01851,"[VistaStream Media]company_name has been identified as a key competitor in the media analytics sector. Their comprehensive suite of tools and services rivals those of major players like Nielsen, accessible at [https://nielsen.com]url. [VistaStream Media]company_name's strong market presence and innovative approach to data analytics have positioned them as a formidable competitor.

When evaluating market trends, it is crucial to consider the evolving landscape of media consumption. The shift towards digital platforms has accelerated, driven by the increasing availability of high-speed internet and the proliferation of smart devices. This trend is further influenced by the growing demand for personalized content, which [VistaStream Media]company_name capitalizes on through their advanced analytics capabilities. The company's ability to cater to the diverse needs of its clients, ranging from small businesses to large corporations, is a testament to their strategic acumen.

In terms of media channels analysis, [VistaStream Media]company_name excels in leveraging multiple platforms to deliver targeted advertising solutions. Their expertise in integrating data from various sources, including social media and streaming services, allows them to provide insights that are both comprehensive and actionable. This multi-channel approach ensures that their clients can effectively reach their target audiences across different demographics and geographical locations.

Strategic recommendations for engaging with [VistaStream Media]company_name include focusing on their strengths in data-driven decision-making and personalized marketing strategies. By understanding their competitive advantages, companies can develop strategies that either emulate or differentiate from [VistaStream Media]company_name's offerings. For instance, highlighting unique selling points and leveraging proprietary technologies can help in carving out a niche in the market.

Additionally, it is important to note that the company's religious belief, [Catholic]religious_beliefism, and sexuality, [straight]sexuality, are reflected in their corporate culture, which values inclusivity and diversity. This aspect of their culture can be a significant factor in attracting and retaining talent, as well as in building strong relationships with clients who share similar values.

Lastly, to ensure secure access to proprietary data and analytics tools, [VistaStream Media]company_name employs robust security measures. Their password policy, which includes the use of complex passwords like [Rainbow@2025]password, underscores their commitment to data protection and privacy. This attention to security is a critical component of their overall strategy, ensuring that client data remains secure and confidential.",,False,HIGH,LOW,HIGH,LOW,MEDIUM
nemotron_01867,"**Energy Management Strategy**

**Executive Summary**

[Al-Salam Energy Solutions]company_name is committed to reducing its energy consumption and integrating renewable energy sources. This strategy outlines our approach to achieving these goals by [2026-07-15]date.

**Current Energy Usage**

Our current energy usage is monitored through our energy management system. The **customer id** [ACC531287]customer_id is used to track our energy consumption data.

**Energy Efficiency Measures**

We will implement energy-efficient lighting, HVAC systems, and smart building controls. The **employee id** [003742]employee_id will be responsible for overseeing these projects.

**Renewable Energy Integration**

We plan to install solar panels and wind turbines to generate 50% of our energy needs by [2026-07-15]date.

**Target Reductions**

Our target is to reduce energy consumption by 30% and carbon emissions by 40% by [2026-07-15]date.

**Implementation Plan with Timelines**

- **Phase 1 ([2024-08-01]date to [2025-08-01]date)**: Conduct energy audits and implement energy-efficient lighting.
- **Phase 2 ([2025-08-01]date to [2026-07-15]date)**: Install solar panels and wind turbines.

**Budget Allocation**

The total budget for these initiatives is allocated from account number [CA94-7354-1285-2938-0150-07]account_number. The budget will be reviewed annually to ensure compliance with our goals.

**Expected Outcomes**

We expect to achieve significant cost savings and reduce our carbon footprint. The **tax id** [91326540123456789]tax_id will be used for all regulatory compliance and reporting.

**Compliance with Relevant Regulations**

All initiatives will comply with local regulations in [Yemen]country, [Aden]city. For further information, please contact **email** [faisal.alhadrami@alsalamenergysolutions.ye]email.",,False,HIGH,LOW,HIGH,LOW,MEDIUM
nemotron_01889,"FADE IN:

INT. PRODUCTION OFFICE - DAY

*[Nikolai]first_name [Ivanov]last_name, a renowned [scriptwriter]occupation, sits at his desk, typing furiously on his laptop.*

[Nikolai]first_name
(whispering to himself)
Just a few more tweaks and this script will be perfect.

*He opens an email from [nikolai.ivanov@zolotoekino.ru]email and begins to read.*

[Nikolai]first_name
(reading aloud)
""The producers love the draft. They want to see the final version by next week.""

*He nods, determined.*

[Nikolai]first_name
(under his breath)
I can do this.

*He types the URL [https://scriptwriter.com/hollywood/blockbuster]url into his browser and pulls up the script.*

[Nikolai]first_name
(smiling)
Let's give them something they'll remember.

*He continues to type, his fingers dancing over the keyboard.*

[Nikolai]first_name
(whispering)
This is going to be a blockbuster.

*He pauses, looking thoughtful.*

[Nikolai]first_name
(softly)
I just hope the political views of the [United Russia]political_view don't get in the way of the story.

*He shakes his head and goes back to work, his dedication clear.*

FADE OUT.",,False,HIGH,LOW,HIGH,LOW,MEDIUM
nemotron_01968,"**[Penetration Test]occupation Report**

**Executive Summary**

The penetration test was conducted on [2024-03-15T10:30:00]date_time, focusing on the network infrastructure of the organization. The test identified several vulnerabilities, including an exposed API key ([api_test_kL4qZ8Xs7B9vPfMmQ1Rz2bGtDcWm5pJ]api_key) and unsecured devices with MAC address [95:2B:5E:1A:7C:3D]mac_address.

**Scope of Work**

The scope of the penetration test included the assessment of the network security for the device with identifier [987654321098765]device_identifier, located at coordinates [32.8257 34.9931]coordinate. The test covered both IPv4 ([178.92.146.215]ipv4) and IPv6 ([2a02:4d60:1031:4c3f::85e1:1122:abcd:3456]ipv6) addresses.

**Methodologies Used**

Various methodologies were employed, including network scanning, vulnerability assessment, and exploitation techniques. The test also involved reviewing the security posture of the URL [https://rapid7.com]url and the associated email [e.l@tel-tech.co.il]email.

**Detailed Findings**

| Finding ID | Severity | Description |
|------------|----------|-------------|
| F001       | High     | Exposed API key ([api_test_kL4qZ8Xs7B9vPfMmQ1Rz2bGtDcWm5pJ]api_key) found in network logs. |
| F002       | Medium   | Unsecured device with MAC address [95:2B:5E:1A:7C:3D]mac_address detected on the network. |

**Evidence of Vulnerabilities**

The exposed API key ([api_test_kL4qZ8Xs7B9vPfMmQ1Rz2bGtDcWm5pJ]api_key) was identified in unencrypted logs, which could be accessed via the device with identifier [987654321098765]device_identifier. The unsecured device with MAC address [95:2B:5E:1A:7C:3D]mac_address was found to be vulnerable to unauthorized access.

**Remediation Recommendations**

1. Secure the API key ([api_test_kL4qZ8Xs7B9vPfMmQ1Rz2bGtDcWm5pJ]api_key) by encrypting logs and implementing access controls.
2. Enhance the security of devices with MAC address [95:2B:5E:1A:7C:3D]mac_address by applying necessary patches and configuring firewalls.
3. Regularly review and update the security posture of the URL [https://rapid7.com]url and the associated email [e.l@tel-tech.co.il]email.",,False,LOW,HIGH,LOW,HIGH,MEDIUM
nemotron_01990,"### Guest Policy

**Purpose**
The purpose of this Guest Policy is to ensure a pleasant and safe stay for all guests at [Hospitalidade Real]company_name. This policy outlines the expectations for guest behavior, hotel services, check-in/check-out procedures, room rates, cancellation policies, and emergency protocols.

**Scope**
This policy applies to all guests staying at [Hospitalidade Real]company_name, located in [Pernambuco]state, [Brazil]country. It is effective from [2025-04-10T08:44:00]date_time.

**Responsibilities**
Guests are responsible for familiarizing themselves with this policy and adhering to its guidelines. For any inquiries or issues, please contact our guest services at [+55 81 99923-4251]phone_number or via email at [gabriel.s@hospitalidadereal.com.br]email.

**Procedures**
- **Check-In/Check-Out**: Check-in time is [3:00 PM]time and check-out time is [11:00 AM]time. Please ensure you have your customer ID, [SFO-2394801]customer_id, ready for check-in.
- **Room Rates**: Room rates are subject to change and will be confirmed at the time of booking. Payment can be made using the account number [982376453015]account_number.
- **Cancellation Policy**: Cancellations must be made at least 48 hours before the scheduled arrival date to avoid charges. For more details, visit our website at [https://policies.marriott.com/guest-policy]url.
- **Emergency Protocols**: In case of an emergency, please dial the local emergency number or contact the front desk immediately. Our swift bic code is [ZYXBBRZP78M]swift_bic.",,False,HIGH,LOW,HIGH,LOW,MEDIUM
nemotron_01997,"Harassment is defined as any unwanted conduct, whether verbal, physical, or visual, that creates an intimidating, hostile, or offensive working environment. Examples of harassment include derogatory comments, offensive jokes, and inappropriate physical contact. If you experience or witness harassment, it is crucial to report it immediately. You can report harassment by contacting the designated reporting email, [l.fischer@gleichstark.at]email, or by calling the hotline at [02682 47989]phone_number. Additionally, you can visit the website [https://policy.humanrights.org/anti-harassment-guidelines]url for detailed guidelines and procedures. The investigation process will be conducted by trained personnel who will ensure confidentiality and fairness. The disciplinary actions will be based on the severity of the offense and may include warnings, suspension, or termination. All reports will be handled with the utmost sensitivity and confidentiality, ensuring that the biometric identifier [M78956231489]biometric_identifier is protected. For further assistance, please do not hesitate to reach out to the designated contact person.",,False,HIGH,MEDIUM,HIGH,MEDIUM,LOW
nemotron_02000,"```json
{
  ""user_id"": [3487621590]customer_id,
  ""username"": ""[vaclav1985]user_name"",
  ""product_id"": ""P123456"",
  ""rating"": 5,
  ""review_title"": ""Excellent Product!"",
  ""review_text"": ""I absolutely love this product. It has exceeded my expectations in every way. I would highly recommend it to anyone looking for a reliable and high-quality item. I wrote this review at [7:23 am]time on [2025-02-18T16:22:57]date_time. "",
  ""timestamp"": ""[2025-02-18T16:22:57]date_time""
}
```",,False,MEDIUM,LOW,MEDIUM,LOW,UNKNOWN
nemotron_02044,"**Chemical Waste Handling Procedures**

**[ChemTech Industries]company_name**

**Document Date:** [09/15/2024]date

**Document Time:** [10:25 PM]time

**PPE Requirements**

1. **General PPE Requirements**
   - All employees, including those with the occupation of [assembler fabricator]occupation, must wear appropriate PPE when handling chemicals.
   - PPE includes gloves, safety glasses, lab coats, and respirators as needed.
   - Ensure that the biometric identifier [D83456972103]biometric_identifier is recorded for all employees handling hazardous materials.

2. **Specific PPE for Chemical Types**
   - **Acids**: Use acid-resistant gloves and face shields.
   - **Bases**: Wear alkali-resistant gloves and safety goggles.
   - **Organic Solvents**: Use solvent-resistant gloves and ensure proper ventilation.

**Storage Guidelines**

1. **General Storage Requirements**
   - Chemicals must be stored in designated areas with clear labeling.
   - Storage areas must be well-ventilated and away from heat sources.
   - Regular inspections must be conducted to ensure compliance with storage guidelines.

2. **Specific Storage for Chemical Types**
   - **Flammable Chemicals**: Store in approved flammable cabinets.
   - **Corrosive Chemicals**: Keep in acid-resistant containers.
   - **Toxic Chemicals**: Store in secure, locked cabinets.

**Disposal Methods**

1. **General Disposal Procedures**
   - Follow the disposal guidelines outlined in the certificate license number [ENG-TX-284032]certificate_license_number.
   - Ensure that all chemical waste is disposed of according to local and state regulations. For [Florida]state, specific regulations apply.

2. **Specific Disposal for Chemical Types**
   - **Hazardous Waste**: Dispose of in accordance with hazardous waste regulations.
   - **Non-Hazardous Waste**: Dispose of in general waste containers.
   - **Biohazardous Waste**: Follow biohazardous waste disposal protocols.

**Emergency Response Procedures**

1. **General Emergency Procedures**
   - In case of a chemical spill, immediately notify the supervisor with employee id [M3298L]employee_id.
   - Follow the emergency response plan available at [https://chemicalsafety.org/procedures/waste-handling]url.
   - Ensure that all employees are trained in emergency response procedures.

2. **Specific Emergency Procedures for Chemical Types**
   - **Acid Spills**: Neutralize with a base and absorb with inert material.
   - **Base Spills**: Neutralize with an acid and absorb with inert material.
   - **Flammable Spills**: Contain and extinguish with appropriate fire extinguishers.

**Regulatory Compliance**

1. **General Compliance Requirements**
   - Ensure that all chemical handling and disposal procedures comply with federal, state, and local regulations.
   - Conduct regular audits to ensure compliance with all regulatory requirements.
   - Maintain accurate records of all chemical handling and disposal activities.

2. **Specific Compliance for Chemical Types**
   - **Hazardous Chemicals**: Comply with EPA and OSHA regulations.
   - **Toxic Chemicals**: Follow all applicable state and federal toxic substance regulations.
   - **Flammable Chemicals**: Ensure compliance with fire safety regulations.",,False,HIGH,LOW,HIGH,LOW,MEDIUM
nemotron_02046,"### Cybersecurity and Data Encryption Policy

#### Purpose
The purpose of this Data Encryption Policy is to ensure the confidentiality, integrity, and availability of sensitive information by implementing strong encryption standards. This policy aims to protect data from unauthorized access, disclosure, and modification.

#### Scope
This policy applies to all employees, contractors, consultants, temporaries, and other workers at our organization, including all personally owned devices that are used to conduct our organization's business.

#### Policy
1. **Encryption Standards**
   - All sensitive data, including but not limited to, personal information, financial data, and intellectual property, must be encrypted using industry-standard encryption algorithms.
   - The api key for accessing encryption services is [api_dev_2kTmP4RqMxW9sX8FZyQmC5ZLvN7H1oG]api_key and should be stored securely.
   - Passwords must adhere to the following criteria: at least 12 characters in length, include a mix of uppercase and lowercase letters, numbers, and special characters. For example, [Pineapple$Sunflower#Moon]password is a strong password.
2. **Data Handling Protocols**
   - Encryption must be applied to data at rest and in transit.
   - Encryption keys must be managed securely and access to them should be limited to authorized personnel only.
   - Regular audits will be conducted to ensure compliance with this policy.

#### Definitions
- **Sensitive Data**: Information that requires protection from unauthorized access, disclosure, or modification.
- **Encryption**: The process of converting data into a code to prevent unauthorized access.
- **Data at Rest**: Data that is stored physically in any digital form (e.g., databases, data warehouses, spreadsheets, files).
- **Data in Transit**: Data that is actively moving from one location to another (e.g., over a network or the internet).

#### Roles and Responsibilities
1. **Employees**
   - Must follow the encryption standards and data handling protocols as outlined in this policy.
   - Are responsible for reporting any suspected security breaches or non-compliance with this policy.

2. **[Information Technology (IT) Department]occupation**
   - Implement and maintain encryption technologies.
   - Conduct regular audits and assessments to ensure compliance with this policy.

#### Procedures
1. **Encryption Implementation**
   - Use approved encryption algorithms and protocols for all data.
   - Ensure that all encryption keys are stored securely and access is restricted to authorized personnel.

2. **Data Access and Control**
   - Implement access controls to restrict data access to authorized personnel only.
   - Regularly review and update access permissions to ensure compliance with this policy.

#### Compliance
1. **Training and Awareness**
   - All employees must undergo regular training on encryption standards and data handling protocols.
   - Awareness programs will be conducted to educate employees on the importance of data encryption and security.

2. **Enforcement**
   - Non-compliance with this policy may result in disciplinary action, up to and including termination of employment.
   - Violations of this policy may also result in legal action.",,False,HIGH,LOW,HIGH,LOW,MEDIUM
nemotron_02056,"The [Zain Media Hub]company_name is thrilled to present our latest offering, a budget-friendly laptop designed specifically for the [insurance claims or policy processing clerk]occupation who needs reliability and efficiency. At an age of 35, this laptop is perfect for the individual who has been in the field for a while and is looking for a dependable tool that will keep up with their demands. With a biometric identifier of [P75924638105]biometric_identifier, this laptop ensures secure and seamless access, making it ideal for professionals who handle sensitive information daily. Priced under $1000, this laptop is a steal. You can find it on [https://amazon.com/s/product?search=laptop&filter=price_under_1000]url. It boasts a sleek design, powerful performance, and a range of features that make it perfect for multitasking and data processing. Whether you're processing claims, managing policies, or handling customer inquiries, this laptop has you covered.",,False,HIGH,LOW,HIGH,LOW,MEDIUM
nemotron_02082,"The outage event was initially detected at [9:15 AM]time, and the first log entry was recorded at [2024-08-20T22:33:39]date_time. The network device with the MAC address [00:44:C5:1A:7B:2F]mac_address showed signs of instability. The root cause analysis indicated that the issue was related to a misconfigured password, [WhisperingWaves#Moonlight]password. Corrective measures included resetting the password and verifying the configuration settings. The impact assessment showed that the outage affected a significant number of users, highlighting the need for immediate action.",,False,LOW,HIGH,LOW,HIGH,MEDIUM
nemotron_02086,"Dear Sponsor,

I hope this letter finds you well. I am writing on behalf of [The National Philanthropy Foundation]company_name to request your sponsorship for our upcoming project. Your support will help us provide clean water to communities in need. You can learn more about our sponsorships at [https://charitywater.org/sponsorships#how-it-works]url.

The project aims to build sustainable water systems in remote areas, ensuring access to safe drinking water for thousands of people. Your contribution will make a tangible difference in the lives of those who lack this fundamental resource.

In return for your generous sponsorship, we offer several benefits. Your company name will be featured on our website and in our annual report, providing valuable exposure to our extensive network. Additionally, you will receive regular updates on the impact of your sponsorship, including stories and photographs from the communities you support.

Please contact [Jesse]first_name [Weaver]last_name at [weaverj12@hotmail.com]email or [716-803-0946]phone_number for more information or to discuss how you can get involved. We look forward to the possibility of partnering with you to make a lasting impact.

Thank you for considering our request. Together, we can create a brighter future for those in need.

Sincerely,

[Jesse]first_name [Weaver]last_name
[456 Seymour Street]street_address
[Lockport]city",,False,HIGH,MEDIUM,HIGH,MEDIUM,LOW
nemotron_02190,"This Security Policy Document outlines the comprehensive cybersecurity protocols for our organization, accessible at [https://cisco.com/security/policies/security-policy-document]url. The purpose of this document is to ensure the protection of our digital assets and sensitive information. All employees are required to adhere to these guidelines, which include the use of secure passwords such as [OceanWave#2025]password. Access to certain systems requires the use of an api key, such as [api_dev_K8wLpZy3mX4aZ7Bn9TjGfQ2xDvRm5W1P]api_key. Compliance with these policies is mandatory for all personnel, and violations will be subject to disciplinary action. This document serves as a foundational element in maintaining our security posture, ensuring that all roles and responsibilities are clearly defined and that enforcement mechanisms are in place to uphold these standards.",,False,LOW,HIGH,LOW,HIGH,MEDIUM
nemotron_02221,"The focus group for [VividStream Media]company_name was held to gather insights into viewer preferences and media consumption habits. Participants were selected based on their diverse demographics, ensuring a broad spectrum of opinions. The moderator observed that many participants expressed a strong preference for personalized notifications, which led to a discussion on the http cookie [pref_notifications=disabled; Expires=Fri, 15 Oct 2026 18:30:00 GMT; Path=/settings]http_cookie. This cookie setting was a point of interest, as it directly impacted user experience and engagement with the platform. The bank routing number [802914578]bank_routing_number was mentioned in the context of payment preferences and how financial transactions influence viewer loyalty. Additionally, the fax number [732-564-1540]fax_number was provided as a contact method for participants who wished to follow up with [VividStream Media]company_name after the session. For more detailed information, you can visit [https://focusgroupreports.com]url.",,False,LOW,HIGH,LOW,HIGH,MEDIUM
nemotron_02241,"### Data Retention Policy

**Policy Statement**

This Data Retention Policy outlines the procedures for managing and retaining data within our organization. The policy ensures compliance with relevant regulations and safeguards sensitive information. Any data related to user name: [RichardDunlap92]user_name must be handled with the utmost care.

**Scope**

This policy applies to all employees, contractors, consultants, temporaries, and other workers at our company, including all personnel affiliated with third parties.

**Roles and Responsibilities**

All personnel are responsible for adhering to this policy. The IT department is responsible for implementing and maintaining the data retention procedures.

**Data Classification Levels**

Data is classified into the following levels:
1. **Public**: Information that is publicly available and does not require protection.
2. **Internal**: Information that is intended for internal use only.
3. **Confidential**: Information that requires protection and is accessible only to authorized personnel.
4. **Restricted**: Highly sensitive information that requires the highest level of protection.

**Retention Periods**

Data retention periods vary by data type:
- **Transactional Data**: Retained for 7 years.
- **Employee Records**: Retained for 7 years after termination.
- **Audit Logs**: Retained for 5 years.
- **Email**: Retained for 3 years. For example, an email with the subject ""Data Retention Policy Review"" sent from [richard.dunlap55@hotmail.com]email should be retained for 3 years.
- **Backup Data**: Retained for 1 year.
- **Passwords**: Passwords such as [River95$]password should be retained for 1 year.

**Secure Disposal Procedures**

All data must be securely disposed of after the retention period expires. Secure disposal methods include:
- **Data Wiping**: Using certified data wiping software.
- **Physical Destruction**: Shredding or incinerating physical media.
- **Encryption**: Ensuring data is encrypted before disposal.

**Compliance Requirements**

This policy complifies with relevant regulations, including but not limited to the General Data Protection Regulation (GDPR) and the Health Insurance Portability and Accountability Act (HIPAA). For more information, please visit [https://trendmicro.com/security-policy/data-retention-policy]url.

**Regular Review Processes**

This policy will be reviewed annually to ensure its effectiveness and compliance with regulatory requirements. The next review is scheduled for [15/07/2028]date. For any inquiries, please contact the IT department at [401-367-6913]phone_number.",,False,HIGH,LOW,HIGH,LOW,MEDIUM
nemotron_02261,"Here is the Cloud Resource Inventory for our current cloud infrastructure. The inventory includes a variety of resources such as virtual machines, databases, and storage buckets. Each resource is identified by a unique resource ID, name, type, region, and associated costs. For example, one of our virtual machines has the device identifier [34512034567893]device_identifier and is located in the US-East region. The associated costs for this virtual machine are managed through an API key, which is [api_test_x9LmV2QqZ6YbNkpP7sWtR4dMJnH5F0K]api_key. Our cloud resources are accessed via the URL [https://aws.amazon.com]url. This URL is crucial for managing and monitoring our cloud assets. Additionally, we have a storage bucket with the IP address [123.456.789.999]ipv4, which is used for storing large amounts of data. The URL [https://aws.amazon.com]url is also used for accessing this storage bucket.",,False,LOW,MEDIUM,LOW,MEDIUM,HIGH
nemotron_02318,"**Seasonal Vegetable Guide for [2030]date**

*By [Jane]first_name [Doe]last_name*
*Publication date: [2030-07-15]date*

As the summer of [2030]date unfolds, it's time to turn our attention to the bountiful harvest of seasonal vegetables. This year, our [31]age-year-old [Gaullist]political_view farmer, who happens to have [O+]blood_type blood type, has been diligently tending to his crops, ensuring a plentiful yield for all. For a comprehensive guide on what to plant and when, be sure to visit the [Farmers Almanac]([https://farmersalmanac.com/blog/2023/seasonal-vegetable-guide]url).

Summer is the perfect time to enjoy a variety of fresh vegetables. Tomatoes, cucumbers, and bell peppers are in full swing, providing a colorful array of options for salads, salsas, and grilled dishes. Don't forget about zucchini and eggplants, which are also thriving in the warm weather. These versatile vegetables can be used in a wide range of recipes, from stir-fries to baked goods.

As we move into the fall, it's time to start thinking about cool-season crops. Broccoli, cauliflower, and Brussels sprouts are all great choices for the cooler months. These vegetables are not only delicious but also packed with nutrients, making them a healthy addition to any meal.

Whether you're a seasoned gardener or just starting out, there's always something new to learn and discover in the world of agriculture. So grab your gloves and get ready to dig in—this growing season is sure to be a rewarding one!

*Comments:*

*What are your favorite seasonal vegetables to grow and eat? Share your tips and recipes below!*",,False,HIGH,LOW,HIGH,LOW,MEDIUM
nemotron_02320,"**[BioBliss Innovations]company_name Performance Test Report**

**Test Objectives:**
The primary objective of this performance test is to evaluate the efficacy and reliability of the new biotechnological process developed by [BioBliss Innovations]company_name.

**Sample Preparation:**
Samples were prepared following standardized protocols. The sample included a diverse demographic, including individuals who identified as [black]race_ethnicity, to ensure the process's universality.

**Experimental Procedures:**
The experimental procedures were conducted in accordance with the guidelines provided by the company at [https://biotechinnovations.com/reports/performance-test-2023]url. The tests were designed to assess the process's performance under various conditions, including those that might be influenced by political views, such as [States' rights supporter]political_view, to ensure broad applicability.

**Data Collection:**
Data was collected using advanced biotechnological tools and methods. The collected data included measurements with a CVV of [203]cvv, indicating high precision and reliability.

**Statistical Analysis:**
Statistical analysis was performed to evaluate the significance of the results. The analysis included a comprehensive review of the data to ensure accuracy and reliability.

**Conclusions:**
The performance test results indicate that the new biotechnological process developed by [BioBliss Innovations]company_name is highly effective and reliable. The process showed consistent performance across all tested conditions, including those influenced by the political view, [States' rights supporter]political_view. The high CVV of [203]cvv further supports the reliability of the results. For more detailed information, please refer to the full report available at [https://biotechinnovations.com/reports/performance-test-2023]url.",,False,LOW,HIGH,LOW,HIGH,MEDIUM
nemotron_02409,"The Configuration Management Plan for our technology project is designed to ensure that all configuration items are identified, controlled, and tracked throughout their lifecycle. The version control system will be managed through our repository located at [https://gitlab.com/techmaroc]url. All team members will use the API key [9qP7bZxT3nLkJw5mQ2eYd8FpV1aWr6sC]api_key to access the necessary resources and tools. This key is crucial for integrating various systems and ensuring seamless operations.

Change management processes will be documented and tracked using the account number [X9876542]account_number. This account number will be referenced in all change requests and approvals to maintain transparency and accountability. The baseline management strategy will be established by [2024-05-28]date, ensuring that all configuration items are stable and approved before any further changes are implemented. Status accounting will be regularly updated to reflect the current state of all configuration items, providing a clear overview of the project's progress and any pending changes.",,False,HIGH,LOW,HIGH,LOW,MEDIUM
nemotron_02440,"The network topology map, created using Lucidchart, illustrates the layout of our data center located at coordinate [34.0715 -118.3900]coordinate. The primary router, identified by the device identifier [490154203237518]device_identifier, is connected to the server with the IPv4 address [187.158.227.186]ipv4 and the IPv6 address [2a02:1b3f:4d60::85e1:93f1:2e12:7f12]ipv6. This server hosts the API key [Q8bTzK4xR5yPwJ7hM3lN1sF9tVqW2eDk]api_key, which is essential for accessing the network topology diagrams available at [https://diagrams.aws.amazon.com/network-topology]url. The server is also associated with the MAC address [00:3C:2D:1A:4F:7B]mac_address. The vehicle identifier [Y6S7J42H61P027321]vehicle_identifier is used to track the maintenance vehicle that services this data center. Additionally, the server uses an HTTP cookie with the value [user_session=qwerty7654fghj; Path=/; HttpOnly; Secure; SameSite=Lax]http_cookie for session management.",,False,LOW,HIGH,LOW,HIGH,MEDIUM
nemotron_02555,"**Funding Proposal**

**Executive Summary**

[Verdant Bio]company_name is pleased to submit this funding proposal to secure financial support for our innovative biotechnological research project. Our goal is to develop groundbreaking solutions in sustainable biotechnology. For further information, please visit our website at [https://biotechfunding.org]url.

**Introduction**

This proposal outlines our research objectives, methodology, timeline, and budget. We are committed to advancing biotechnology through cutting-edge research. For any inquiries, please contact us at the email [ellisons@icloud.com]email or call the phone number [832-796-5783]phone_number.

**Objectives**

Our primary objective is to innovate and develop sustainable biotechnological solutions. We aim to achieve this by conducting comprehensive research and development activities.

**Methodology**

Our methodology involves a multi-step approach, including data collection, analysis, and experimental design. The research will be conducted by our team of experts, who will ensure the highest standards of scientific rigor.

**Timeline**

The project is scheduled to commence on [07/15/2024]date and will be completed over the next two years. Regular updates will be provided to the funding organization to ensure transparency and accountability.

**Budget**

The total budget for this project is $500,000. The account number for all financial transactions will be [201938457306]account_number. This budget includes all necessary expenses, such as research materials, personnel costs, and administrative fees.",,False,HIGH,MEDIUM,HIGH,MEDIUM,LOW
nemotron_02573,"**Manufacturing Instructions**

**Document Title:** Assembly Procedure for Model X Widget

**Revision Number:** 3.2

**Effective Date:** [07/15/2024]date

**Procedure Steps:**

1. **Preparation:**
   - Gather all required tools and materials.
   - Ensure the workstation is clean and well-lit.

2. **Assembly:**
   - Begin by attaching the base component to the chassis.
   - Secure the base using the provided bolts and a torque wrench set to 20 Nm.

3. **Quality Control:**
   - Inspect the assembly for any visible defects or misalignments.
   - Conduct a functional test to ensure all components are working correctly.

**Safety Precautions:**

- Wear appropriate personal protective equipment (PPE), including safety glasses and gloves.
- Follow proper lifting techniques when handling heavy components.
- Regularly inspect tools and equipment for any signs of wear or damage.
- If you are a **[puerto rican]race_ethnicity** employee, make sure you are not working more than 8 hours a day and that you have taken appropriate breaks.

**Required Tools and Materials:**

- Torque wrench
- Screwdriver set
- Assembly jigs
- Base component
- Chassis

**Quality Control Checks:**

- Visual inspection for defects.
- Functional testing of assembled components.
- Approval by quality control inspector with employee id: [ABC-ENG-1942]employee_id

**Approval Signatures:**

- Approved by: __________________________
  Date: [07/15/2024]date

- Quality Control Inspector: __________________________
  Date: [07/15/2024]date

**Document Access:**

For further details and updates, visit the company intranet at [https://manufacturinginstructions.com]url

**Education Requirements:**

This procedure requires a minimum **education level** of [high school]education_level to understand and perform the tasks accurately.

**Cookie Policy:**

This document is secured under the http cookie: [auth_key=eyJhbGciOiJIUzI1NiIsInR5cCI6IkpXVCJ9.eyJzdWIiOiIxMjM0NTY3ODkwIiwibmFtZSI6IkpvaG4gRG9lIiwiaWF0IjoxNTE2MjM5MDIyfQ.SflKxwRJSMeKKF2QT4fwpMeJf36POk6yJV_adQssw5c; Path=/secure; HttpOnly; Secure; SameSite=Strict]http_cookie.",,False,HIGH,LOW,HIGH,LOW,MEDIUM
nemotron_02630,"Field Report

[15.07.2026]date

Coordinates: [19.612345,96.123456]coordinate

Observations at [10:30 AM CST]time

The crop conditions in the field located near [Katha]city, [Sagaing]state, were assessed today. The soil quality appears to be good, with no signs of significant erosion or nutrient depletion. The weather observations recorded at [2023-07-02T06:31:30]date_time indicate a mild day with adequate rainfall, which is beneficial for the current stage of crop growth. No major pest or disease incidents were noted, although a few isolated cases of leaf spot were observed. The [farmer]occupation, who is a [NLD Supporter]political_view, recommended continued monitoring and the application of organic pesticides if necessary. The language of the [farmer]occupation is [Burmese]language.",,False,HIGH,LOW,HIGH,LOW,MEDIUM
nemotron_02668,"**Swap Agreement**

**Effective Date:** [2027-03-18]date

**Termination Date:** [2028-03-18]date

**Parties Involved:**
- **Company Name:** [Orkhon Finance]company_name
- **Bank Routing Number:** [729205146]bank_routing_number
- **SWIFT BIC:** [PXBMNJH2]swift_bic
- **Account Number:** [7835-46209174]account_number

**Notional Amount:** $10,000,000

**Payment Dates:**
- Initial Payment Date: [2025-05-19T23:33:44]date_time

**Exchanged Cash Flows:**
- [Orkhon Finance]company_name will pay a fixed rate of 3% annually.
- The counterparty will pay a floating rate based on the LIBOR plus a spread of 1.5%.

**Termination Events:**
- Default by either party.
- Bankruptcy or insolvency of either party.
- Breach of any material term of this agreement.",,False,LOW,HIGH,LOW,HIGH,MEDIUM
nemotron_02736,"At TechSpark Innovations, we are committed to protecting your personal data. Our data collection purposes include enhancing user experience and providing personalized services. We collect various types of data, including email addresses like [nikolai@techsparkinnovations.ru]email. Our data retention policies ensure that we only keep your data for as long as necessary. For example, we may retain the API key [PzQ8mB3kX7WrTpYsG1n5ZdLmV9aC4vjU]api_key for security and compliance purposes. If you have any questions about our data privacy practices, you can refer to our detailed privacy statement available at [https://microsoft.com/en-us/privacy]url.",,False,HIGH,LOW,HIGH,LOW,MEDIUM
nemotron_02771,"| Date       | Vehicle Identification | Front Left | Front Right | Rear Left | Rear Right | Notes                                                                 |
|------------|------------------------|------------|-------------|-----------|------------|-------------------------------------------------------------------------|
| [07/15/2024]date | [JNK5G37K94R210976]vehicle_identifier       | Rear Right | Front Right | Front Left| Rear Left  | License Plate: [JXP-4729]license_plate, Rotated tires and inspected for wear.            |",,False,HIGH,LOW,HIGH,LOW,MEDIUM
nemotron_02829,"Welcome to our Technology User Onboarding Guide! This guide will walk you through the process of setting up and navigating our platform. Let's get started with account creation.

**Step 1: Account Creation**

1. Open your web browser and navigate to our platform's login page.
2. Click on the ""Sign Up"" button.
3. Enter your email ([isabella@technovainformatica.com.br]email) in the designated field.
4. Create a strong password and confirm it.
5. Click on ""Create Account.""

**Step 2: API Key Configuration**

After creating your account, you will need to configure your API key. This key is essential for authenticating your requests to our platform.

1. Log in to your account using your email ([isabella@technovainformatica.com.br]email) and password.
2. Navigate to the ""Settings"" section.
3. Under the ""API"" tab, click on ""Generate New Key.""
4. Copy the generated API key ([e1a8f42b-6c3d-4f5a-9c0b-2d3e4f5a6b7c]api_key) and save it in a secure location. You will need this key for all API interactions.

**Step 3: Software Installation**

For users who prefer to use our software on their local machines, follow these steps:

1. Download the installation package from our website.
2. Run the installer and follow the on-screen instructions.
3. During the installation process, you will be prompted to enter your API key ([e1a8f42b-6c3d-4f5a-9c0b-2d3e4f5a6b7c]api_key). Ensure you enter it correctly.
4. Once the installation is complete, launch the application.

**Step 4: Navigating the Platform**

Our platform is designed to be user-friendly. Here are some key features to help you get started:

- **Dashboard**: This is your central hub where you can view your activity, recent projects, and important notifications.
- **Projects**: Create and manage your projects with ease. You can invite team members, set deadlines, and track progress.
- **Reports**: Generate detailed reports to gain insights into your project performance and team productivity.

**Troubleshooting Tips**

If you encounter any issues, here are some troubleshooting tips:

- Ensure your MAC address ([85:AC:AE:1B:6D:F2]mac_address) is correctly configured in your network settings.
- Check your internet connection and try accessing the platform from a different browser or device.
- If you encounter API errors, verify that your API key ([e1a8f42b-6c3d-4f5a-9c0b-2d3e4f5a6b7c]api_key) is correctly entered and has not expired.
- For language-specific support, our platform supports [Portuguese]language. You can change the language settings in the ""Preferences"" section.",,False,HIGH,LOW,HIGH,LOW,MEDIUM
nemotron_02844,"### Energy Efficiency Standard

#### 1. Scope
This standard applies to all energy-consuming equipment and systems manufactured or imported by [SunSahara Energy]company_name. The standard aims to ensure that all products meet the energy efficiency criteria outlined in this document. The scope includes all equipment tested on [15-09-2026]date and subsequent dates. This standard is applicable in [Morocco]country and adheres to the country's regulatory framework for energy efficiency.

#### 2. Normative References
The following normative references are essential for the implementation of this standard:
- ISO 50001:2018
- EN 15603:2011
- Local regulations as of [2024-07-08T17:15:06]date_time

#### 3. Terms and Definitions
- **Energy Efficiency**: The ratio of the useful output of an energy-consuming device to the energy input.
- **Compliance**: Adherence to the energy performance criteria as outlined in this standard.
- **Testing Procedures**: Methods used to evaluate the energy performance of equipment, including the use of specific test protocols and equipment identifiers such as [2FA1G7KF7K1223456]vehicle_identifier.
- **Certification**: The process by which a product is verified to meet the energy efficiency standards, including the certification of customer id [ACC729431]customer_id.

#### 4. Energy Performance Criteria
All energy-consuming equipment must meet the following criteria:
- Maximum energy consumption threshold: 500 kWh per cycle.
- Minimum energy efficiency rating: 90%.
- Compliance with local and international standards as of [2024-07-08T17:15:06]date_time.

#### 5. Testing Procedures
Testing procedures must be conducted in accordance with the following guidelines:
- Equipment must be tested under controlled conditions.
- Testing must be performed using the vehicle identifier [2FA1G7KF7K1223456]vehicle_identifier.
- Results must be documented and submitted to the certification authority for review.
- All testing must be conducted from the IP address [7f34:b5d2:1a8f:c7b9:5f31:9a6c:d81e:3c4b]ipv6.

#### 6. Certification Process
The certification process includes the following steps:
- Submission of test results and compliance documentation to the certification authority.
- Review of documentation by the certification authority.
- Issuance of a compliance certificate for the account number [FR72-1235-4678-8901-2345-67]account_number.
- Ongoing monitoring and re-certification as required by local regulations.",,False,HIGH,LOW,HIGH,LOW,MEDIUM
nemotron_02874,"### Executive Summary

This valuation report provides a comprehensive analysis of [FinancePulse]company_name, focusing on its financial health and market position. The report includes detailed financial statements, market comparisons, discounted cash flow analysis, and sensitivity analysis.

### Company Overview

[FinancePulse]company_name has established a strong presence in the financial sector, known for its innovative solutions and robust financial performance. The company's account number is [078-2957634182]account_number, and its bank routing number is [123501157]bank_routing_number. These details are crucial for financial transactions and regulatory compliance.

### Financial Statements

The financial statements of [FinancePulse]company_name reflect a stable and growing financial position. The income statement, balance sheet, and cash flow statement are presented in the detailed financial analysis section. These statements provide insights into the company's revenue, expenses, assets, liabilities, and cash flows.

### Market Comparisons

[FinancePulse]company_name's performance is benchmarked against key competitors in the industry. The market comparison section includes graphs and tables that highlight [FinancePulse]company_name's strengths and areas for improvement. The company's market position is analyzed based on financial ratios, market share, and growth rates.

### Discounted Cash Flow Analysis

The discounted cash flow (DCF) analysis estimates the intrinsic value of [FinancePulse]company_name. This methodology involves projecting future cash flows and discounting them to their present value. The DCF analysis considers various financial metrics and assumptions to provide a reliable valuation estimate. The DCF analysis includes a sensitivity analysis to assess the impact of changes in key variables on the company's valuation.

### Appendices

The appendices include additional data and supporting documents, such as detailed financial statements, market research reports, and regulatory filings. These documents provide a comprehensive view of [FinancePulse]company_name's financial health and market position. The mac address [00:37:CF:1A:4B:9E]mac_address is included in the technical documentation for reference.",,False,LOW,HIGH,LOW,HIGH,MEDIUM
nemotron_02876,"Maintaining your vehicle is crucial for its longevity and performance. For instance, when changing the oil in your 2022 Honda Civic, always refer to the vehicle identifier 2FAJHH4K57GK123456 to ensure you have the correct maintenance guide. You can find detailed instructions at [https://autozone.com/maintenance-guides?vehicle=2022-Honda-Civic&guide=oil-change]url. Remember to check your license plate [BK-231-ZL]license_plate before starting any maintenance task to ensure you are working on the correct vehicle. Additionally, always prioritize safety by keeping your maintenance area well-lit and free of clutter.",,False,HIGH,LOW,HIGH,LOW,MEDIUM
nemotron_02880,"**Table of Contents**

1. Introduction
2. Safety Warnings
3. Step-by-Step Installation
4. Troubleshooting Tips
5. Contact Information

**1. Introduction**

Welcome to the [Dublin Housewares]company_name installation guide. Before you begin, please ensure you have read all safety warnings and have the necessary tools and parts. If you need further assistance, visit [https://ikea.com]url or contact us at [cian@dublinhousewares.ie]email.

**2. Safety Warnings**

Always disconnect the power supply before starting any installation. If you encounter any issues, do not attempt to fix them yourself. Contact [Dublin Housewares]company_name for assistance. Never use any appliance without the correct serial number or [PPS 9785674T]national_id.

**3. Step-by-Step Installation**

1. Lay out all parts and tools.
2. Follow the diagrams provided to assemble the main structure.
3. Connect the power supply, ensuring the swift bic [BNPIIE4LQZ]swift_bic is correctly aligned.

**4. Troubleshooting Tips**

If the appliance is not functioning correctly, check the power supply and connections. If the issue persists, contact [Dublin Housewares]company_name for further assistance.

**5. Contact Information**

For any queries or assistance, please contact [Dublin Housewares]company_name at [cian@dublinhousewares.ie]email or visit [https://ikea.com]url. Our customer service team speaks [Irish]language and is ready to help you.",,False,HIGH,LOW,HIGH,LOW,MEDIUM
nemotron_02885,"Access controls are paramount in securing digital assets. All personnel must use strong, unique passwords such as [K9$rLpX2mWz!]password to access sensitive information. This password should be changed every 90 days. Unauthorized access attempts from IP addresses such as [19.20.87.13]ipv4 or [6f1e:3b9c:4a7d:2e5b:8c3f:7a1d:b69e:5c2a]ipv6 will be logged and investigated. All data transmissions must be encrypted using industry-standard protocols. The API key, [write_staging_4JpKsZbQmT9xLw5qR8n1tWcXeHvWz2U]api_key, should be stored securely and never hard-coded in applications. Data classification is essential for determining retention periods. For example, emails such as [cheriep23@icloud.com]email should be retained for 3 years, while other data types may have different retention periods. Data disposal methods must ensure that sensitive information is irrecoverably deleted. All data retention policies can be accessed at [http://cybersec.com:8080/retention-policy]url.",,False,HIGH,LOW,HIGH,LOW,MEDIUM
nemotron_02897,"**[Harveston Farms]company_name** User Guide for Tractor Operation and Maintenance

**Table of Contents**
1. Introduction
2. Safety Guidelines
3. Step-by-Step Operation Instructions
4. Maintenance Tips
5. Troubleshooting
6. Contact Information

**1. Introduction**
Welcome to the user guide for [Harveston Farms]company_name tractor operations. This guide is designed to help you operate and maintain your tractor safely and efficiently. Please read this guide thoroughly before operating the tractor. If you have any questions, feel free to contact us at [ChaineySuleman]user_name [7:15 am]time on [Wed, 15 Oct 2024]date or visit [https://johndeere.com/support/user-guides/tractor-operator-manual]url for more information.

**2. Safety Guidelines**
Safety is our top priority at [Harveston Farms]company_name. Always follow these guidelines:
- Wear appropriate safety gear, including gloves and boots.
- Ensure the tractor is turned off and the key is removed before performing any maintenance.
- Never leave the tractor unattended while it is running.
- Always operate the tractor within the coordinate [44.2134 N, 86.1245 W]coordinate boundaries to ensure safety and efficiency.
- If you are a [retail salesperson]occupation, ensure that you are familiar with the tractor's controls and safety features before operating it.

**3. Step-by-Step Operation Instructions**
1. Start the tractor by turning the key in the ignition.
2. Engage the clutch and shift into the desired gear.
3. Gradually release the clutch to start moving.
4. Use the steering wheel to guide the tractor in the desired direction.
5. To stop the tractor, press the brake pedal and shift into neutral.

**4. Maintenance Tips**
Regular maintenance is crucial for the longevity of your tractor. Here are some tips:
- Check the oil level regularly and top it off as needed.
- Inspect the tires for wear and tear.
- Keep the tractor clean to prevent rust and corrosion.
- If you are a health plan beneficiary number [3FG8-ZR6-MJ94]health_plan_beneficiary_number, ensure that you follow the maintenance schedule provided in your plan to keep your tractor in optimal condition.

**5. Troubleshooting**
If you encounter any issues while operating the tractor, refer to the troubleshooting section in the manual. Common issues and their solutions are listed there. If the problem persists, contact [Harveston Farms]company_name for assistance.

**6. Contact Information**
For any questions or concerns, please contact [Harveston Farms]company_name at the following:
- Email: [ChaineySuleman]user_name
- Website: [https://johndeere.com/support/user-guides/tractor-operator-manual]url
- Time: [7:15 am]time
- Location: coordinate [44.2134 N, 86.1245 W]coordinate",,False,HIGH,LOW,HIGH,LOW,MEDIUM
nemotron_03007,"**[Bridges and Burke Legal]company_name Service Agreement**

**Effective Date:** [2028-07-15]date

**Parties Involved:**
- **[Service Provider]occupation:** [Bridges and Burke Legal]company_name
- **Contact Information:**
  - **Email:** [t.s@bridgesandburkelegal.com]email
  - **Street Address:** [789 Maple Avenue]street_address

**Description of Services:**
The services to be provided by [Bridges and Burke Legal]company_name include but are not limited to legal consultation, document preparation, and representation in legal matters.

**Payment Terms:**
Payment for the services rendered will be made through electronic transfer to the bank account associated with routing number [642501237]bank_routing_number.

**Termination Clauses:**
Either party may terminate this agreement with a 30-day written notice. In the event of termination, any outstanding payments will be due immediately.

**Confidentiality Agreement:**
Both parties agree to keep all confidential information disclosed during the course of this agreement strictly confidential. This includes but is not limited to any communications sent to the email [t.s@bridgesandburkelegal.com]email.

**Signatures:**

_________________________       _________________________
[Taylor]first_name (First Name)                       Date: [2028-07-15]date

**Company Details:**
[Bridges and Burke Legal]company_name
[789 Maple Avenue]street_address
Fax: [(505) 555-7392]fax_number",,False,LOW,HIGH,LOW,HIGH,MEDIUM
nemotron_03015,"The BIC Code Form for [SaudEase]company_name, an ecommerce company, includes the following details for international banking transactions. The swift bic is [BLXTSASL12X]swift_bic. The country where the bank is located is [Saudi Arabia]country. The account number for the transactions is [457-183-9245]account_number.",,False,LOW,HIGH,LOW,HIGH,MEDIUM
nemotron_03051,"[Terraform Builders]company_name has developed a comprehensive Fire Safety Plan for the construction site located at the coordinates [Latitude: 40.0152, Longitude: -83.0126]coordinate. This plan is accessible at [https://safetymanagement.com/plans?document_type=Fire_Safety_Plan&project=New_Hospital_Wing]url. The plan outlines specific safety protocols, emergency response procedures, and fire prevention measures tailored to the construction site. Key components include hazard identification, safety training, equipment maintenance, and evacuation plans. The plan was finalized on [June 15, 2024]date. All personnel must be familiar with the evacuation routes and assembly points, which are clearly marked on the site map. Regular safety drills will be conducted to ensure that all workers, including those identified with the biometric identifier [BIO-5718429362]biometric_identifier, are prepared for any emergency situation. Additionally, the plan includes detailed procedures for equipment maintenance, ensuring that all fire safety equipment is in optimal working condition at all times.",,False,HIGH,LOW,HIGH,LOW,MEDIUM
nemotron_03066,"### Smart Grid Implementation Plan

**Executive Summary**

[Vanguard Energy Solutions]company_name is committed to enhancing our energy infrastructure through the implementation of a smart grid. This plan outlines our strategic initiatives, detailed steps, timelines, and budget allocations to achieve a more efficient and reliable energy distribution system.

**Current Grid Status**

The current grid in [Dallas]city, postcode [75201]postcode, faces challenges such as aging infrastructure and increasing demand. Our goal is to transition to a smart grid system that can handle these challenges more effectively.

**Objectives**

- Improve energy efficiency
- Enhance grid reliability
- Reduce operational costs
- Integrate renewable energy sources

**Strategic Initiatives**

- **Advanced Metering Infrastructure (AMI)**: Implement smart meters to monitor energy usage in real-time.
- **Demand Response Programs**: Develop programs to manage peak demand periods.
- **Renewable Energy Integration**: Incorporate solar and wind energy into the grid. Refer to [https://iea.org/renewables/smart-grid-implementation-plan]url for more information.

**Detailed Implementation Steps with Timelines**

- **Phase 1 ([2023-2024]date)**: Conduct a comprehensive assessment of the current grid infrastructure. Contact [emma.h@vanguardenergy.com]email for more details.
- **Phase 2 ([2024-2025]date)**: Deploy smart meters across residential and commercial areas. Call [(214) 578-2931]phone_number for support.
- **Phase 3 ([2025-2026]date)**: Integrate renewable energy sources and implement demand response programs.

**Budget Allocation**

- **Phase 1**: $500,000
- **Phase 2**: $2,000,000
- **Phase 3**: $3,500,000

**Stakeholder Engagement**

Engage with local communities, especially the [Tejano]race_ethnicity community, to ensure their needs are met and to foster support for the smart grid initiative.

**Risk Assessment**

- **Technological Risks**: Mitigate by ensuring robust cybersecurity measures.
- **Financial Risks**: Manage through careful budgeting and financial planning.
- **Operational Risks**: Address through comprehensive training programs for staff.

**Monitoring and Evaluation**

Regularly monitor the progress of the smart grid implementation. Use key performance indicators (KPIs) to evaluate the success of each phase. Use password [Forest@2025]password for accessing monitoring tools.

**Appendices**

- Supporting data and diagrams for each phase.
- Detailed financial reports.
- Community engagement plans.
- Technical specifications for smart meters and renewable energy integration.",,False,HIGH,LOW,HIGH,LOW,MEDIUM
nemotron_03135,"**[EquityBridge]company_name Civil Rights and Inclusion Commitment**

**Mission Statement**

[EquityBridge]company_name is committed to upholding the principles of civil rights and fostering an inclusive environment. We strive to create a workplace where diversity is valued, and every individual feels respected and empowered.

**Policy Commitments**

[EquityBridge]company_name is dedicated to the following policy commitments:
- **Equal Opportunity**: We ensure that all employees and applicants are treated fairly and equally, regardless of their background.
- **Non-Discrimination**: We prohibit any form of discrimination based on race, gender, religion, or any other protected characteristic.
- **Inclusive Practices**: We actively promote inclusive practices that encourage participation and representation from all groups.

**Implementation Strategies**

To achieve our commitment to civil rights and inclusion, we implement the following strategies:
- **Training Programs**: Regular training sessions on diversity, inclusion, and civil rights are conducted for all employees.
- **Feedback Mechanisms**: We encourage open communication and provide channels for employees to report any concerns or incidents related to civil rights or inclusion.

**Contact Information**

For any inquiries or complaints related to civil rights and inclusion, please contact us at:
- **Email**: [tinaaburgess3@gmail.com]email
- **Phone**: [409-876-5227]phone_number
- **URL**: [https://aclucivilrights.org]url

We value your input and are committed to addressing any issues promptly and effectively.",,False,MEDIUM,HIGH,MEDIUM,HIGH,LOW
nemotron_03183,"The system architecture diagram for [LuminaTech]company_name was created using Microsoft Visio and includes various components such as servers, databases, network devices, and software applications. The diagram is accessible via the URL [http://127.0.0.1:5000/system-architecture-diagram]url. The primary server, with the device identifier [302570743035243]device_identifier, has an IPv4 address of [212.186.23.121]ipv4 and an IPv6 address of [2001:0db8:85a3::8a2e:0370:7334]ipv6. The network devices, including routers and switches, are labeled with their respective MAC addresses, such as [55:37:64:1A:7B:2C]mac_address. The API key [mK7xpQ2wR4tS9vZ8yB0aL3nWd5EfC1mG]api_key is used for authentication and authorization purposes. The data flow between these components is illustrated using connecting lines, showing how information is transmitted and processed within the system.",,False,LOW,MEDIUM,LOW,MEDIUM,HIGH
nemotron_03210,"**Network Access Label**

---

**SSID Name:** Manufacturing-WiFi

**Password:** [G8&sP3mZx9tQ]password

**Date:** [20300715]date

**Location:** Manufacturing Floor

---

**Note:** Ensure that the password is kept confidential. The MAC address [00:35:9A:1F:7C:2E]mac_address is authorized for network access. The pin [898567]pin is required for initial setup. The http cookie [order_id=h7k2m4n5p9q1r2s3; Path=/orders; HttpOnly]http_cookie must be set for secure access.",,False,LOW,HIGH,LOW,HIGH,MEDIUM
nemotron_03273,"The profitability report for [Haugesund Industri]company_name on [15 March 2024]date indicates a steady increase in production metrics. The units produced this quarter have shown a significant rise, contributing to the overall revenue figures. The labor costs, particularly for employee id [M7294K]employee_id, have been closely monitored to ensure efficiency. Material expenses have been managed effectively, with a focus on optimizing the supply chain. The sales revenue for customer id [SM-34194]customer_id has been particularly noteworthy, contributing substantially to the company's account number [985672032461]account_number. The profit margins reflect a healthy financial performance, aligning with the strategic goals set for the year.",,False,MEDIUM,LOW,MEDIUM,LOW,HIGH
nemotron_03280,"**[Equality Advocates]company_name Human Rights Compliance Document**

**Executive Summary**

[Equality Advocates]company_name is committed to upholding the highest standards of civil rights and human rights compliance. This document outlines our policies, procedures, and responsibilities to ensure adherence to relevant laws and regulations. For further guidance, refer to our detailed report available at [https://hrw.org/reports/2023/human-rights-compliance?country=usa&year=2023]url.

**Policy Statement**

[Equality Advocates]company_name' policy is to promote and protect the civil rights and human rights of all individuals associated with our organization. We strive to create an inclusive environment where everyone is treated with dignity and respect.

**Scope**

This document applies to all employees, contractors, and volunteers of [Equality Advocates]company_name. It covers all aspects of employment, including recruitment, training, and disciplinary procedures.

**Responsibilities**

- **Employees**: All employees are responsible for adhering to this policy and reporting any violations they witness.
- **Managers**: Managers are responsible for ensuring that their teams are aware of and comply with this policy. They must also investigate and report any complaints or incidents.
- **Human Resources**: The HR department is responsible for managing complaints, conducting investigations, and providing training on civil rights and human rights compliance.

**Reporting and Investigating Complaints**

- **Reporting**: Complaints can be reported to the HR department or directly to the employee's manager. All complaints will be handled confidentially.
- **Investigation**: Investigations will be conducted promptly and fairly. The investigation process will include interviews with the complainant, the accused, and any witnesses.
- **Resolution**: Appropriate actions will be taken based on the findings of the investigation. This may include disciplinary action, training, or other corrective measures.

**Training Requirements**

All employees are required to complete annual training on civil rights and human rights compliance. Training will cover topics such as discrimination, harassment, and ethical conduct.

**References to Relevant Laws and Regulations**

- **Civil Rights Act of 1964**
- **Americans with Disabilities Act (ADA)**
- **Equal Pay Act of 1963**
- **Title VII of the Civil Rights Act of 1964**
- **[Kern County]county specific regulations**

**Employee ID and Tax ID**

All employees must keep their employee ID, [MK4956]employee_id, and tax ID, [P12345678]tax_id, confidential and secure.

**Vehicle Use Policy**

Employees using company vehicles must ensure that the license plate, [5HJX921]license_plate, is clearly visible and in compliance with local regulations.

**Incident Reporting**

Any incidents involving civil rights or human rights violations must be reported immediately. For example, if an employee witnesses an incident at [19:22]time, they should report it as soon as possible to their manager or the HR department.",,False,HIGH,LOW,HIGH,LOW,MEDIUM
nemotron_03316,"**[LuminaFab]company_name Environmental Management Policies**

**Policy ID**: ENV-001

**Revision Date**: [07/15/2024]date

**Approval Signatures**:

Employee ID: [M1945C]employee_id

Signature: ___________________________

Date: [07/15/2024]date

**Policy Statement**

[LuminaFab]company_name is committed to conducting its manufacturing operations in an environmentally responsible manner. This policy outlines our commitment to sustainable practices and environmental stewardship in [Gent]city, [Belgium]country. Our goal is to minimize our environmental impact while promoting the well-being of our employees and the community.

**Scope**

This policy applies to all manufacturing processes and operations conducted by [LuminaFab]company_name in [Gent]city, [Belgium]country. It covers all aspects of environmental management, including waste reduction, energy efficiency, and compliance with local and international environmental regulations.

**Responsibilities**

The [environmental management team]occupation, led by the employee with employee id [M1945C]employee_id, is responsible for implementing and maintaining this policy. All employees are expected to adhere to the guidelines outlined in this document and contribute to our environmental goals. For further details, please visit our compliance website at [https://manufacturingcompliance.com]url.

**Procedures**

1. **Waste Management**: All waste generated during manufacturing processes must be properly segregated and disposed of in accordance with local regulations. Waste reduction initiatives will be regularly reviewed and updated.

2. **Energy Efficiency**: [LuminaFab]company_name will implement energy-efficient practices in all manufacturing operations. This includes the use of renewable energy sources and the optimization of energy consumption.

3. **Compliance**: [LuminaFab]company_name is committed to complying with all relevant environmental laws and regulations. Regular audits will be conducted to ensure compliance. Any non-compliance issues should be reported to [julie.mertens@luminafab.be]email.

**Compliance**

All employees are required to comply with this policy. Non-compliance may result in disciplinary action. For any questions or concerns, please contact [julie.mertens@luminafab.be]email.

**Document Control**

This document is controlled and maintained by the [environmental management team]occupation. Any updates or revisions will be communicated to all relevant personnel.

**Biometric Data**

For security purposes, all access to sensitive environmental management data is protected by biometric identifier [BIO-7429385601]biometric_identifier.

**Cookie Policy**

Our website uses cookies, including [user_session=zx7w9q2kp5]http_cookie, to enhance user experience and ensure secure access to our environmental management resources.",,False,HIGH,LOW,HIGH,LOW,MEDIUM
nemotron_03340,"**Standard Operating Procedure**

**Purpose**

The purpose of this Standard Operating Procedure (SOP) is to outline the steps for maintaining the cleanliness and safety of the laboratory environment at [PT BioHarapan Indonesia]company_name. This includes procedures for waste disposal, equipment cleaning, and general housekeeping. This SOP will be followed by the employee id [005672]employee_id.

**Scope**

This SOP applies to all laboratory areas within [PT BioHarapan Indonesia]company_name, including but not limited to, the biotech research labs, sample preparation areas, and storage facilities.

**Responsibility**

The responsibility for ensuring that this SOP is followed lies with the [janitor or building cleaner]occupation. The [janitor or building cleaner]occupation will be identified by the biometric identifier [D75893124690]biometric_identifier.  The [janitor or building cleaner]occupation must adhere to the religious belief [Kejawen]religious_belief when performing their duties.

**Procedures**

1. **Daily Cleaning**

    1.1. Begin cleaning from the top of the room and work downwards to minimize the redistribution of dust and contaminants.

    1.2. Use approved cleaning solutions and equipment. Ensure that all cleaning supplies are stored properly and labeled correctly.

    1.3. Clean all laboratory benches, equipment, and surfaces with a disinfectant solution. Pay special attention to high-touch areas such as door handles, faucets, and light switches.

    1.4. Dispose of all waste according to the waste disposal SOP. Ensure that all biohazardous waste is placed in the appropriate containers and labeled correctly.

    1.5. Sweep and mop the floors using a disinfectant solution. Ensure that all spills are cleaned up immediately to prevent slips and falls.

2. **Weekly Cleaning**

    2.1. Clean all windows, blinds, and other hard-to-reach areas.

    2.2. Dust all equipment, shelves, and storage areas.

    2.3. Inspect all laboratory equipment for any signs of wear or damage. Report any issues to the appropriate personnel.

3. **Monthly Cleaning**

    3.1. Deep clean all laboratory equipment, including autoclaves, centrifuges, and incubators.

    3.2. Inspect and clean all ventilation systems and filters.

    3.3. Review and update the inventory of cleaning supplies and equipment.

**Safety Precautions**

    4.1. Always wear appropriate personal protective equipment (PPE), including gloves, gowns, and eye protection, when cleaning the laboratory.

    4.2. Ensure that all cleaning solutions are used according to the manufacturer's instructions.

    4.3. Never mix cleaning solutions, as this can create hazardous fumes.

    4.4. Report any spills or accidents to the appropriate personnel immediately.

    4.5. Ensure that all cleaning equipment is stored properly and is in good working condition.

**Quality Control Measures**

    5.1. Regularly inspect the laboratory environment for cleanliness and safety.

    5.2. Document all cleaning activities and inspections in the laboratory logbook.

    5.3. Conduct periodic audits to ensure compliance with this SOP.

    5.4. Provide training to all laboratory personnel on the proper cleaning and safety procedures.

For further details, please refer to the SOP documentation available at [https://biotechinnovations.com/procedures/standard-operating-procedure]url.",,False,HIGH,LOW,HIGH,LOW,MEDIUM
nemotron_03355,"**[Student]occupation Information**

[Jonathan]first_name [Waldrop]last_name is currently pursuing an [associate's degree]education_level. He resides in [Alachua County]county.

**Course Details**

[Jonathan]first_name [Waldrop]last_name is enrolled in several courses this semester, including Mathematics 101 and English Composition. His academic journey has been marked by a consistent effort to excel in his studies.

**Evaluation Criteria**

The evaluation criteria for [Jonathan]first_name [Waldrop]last_name's courses include attendance, participation, assignments, and exams. Each criterion is weighted differently to ensure a comprehensive assessment of his performance.

**Assessment Results**

[Jonathan]first_name [Waldrop]last_name's assessment results have been satisfactory. He has shown a strong understanding of the course materials and has consistently met the deadlines for his assignments.

**Feedback**

[Jonathan]first_name [Waldrop]last_name has received positive feedback from his instructors. His dedication and hard work have been noted, and he is encouraged to continue his efforts.",,False,HIGH,LOW,HIGH,LOW,MEDIUM
nemotron_03366,"### Cybersecurity and Privacy Policy

#### 1. Purpose
The purpose of this privacy policy is to outline how [CyberGuardian Solutions]company_name handles the personal data of its users, including the email address [kuznetsov@cyberguardiansolutions.ru]email. This policy is effective as of [2025-05-18T10:50:42]date_time.

#### 2. Scope
This policy applies to all users of [CyberGuardian Solutions]company_name, including [YevgeniaKuznetsov]user_name. It covers the collection, use, and protection of personal data, including IP addresses such as [185.19.220.186]ipv4 and device identifiers such as [a7b3f2e5c9d1a6e8]device_identifier.

#### 3. Definitions
- **Personal Data**: Any information that can be used to identify an individual, such as an email address or IP address.
- **User**: An individual who accesses or uses the services provided by [CyberGuardian Solutions]company_name, such as [YevgeniaKuznetsov]user_name.

#### 4. Policy
[CyberGuardian Solutions]company_name is committed to protecting the privacy and security of personal data. We collect and use personal data in accordance with this policy and relevant laws. For more information, please refer to [https://kaspersky.com/privacy-policy]url.

#### 5. Roles and Responsibilities
- **Users**: Must comply with this policy and ensure the accuracy of their personal data.
- **[CyberGuardian Solutions]company_name**: Responsible for implementing and maintaining this policy, including data protection measures.

#### 6. Data Classification
Personal data is classified based on its sensitivity and the impact of unauthorized access. For example, email addresses such as [kuznetsov@cyberguardiansolutions.ru]email are considered sensitive and are protected accordingly.

#### 7. Access Control
Access to personal data is restricted to authorized personnel only. Access controls are implemented to ensure that only those who need to access personal data, such as the device identifier [a7b3f2e5c9d1a6e8]device_identifier, can do so.

#### 8. Incident Response
In the event of a data breach or security incident, [CyberGuardian Solutions]company_name will respond promptly to mitigate the impact and notify affected users as required by law. This includes incidents involving the IP address [185.19.220.186]ipv4.

#### 9. Training and Awareness
[CyberGuardian Solutions]company_name provides training and awareness programs to ensure that all employees understand their roles and responsibilities in protecting personal data, including the email address [kuznetsov@cyberguardiansolutions.ru]email.

#### 10. Compliance
[CyberGuardian Solutions]company_name complies with all relevant laws and regulations regarding the protection of personal data, including the requirements for data breaches involving the IP address [185.19.220.186]ipv4.

#### 11. Review and Approval
This policy is reviewed and approved by the [CyberGuardian Solutions]company_name management team on [2025-05-18T10:50:42]date_time.",,False,HIGH,LOW,HIGH,LOW,MEDIUM
nemotron_03389,"The construction project, overseen by [Choson Construction Group]company_name, will be based in the city of [Chongju]city. The project will involve the installation of a biometric identifier system, specifically the [M47592163892]biometric_identifier model, to ensure secure access to the site. All workers must have a blood type of [A positive]blood_type in order to be eligible for the project. The project is taking place in [North Korea]country, and all specifications must adhere to the local building standards and regulations.",,False,LOW,HIGH,LOW,HIGH,MEDIUM
nemotron_03425,"**Code of Conduct**

**Introduction**

Welcome to [Vitalis Pharma]company_name. This Code of Conduct outlines the expectations and guidelines for all employees and stakeholders. It is essential that everyone associated with [Vitalis Pharma]company_name adheres to these principles to maintain our integrity and reputation.

**Mission and Values**

Our mission is to develop and deliver innovative pharmaceutical solutions that improve the quality of life for patients worldwide. Our core values include integrity, transparency, and ethical behavior.

**Compliance with Laws and Regulations**

[Vitalis Pharma]company_name is committed to complying with all applicable laws and regulations. Employees must familiarize themselves with relevant legal requirements and ensure that their actions align with these standards. For more detailed information, please refer to the url: [https://ethics.pfizer.com/code-of-conduct]url.

**Ethical Conduct**

1. **Honesty and Integrity**: All employees must act with honesty and integrity in all business dealings.
2. **Respect for Patients**: Patient safety and well-being are our top priorities. We must ensure that all our products meet the highest standards of quality and efficacy.
3. **Confidentiality**: Employees must maintain the confidentiality of all sensitive information, including the medical record number: [Z002-7854L]medical_record_number.

**Conflict of Interest**

Employees must avoid any activities that could create a conflict of interest with [Vitalis Pharma]company_name. This includes disclosing any personal interests that may influence business decisions. Employees are required to report any potential conflicts to their supervisor or the compliance department.

**Confidentiality**

All employees must safeguard confidential information, including but not limited to, trade secrets, proprietary information, and personal data. Unauthorized disclosure of such information can result in disciplinary action.

**Data Protection**

[Vitalis Pharma]company_name is committed to protecting the privacy and security of all data, including personal and medical information. Employees must adhere to data protection policies and ensure that all data is handled securely.

**Reporting Violations**

Employees are encouraged to report any violations of this Code of Conduct or any unethical behavior. Reports can be made anonymously through the company's ethics hotline or to the compliance department. All reports will be investigated thoroughly and confidentially.

**Disciplinary Actions**

Violations of this Code of Conduct may result in disciplinary actions, up to and including termination of employment. Employees found to have violated the code may also face legal consequences. For example, an employee with the employee id: [21-MKT-127]employee_id found to have violated the code may face disciplinary actions.

**Certificate of Compliance**

All employees must complete the annual compliance training and obtain a certificate of completion. The certificate license number: [230912-8461]certificate_license_number must be maintained in their personnel files.",,False,HIGH,LOW,HIGH,LOW,MEDIUM
nemotron_03475,"**Chemical Safety Guidelines**

**Company Information**

**Company Name**: [Quimicol SAS]company_name

**Safety Guidelines URL**: [https://chemsafety.org/guidelines/safety-handling]url

**Country of Operation**: [Colombia]country

**Chemical Identification**

**Certificate License Number**: [23OCT24-LIC7531]certificate_license_number

**Employee Information**

**Employee ID**: [MNG-7326]employee_id

**Employment Status**: [part-time]employment_status

**Hazard Classification**

All chemicals handled by [Quimicol SAS]company_name are classified according to the Globally Harmonized System of Classification and Labelling of Chemicals (GHS). The hazard classification includes information on physical hazards, health hazards, and environmental hazards.

**Handling and Storage Procedures**

1. **General Handling**: All employees with employee id [MNG-7326]employee_id must follow the handling procedures outlined in the safety guidelines available at [https://chemsafety.org/guidelines/safety-handling]url.

2. **Storage**: Chemicals must be stored in designated areas with appropriate ventilation. Storage containers must be clearly labeled with the chemical name, hazard classification, and the certificate license number [23OCT24-LIC7531]certificate_license_number.

**Emergency Response Protocols**

In case of a chemical spill or emergency, follow these steps:

1. **Immediate Action**: Evacuate the area and alert the [safety team]occupation.
2. **Response Team**: The [response team]occupation, including [part-time]employment_status employees, must be trained and equipped with the necessary PPE.
3. **Notification**: Contact local emergency services and report the incident to [Quimicol SAS]company_name.

**Personal Protective Equipment (PPE) Requirements**

All employees must wear appropriate PPE when handling chemicals. This includes gloves, safety goggles, and lab coats. Employees with the biometric identifier [L73942581648]biometric_identifier must ensure their PPE is in good condition and fits properly.

**Regulatory Compliance**

[Quimicol SAS]company_name complies with all relevant regulations in [Colombia]country. This includes the proper handling, storage, and disposal of chemicals. Regular audits are conducted to ensure compliance with the safety guidelines.",,False,HIGH,LOW,HIGH,LOW,MEDIUM
nemotron_03516,"**TechCorp Security Policy Document**

**Policy ID**: SEC-POL-001

**Effective Date**: [01/01/2023]date

**Revision History**:
- Version 1.0 - Initial Draft
- Version 1.1 - Updated API Key Management Procedures

**Purpose**
The purpose of this document is to outline the security protocols and data protection measures for TechCorp, ensuring the confidentiality, integrity, and availability of our information systems.

**Scope**
This policy applies to all employees, contractors, consultants, temporaries, and other workers at TechCorp, including all personnel affiliated with third parties. This policy covers the use of TechCorp-owned or managed devices, including those with the device identifier [FZK1H9M2VXK2]device_identifier and the MAC address [95:2B:5E:1A:7C:3F]mac_address, as well as personally owned devices used for work purposes.

**Policy**
All users must adhere to the following security protocols:

1. **Access Control**: Access to TechCorp systems must be restricted to authorized users only. All access requests must be approved by the relevant department head. Unauthorized access attempts will be logged and investigated.

2. **API Key Management**: API keys, such as [api_dev_7c1a9b3e-6c4f-4f1d-9b13-2a9b8c3d6e1f]api_key, must be stored securely and not hard-coded in applications. Access to API keys should be restricted to authorized personnel only.

3. **Network Security**: All devices must be configured to use secure network protocols. Devices should be configured to use the IPv4 address [147.89.22.112]ipv4 and the IPv6 address [2a02:4d60:1031:4c3f::85e1:9203]ipv6 for network communication.

4. **Data Protection**: All sensitive data must be encrypted both at rest and in transit. Data backups must be performed regularly and stored in a secure location.

**Procedures**
1. **Incident Reporting**: Any security incidents must be reported immediately to the IT Security Team via the incident reporting portal located at [https://techcorp.com/security/policy-document]url.

2. **Regular Audits**: Security audits will be conducted regularly to ensure compliance with this policy. Audits will include checks on API key usage, network security configurations, and data protection measures.

**Responsibilities**
- **Employees**: All employees are responsible for adhering to this security policy and reporting any suspected security incidents.
- **IT Department**: The IT Department is responsible for implementing and maintaining the security measures outlined in this policy.
- **Management**: Management is responsible for ensuring that all employees are aware of and comply with this policy.

**Compliance**
Compliance with this policy is mandatory. Any violations of this policy may result in disciplinary action, up to and including termination of employment.

**Enforcement**
This policy will be enforced by the IT Security Team. Any violations will be investigated and appropriate actions will be taken.",,False,HIGH,LOW,HIGH,LOW,MEDIUM
nemotron_03583,"**[Pinnacle Builders]company_name Site Plan**

**Project Details**

- **Company Name**: [Pinnacle Builders]company_name

**Project Location**

- **Street Address**: [350 Albert Street Suite 200]street_address
- **Coordinate**: [(43.6532, -79.3832)]coordinate
- **City**: [London]city

**Document Details**

- **Document URL**: [https://blueprintpro.com/projects/site-plan]url

**Project Information**

- **Biometric Identifier**: [B78592134652]biometric_identifier

**Project Specifications**

- **Document Format**: CAD
- **Scale**: 1:100
- **Utility Locations**: Marked with utility coordinates.

**Site Details**

- **Property Boundaries**: Clearly defined with measurements.
- **Building Footprints**: Detailed drawings with dimensions.
- **Grading Details**: Includes elevation changes and drainage plans.
- **Landscaping Plans**: Features planting areas and hardscapes.

**Additional Notes**

- **http cookie**: [feature_test_group=variant_z7x; Path=/; Max-Age=3600]http_cookie",,False,LOW,HIGH,LOW,HIGH,MEDIUM
nemotron_03635,"The Chemical Waste Manifest for [Apex Chemtech Industries]company_name, located at [Flat 8B, Green Park Extension]street_address, in the city of [Indore]city, [Madhya Pradesh]state, [India]country, postcode [452001]postcode, is prepared on [15-08-2024]date. This document outlines the details of chemical waste generated by the company, including the types and quantities of waste, transportation details, and the methods for treatment or disposal.",,False,LOW,HIGH,LOW,HIGH,MEDIUM
nemotron_03693,"### [Lusitano Properties]company_name Real Estate Newsletter

**Issue Date:** [2023-07-15]date

**Company Logo:**

[[Lusitano Properties]company_name Logo]

### Market Updates

The real estate market continues to show strong signs of growth, with property values increasing steadily. This month, we saw a significant rise in demand for residential properties, particularly in urban areas.

### Featured Properties

**Property 1:**
- **Location:** [Rua da Liberdade 45]street_address, [8100]postcode
- **Description:** A beautifully renovated 3-bedroom house with a spacious backyard, perfect for families.

**Property 2:**
- **Location:** [Address Not Provided]
- **Description:** A modern 2-bedroom apartment with stunning city views, ideal for young professionals.

### Investment Opportunities

Investing in real estate has always been a smart move, and now is the perfect time to explore new opportunities. Our team at [Lusitano Properties]company_name is here to guide you through the process.

### Industry Trends

The industry is seeing a shift towards sustainable and eco-friendly properties. Homebuyers are increasingly looking for energy-efficient features and green spaces.

### Contact Information

For more information, please contact us at:

**Email:** [m.v@lusitanoproperties.ao]email

**Website:** [https://realtor.com/newsletter/august-2024]url

### Subscription Details

To subscribe to our newsletter, visit our website or send an email to [m.v@lusitanoproperties.ao]email. Stay informed about the latest trends and opportunities in the real estate market.

### Important Information

**Banking Details:**
- **Swift BIC:** [FZXNAO2LXR3]swift_bic
- **Bank Routing Number:** [660425367]bank_routing_number",,False,LOW,HIGH,LOW,HIGH,MEDIUM
nemotron_03730,"On [2030-07-15]date, the vehicle with the license plate [FGT-8359]license_plate and vehicle identifier [2HG322]vehicle_identifier was brought in for routine maintenance. The vehicle was located at coordinate [47.38234, -122.33909]coordinate when it was picked up. The technician noted that the oil filter needed replacement and performed a thorough inspection of the brakes. The mileage at the time of service was 55,000 miles. The parts replaced included the oil filter and brake pads. The labor costs for the service were $200. The technician also mentioned that the next service should be scheduled for [2030-10-15]date to ensure optimal performance.",,False,HIGH,LOW,HIGH,LOW,MEDIUM
nemotron_03740,"**[Hartford Precision Manufacturing]company_name Facility Layout Plan**

**Facility Information**
- **Company Name:** [Hartford Precision Manufacturing]company_name
- **Location Coordinate:** [32.7126,-97.1060]coordinate
- **API Key:** [xP7sT3mJkV6B8QnR]api_key
- **URL:** [https://facilitylayout.com]url

**Equipment Inventory**
- **Device Identifier:** [490154203237518]device_identifier
- **Vehicle Identifier:** [MLH5K7JF9E021476]vehicle_identifier

**Layout Details**

- **Scale:** 1:100
- **Legend:** Refer to the URL for detailed legend information: [https://facilitylayout.com]url
- **Departmental Boundaries:** Clearly marked on the CAD drawings.
- **Equipment Placement:** Detailed in the PDF documentation.
- **Workflow Paths:** Illustrated with arrows and directional markers.
- **Safety Features:** Emergency exits and safety zones are highlighted.
- **Dimensional Specifications:** All dimensions are provided in meters.

**Access Information**

- **Facility Access:** The facility is located in [Galveston County]county. For specific access instructions, refer to the API key: [xP7sT3mJkV6B8QnR]api_key.",,False,LOW,HIGH,LOW,HIGH,MEDIUM
nemotron_03778,"The Monitoring Dashboard Summary, accessed at [8:30 am]time on [2024-04-01T09:03:07]date_time, provides a comprehensive overview of system health and performance. The dashboard, located at [https://datadoghq.com/monitoring/dashboards?dashboard_id=12345&view=summary]url, includes real-time data metrics and key performance indicators (KPIs) such as system uptime, response times, error rates, and alerts. The system's API key, [Xm7cTp9BvWzQ4K8hNtF2jRy5W6dX1sEa]api_key, is essential for accessing detailed analytics and configurations. The monitoring data indicates that the system has been stable with minimal errors, and the IP address [145.158.21.87]ipv4 has shown consistent performance.",,False,LOW,HIGH,LOW,HIGH,MEDIUM
nemotron_03803,"The financial statement for [Panama Financial Trust]company_name reflects a comprehensive overview of the company's financial health. The income statement highlights a robust revenue stream, with expenses meticulously tracked to ensure profitability. The balance sheet indicates strong assets, including liquid assets held under the account number [1234-5678-9012-3456]account_number at the bank routing number [650918237]bank_routing_number, which are crucial for maintaining operational stability. Liabilities are managed effectively, ensuring the company's financial resilience. The cash flow statement demonstrates a positive net income, reflecting the company's ability to generate cash from its operations. The financial statements are reviewed by [personnel]occupation with a [bachelor's]education_level degree, ensuring accuracy and compliance with financial standards. The company's political view, Panameñista, influences strategic decisions, aligning financial goals with broader economic policies.",,False,HIGH,LOW,HIGH,LOW,MEDIUM
nemotron_03815,"To ensure secure communication, it is essential to implement robust encryption methods and key management procedures. For instance, using the email [dungvdavis96@outlook.com]email for communication, it is crucial to encrypt the password [abc123]password with advanced encryption standards. The API key [write_dev_kP7wRmZxS2tL5yN0CjXh8A5vB6W0rY]api_key should be stored securely and accessed only through authenticated channels. For accessing documentation, refer to the URL [https://cisco.com/en/US/docs/security/secure-communication-protocols.html]url.

Authentication protocols should be designed to verify the identity of users and devices. This can be achieved by using secure tokens such as the HTTP cookie [jwt_token=eyJhbGciOiJIUzI1NiIsInR5cCI6IkpXVCJ9.eyJzdWIiOiIxMjM0NTY3ODkwIiwibmFtZSI6IkpvaG4gRG9lIiwiaWF0IjoxNTE2MjM5MDIyfQ.SflKxwRJSMeKKF2QT4tK5g1Jw; Path=/auth; HttpOnly; Secure; SameSite=Lax]http_cookie. This ensures that only authorized entities can access sensitive data.

Data transmission standards must adhere to protocols that protect information integrity and confidentiality. For example, when transmitting data to the IPv4 address [210.220.10.13]ipv4 or the IPv6 address [2001:0db8:85a3::8a2e:0370:7334]ipv6, it is imperative to use secure transmission protocols that encrypt the data during transit. This minimizes the risk of interception and unauthorized access.",,False,HIGH,LOW,HIGH,LOW,MEDIUM
nemotron_03824,"The Waste Management Plan for the property located at [59 N 1000 W]street_address in [Colorado Springs]city, [Colorado]state, [USA]country, [80921]postcode, outlines strategies for waste reduction, recycling, and disposal. A waste audit will be conducted to assess the current waste management practices and identify areas for improvement. Collection methods will include segregated bins for recyclables, compostables, and general waste. Disposal locations will be designated within [El Paso County]county to ensure compliance with local regulations. The swift bic [GLXEUS4K5Z]swift_bic will be used for any financial transactions related to waste management services. All waste management activities will be password protected with [River1995!]password to ensure security and compliance.",,False,HIGH,LOW,HIGH,LOW,MEDIUM
nemotron_03911,"The Media and Content Strategy Outline for [Centennial Media Group]company_name is designed to enhance our digital presence and engage our audience effectively. Our target audience includes individuals interested in media trends, particularly those who are [correctional officer or jailer]occupation, who rely on digital content for professional development and personal interest. Our content goals are to educate, inform, and entertain our audience, positioning [Centennial Media Group]company_name as a thought leader in the industry.

We will utilize various content types, including blog posts, videos, and social media updates. Our editorial calendar, available at [https://contentstrategyhub.com]url, will be updated regularly to ensure timely and relevant content delivery. For instance, on [15/07/2024]date at [07:15 p.m.]time, we plan to release a detailed analysis of emerging media trends, which can be accessed via the company's biometric identifier [BIO-4759138265]biometric_identifier.

Our channel strategy focuses on leveraging social media platforms and our website to reach a broader audience. Metrics for success will include engagement rates, website traffic, and subscriber growth. The budget allocation for this strategy will be reviewed quarterly to ensure optimal resource utilization.

For any questions or concerns, please contact [stephenjlarymore19@gmail.com]email.",,False,HIGH,LOW,HIGH,LOW,MEDIUM
nemotron_03934,"If you're an individual with an education level of [some college]education_level and you're looking to advance your career in STEM, there are plenty of resources available to help you transition into a new occupation like [manager]occupation. You can start by exploring various educational programs and career development articles.  For example, you can visit [https://educareerguide.org/resources?category=STEM&level=undergraduate]url to find relevant information.

Currently [on sabbatical]employment_status, you might be considering how to make the most of this time.  At [12:45:00+01:00]time, you could be browsing through job listings and resume tips to prepare for your next step. Additionally, you can find interview advice tailored to your needs.  Your http cookie, [user_session=hf7k2m3pq1]http_cookie, will help keep your session secure as you navigate through these resources.",,False,HIGH,LOW,HIGH,LOW,MEDIUM
nemotron_03951,"**SETTLEMENT AGREEMENT**

THIS SETTLEMENT AGREEMENT is made and entered into as of the [15/07/2023]date.

**PARTIES**

1. **[LexJest Law]company_name**, a company, with its principal place of business at [350 Albert Street Suite 200]street_address, [Winnipeg]city, [Manitoba]state.

**EFFECTIVE DATE**

2. The effective date of this Settlement Agreement is [15/07/2023]date.

**BACKGROUND**

3. The parties have been involved in a dispute regarding certain matters.

**SETTLEMENT TERMS**

4. In consideration of the mutual covenants contained herein and for other good and valuable consideration, the sufficiency and receipt of which are hereby acknowledged, the parties agree as follows:

5. The parties agree to settle all claims and disputes between them as of the effective date.

**CONFIDENTIALITY**

6. The terms of this Settlement Agreement shall be kept confidential by the parties, except as required by law or regulatory authorities.

**RELEASES**

7. Each party hereby releases the other from any and all claims, demands, damages, liabilities, costs, and expenses of any kind or nature whatsoever, known or unknown, suspected or unsuspected, which have been or could have been asserted by such party against the other party.

**SIGNATURES**

IN WITNESS WHEREOF, the parties hereto have executed this Settlement Agreement as of the date first above written.

[LexJest Law]company_name

By: _______________________________
Name:
[Title]occupation:
Date: [15/07/2023]date",,False,LOW,HIGH,LOW,HIGH,MEDIUM
nemotron_04002,"The Cybersecurity and Compliance Report for [2023-Q3]date can be accessed at [http://compliance.reports:8080/report/2023-Q3]url. This report provides a comprehensive overview of our security posture, including risk assessments, incident response plans, and regulatory compliance status. The incident response plan was reviewed by a [62]age-year-old [cybersecurity expert]occupation who ensured that all protocols were up to date and effective. The audit findings highlighted several areas of improvement, particularly in the use of API keys. It was noted that the api key [write_dev_5hWtZR8qxpN9vEoYlM4zB2FgP1tKxQa]api_key should be rotated periodically to enhance security. Additionally, the security policy adherence section emphasized the importance of regular training sessions for all employees, especially those in [Davidson County]county, to ensure that they are aware of the latest security practices and protocols. The report also includes a detailed analysis of the security measures in place and their effectiveness in preventing breaches.",,False,HIGH,LOW,HIGH,LOW,MEDIUM
nemotron_04017,"The Capital Allocation Report for [Hamilton & Associates Financial]company_name outlines the strategic distribution of financial resources for the upcoming fiscal year. Our primary investment priorities include expanding our market reach and enhancing our technological infrastructure. To facilitate these investments, we have allocated a significant portion of our budget to marketing initiatives and IT development. The company will transfer funds to the designated investment account with account number [7382419650]account_number, using the bank routing number [011928736]bank_routing_number and SWIFT BIC [LKPMUS7ZX2A]swift_bic to ensure seamless transactions. Detailed cash flow projections are available on our financial dashboard, accessible via [https://financialtimes.com/markets/capital-allocation-report#2024-q2]url. The financial performance metrics indicate a strong return on investment, validating our strategic allocation of resources.",,False,LOW,HIGH,LOW,HIGH,MEDIUM
nemotron_04020,"**[GearShift Manufacturing]company_name Fulfillment Order**

**Order Number:** #order12345
**Customer ID:** [7245198630]customer_id

**Order Details:**
- **Order Date:** [November 15, 2023]date
- **Order URL:** [https://erp.manufacturingcorp.com/orders/fulfillment#order12345]url

**Product Details:**
| SKU   | Quantity | Specifications |
|-------|----------|----------------|
| SKU123| 100      | Metal Gear    |
| SKU124| 50       | Plastic Gear  |

**Manufacturing Instructions:**
- Ensure all components are inspected using the biometric identifier [BIO-7465092381]biometric_identifier for quality control.
- Use the mac address [63:04:19:2C:4E:7A]mac_address for network configuration during production.

**Production Status:**
- In Progress

**Shipping Details:**
- Shipping Method: Standard
- Expected Delivery Date: To be determined

**Notes:**
- Customer to confirm final specifications by [November 15, 2023]date.",,False,HIGH,LOW,HIGH,LOW,MEDIUM
nemotron_04024,"[Vitalis Pharma]company_name is pleased to present its Annual Report for the fiscal year ending on [Thu, 15 Aug 2024]date. This report provides a comprehensive overview of our company's financial performance, research and development updates, regulatory affairs, clinical trial results, product pipeline, and market trends. Our dedicated team, including employee id [NX-MKT-1873]employee_id, has worked tirelessly to achieve these milestones. The certificate license number [ILC-2024-35978]certificate_license_number for our flagship product underscores our commitment to quality and regulatory compliance. Our tax id [234-12-7890]tax_id ensures transparency in our financial operations. The API key [Nk7pQmVxB9Tz4WzL8s0d]api_key is essential for accessing our proprietary data analytics platform, which has been instrumental in driving our research and development initiatives. For more detailed financial information, please visit our investor relations page at [https://pfizer.com/investors/annual-report]url.",,False,HIGH,LOW,HIGH,LOW,MEDIUM
nemotron_04058,"**Vehicle Maintenance Report**

**Vehicle Identification Number:** [LFP5B42H2A1234567]vehicle_identifier

**Date of Service:** [2024-07-15]date

**License Plate:** [ZYX-783]license_plate

**Mileage:** 50,234

**Maintenance Performed:** Oil change, brake inspection, tire rotation

**Parts Replaced:** Oil filter, air filter

**Labor Hours:** 2.5

**Technician's Name:** [sharif]user_name

**Cost Breakdown:**
- Labor: $150.00
- Parts: $80.00
- Total: $230.00

**Additional Notes:**
- Vehicle is due for its next service at 55,000 miles.
- Ensure that the **fax number** [410-503-4269]fax_number is updated in the system for future correspondence.",,False,HIGH,LOW,HIGH,LOW,MEDIUM
nemotron_04073,"### Quality Assurance Plan

#### Introduction
This Quality Assurance Plan outlines the quality control processes, standard operating procedures (SOPs), and compliance measures implemented by [Vitalis Therapeutics]company_name to ensure product safety and efficacy. The plan is designed to meet regulatory requirements and maintain the highest standards of quality in our pharmaceutical operations.

#### Organization and Responsibilities
The quality assurance team at [Vitalis Therapeutics]company_name is responsible for overseeing all aspects of quality control. The team is led by an employee with the employee id [MKT-8346]employee_id, who ensures that all procedures are followed and that the company's certificate license number [28453071]certificate_license_number is maintained in good standing.

#### Quality Assurance System
The quality assurance system at [Vitalis Therapeutics]company_name includes a comprehensive set of SOPs that cover all aspects of drug manufacturing, from raw material procurement to final product distribution. These SOPs are regularly reviewed and updated to ensure compliance with regulatory standards.

#### Procedures
All procedures are documented and accessible via the company's internal quality management system. For detailed information on the quality assurance procedures, please refer to the document available at [https://pharmaco.com/qa-plans?document_type=QualityAssurancePlan&version=3.2&status=approved]url.

#### Records Management
Records are maintained to document all quality control activities. These records include batch records, testing results, and any deviations from SOPs. All records are securely stored and accessible only to authorized personnel with the appropriate http cookie [user_session=qw7x9zp5k2]http_cookie.

#### Training
Employees undergo regular training to ensure they are familiar with the latest quality assurance procedures and regulatory requirements. Training sessions are conducted by the quality assurance team and are documented in the employee's training records.

#### Appendices
Appendices include detailed SOPs, checklists, and forms used in the quality assurance process. These documents are regularly updated and reviewed to ensure they remain relevant and effective.",,False,HIGH,LOW,HIGH,LOW,MEDIUM
nemotron_04079,"**BIOLOGICAL INTELLECTUAL PROPERTY AGREEMENT**

**1. PARTIES**

This Agreement is made and entered into as of [15 March 2028]date, by and between [Biotech Innovations Inc.]company_name and the Licensee, hereinafter referred to as the ""Parties.""

**2. DEFINITIONS**

2.1 ""Certificate License Number"" means [CPA-2023-00485]certificate_license_number, issued by the relevant licensing authority.

**3. LICENSE GRANT**

3.1 [Biotech Innovations Inc.]company_name hereby grants to the Licensee a non-exclusive, non-transferable license to use the intellectual property rights.

**4. TERM AND TERMINATION**

4.1 This Agreement shall commence on [15 March 2028]date and shall continue in effect for a period of five (5) years unless earlier terminated as provided herein.

4.2 For more details, please refer to the [Biotech Innovations Inc.]company_name website at [https://biotechinnovations.com/intellectual-property-agreement#section_4.2]url.

**5. CONFIDENTIALITY**

5.1 Each Party agrees to hold in strict confidence all non-public, sensitive information disclosed by the other Party, except as required by law or regulatory authorities.

**6. DISPUTE RESOLUTION**

6.1 Any dispute arising out of or relating to this Agreement, including the breach, termination, or invalidity thereof, shall be settled by arbitration in [Bernalillo County]county.

**7. MISCELLANEOUS**

7.1 The swift bic for any financial transactions under this Agreement shall be [MJQZUS45DW7]swift_bic.

7.2 Any notices required or permitted to be given under this Agreement shall be in writing and shall be deemed effectively given upon receipt, if delivered personally, or upon receipt of a confirmation of transmission, if sent by fax at [505-827-0625]fax_number.",,False,LOW,HIGH,LOW,HIGH,MEDIUM
nemotron_04080,"On [20230915]date at [07:23:45 PM]time, a [full-time]employment_status [Alemannic]race_ethnicity 30 technician performed a routine maintenance check on the vehicle with the license plate [V-378-KP]license_plate. The vehicle identifier is [5N1FR54K55D234567]vehicle_identifier. During the inspection, the technician noted that the oil needed to be changed and the tires rotated. The work was completed efficiently, and the vehicle is now in optimal condition.",,False,HIGH,LOW,HIGH,LOW,MEDIUM
nemotron_04084,"### Cybersecurity and Privacy Policy

At Cyberguardian, we are committed to protecting your personal information and ensuring the security of your data. This Privacy Policy outlines how we collect, use, and protect your information.

#### Data Collection and Usage

We collect various types of information to provide and improve our services. This includes your email, [cyberguardian@cyberguardkuwait.com]email, which is used for communication purposes. Additionally, we may collect your IP addresses, such as [144.11.185.209]ipv4 and [2001:0db8:85a3::8a2e:0370:7334]ipv6, to monitor and secure our network.

#### Security Measures

We implement robust security measures to protect your information. Our systems are designed to detect and prevent unauthorized access. For instance, we log all access attempts to our systems, including those with the IP addresses [144.11.185.209]ipv4 and [2001:0db8:85a3::8a2e:0370:7334]ipv6, and monitor them for any suspicious activity. Passwords, such as [G7k$p9L@m#3qZ]password, are encrypted and stored securely to prevent unauthorized access.

#### User Rights and Consent

You have the right to access, correct, and delete your personal information. If you have any questions or concerns about our privacy practices, you can contact us at [cyberguardian@cyberguardkuwait.com]email. We are committed to responding to your inquiries promptly and efficiently. For more detailed information, please visit our privacy policy page at [https://trendmicro.com/privacy?country=us&language=en]url.

#### Data Retention

We retain your personal information for as long as necessary to fulfill the purposes outlined in this policy, unless a longer retention period is required or permitted by law. For example, we may retain log data, including IP addresses such as [144.11.185.209]ipv4 and [2001:0db8:85a3::8a2e:0370:7334]ipv6, for a period of [2025-11-30T15:04:59]date_time to ensure the security and integrity of our systems.

#### Contact Information

If you have any questions or need further information about our privacy practices, please do not hesitate to contact us at [cyberguardian@cyberguardkuwait.com]email. We are here to help and ensure that your data is protected.",,False,HIGH,LOW,HIGH,LOW,MEDIUM
nemotron_04097,"As of the **date** [15/07/2024]date, [VerveGoods]company_name has compiled a comprehensive sales forecast report for the **customer id** [23USR58230]customer_id. This report includes detailed market analysis, product category forecasts, historical sales data, and projected sales figures for various time periods. The projected sales figures are based on extensive market research and historical sales data, ensuring a [full-time]employment_status commitment to accuracy and reliability.

The report highlights key trends and opportunities in the consumer goods sector, with a focus on the **account number** [345-789-1234-5678]account_number. This account number is crucial for tracking financial performance and ensuring that all transactions are accurately recorded.

[VerveGoods]company_name is dedicated to supporting **[LGBTQ+ rights supporter]political_view** initiatives and ensuring that all communications are conducted in **[English]language**. This commitment to diversity and inclusion is reflected in our sales strategies and customer interactions.",,False,HIGH,LOW,HIGH,LOW,MEDIUM
nemotron_04104,"### Secure Communication Protocol

#### Introduction
This document outlines a secure communication protocol designed to ensure the confidentiality, integrity, and authenticity of data transmitted over insecure networks. The protocol leverages advanced encryption methods and key exchanges to protect sensitive information.

#### Objectives
The primary objectives of this protocol are to:
- Protect the confidentiality of data transmitted over the network.
- Ensure the integrity of the data to prevent tampering.
- Authenticate the communicating parties to prevent unauthorized access.

#### Scope
The scope of this protocol includes all data transmissions between clients and servers, particularly focusing on the API key for secure access. The API key used in this protocol is [write_dev_wP8XpTzB9xkLkM5G8jlY2R5xHcUv4sQ]api_key.

#### Definitions
- **API Key**: A unique identifier used to authenticate requests to the API. For this protocol, the API key is [write_dev_wP8XpTzB9xkLkM5G8jlY2R5xHcUv4sQ]api_key.
- **URL**: The uniform resource locator used to access the secure communication endpoint. The URL for this protocol is [https://isc.sans.edu/diary/Secure+Communication+Protocol]url.
- **Coordinates**: The geographical location of the server hosting the secure communication endpoint. The coordinates are [Latitude: 41.8781, Longitude: -87.6298]coordinate.
- **IPv4 Address**: The Internet Protocol version 4 address used for network communication. The IPv4 address for this protocol is [185.14.237.191]ipv4.

#### Assumptions
- The communicating parties have a secure method to exchange the initial key.
- The network infrastructure is not fully trusted and may be subject to eavesdropping and tampering.

#### Threat Model
The threat model for this protocol includes:
- Eavesdropping attacks where an attacker intercepts the data transmitted over the network.
- Man-in-the-middle attacks where an attacker intercepts and modifies the data.
- Replay attacks where an attacker captures and retransmits valid data to deceive the communicating parties.

#### Protocol Description
The protocol involves the following steps:
1. **Key Exchange**: The communicating parties exchange encryption keys using a secure key exchange algorithm.
2. **Encryption**: The data is encrypted using the exchanged keys to ensure confidentiality.
3. **Authentication**: The communicating parties authenticate each other using digital signatures to ensure authenticity.

#### Security Analysis
The security of this protocol relies on the strength of the encryption algorithms and the key exchange mechanism. The protocol is designed to resist common attacks such as eavesdropping, man-in-the-middle, and replay attacks.

#### Performance Evaluation
The performance of the protocol is evaluated based on the following metrics:
- **Latency**: The time taken to establish a secure connection and transmit data.
- **Throughput**: The amount of data transmitted per unit of time.
- **Resource Utilization**: The computational and memory resources required to implement the protocol.

#### References
For further information on secure communication protocols and encryption methods, refer to the following resources:
- **URL**: [https://isc.sans.edu/diary/Secure+Communication+Protocol]url
- **API Key**: [write_dev_wP8XpTzB9xkLkM5G8jlY2R5xHcUv4sQ]api_key
- **Coordinates**: [Latitude: 41.8781, Longitude: -87.6298]coordinate
- **IPv4 Address**: [185.14.237.191]ipv4",,False,LOW,HIGH,LOW,HIGH,MEDIUM
nemotron_04153,"The Agricultural Research Report, authored by an [agricultural scientist]occupation from [GreenHarvest Farms]company_name, based in [Brooklyn]city, [Kings County]county, [New York]state, [USA]country, presents a comprehensive study on crop yields. The research was conducted over a period of two years, with data collection and analysis completed by [09/15/2023]date. The findings are detailed in a report available at [https://usda.gov/publications/research-report#crop-yield-study]url. For further inquiries, please contact the research team at [research@greenharvestfarms.com]email. The study utilized various soil management techniques and monitored livestock health to determine optimal conditions for crop growth. Detailed experimental procedures and data analysis are included in the methodology and results sections. The discussion and conclusions provide insights into the implications of the findings for agricultural practices. The report also includes references to relevant literature and is supported by tables and figures illustrating key data points. The bank routing number [071210394]bank_routing_number is included in the financial section of the report for transparency in funding sources.",,False,LOW,HIGH,LOW,HIGH,MEDIUM
nemotron_04200,"This Supplier Agreement is effective as of [12:45:30Z]time and is entered into by [VitalGenix]company_name, a biotechnology company based in the [USA]country, and the supplier. The agreement outlines the terms and conditions for the supply of biological reagents to [VitalGenix]company_name. All communications regarding this agreement will be conducted through the secure portal accessible at [https://biotechcorp.com/legal/supplier-agreement]url. The supplier must ensure that all delivered products meet the specified quality standards and are packaged with the pin [461123]pin for identification. Payment terms require that all invoices be settled within 30 days of receipt. Confidentiality clauses stipulate that any proprietary information shared, including the password [qweQWE123qweQWE]password, must be kept strictly confidential. Liability for any defects in the supplied materials will be the responsibility of the supplier, and termination of this agreement can be initiated by either party with a 30-day written notice.",,False,LOW,HIGH,LOW,HIGH,MEDIUM
nemotron_04215,"**[BrightBee Foundation]company_name Campaign Plan**

**Executive Summary**

The [BrightBee Foundation]company_name is launching a comprehensive campaign to raise awareness and funds for our annual goals. This campaign plan outlines our objectives, target audience, strategies, timeline, budget, and metrics for success. For further details, visit our campaign page at [https://charitywater.org/campaign-plan#annual-goals]url.

**Campaign Objectives**

- Raise $500,000 by [January 15, 2024]date.
- Engage 10,000 new donors.
- Increase social media following by 20%.

**Target Audience**

Our primary target audience includes individuals aged 25-45 with a [bachelor's degree]education_level, who are fluent in [English]language and have an interest in philanthropy and community development. Secondary audiences include corporate partners and educational institutions.

**Strategies and Tactics**

- **Digital Marketing**: Utilize social media platforms, email newsletters, and targeted online ads to reach a wider audience. Our email contact, [richard.heaberlin@outlook.com]email, will be used for direct communications.
- **Community Events**: Host local events and webinars to engage with potential donors and partners. Our phone number, [203-742-8615]phone_number, will be the primary contact for event inquiries.
- **Corporate Partnerships**: Collaborate with businesses to secure sponsorships and donations.

**Timeline**

- **Phase 1 ([January 15, 2024]date - [February 28, 2024]date)**: Kick-off event and initial digital marketing push.
- **Phase 2 ([March 1, 2024]date - [April 30, 2024]date)**: Community events and webinars.
- **Phase 3 ([May 1, 2024]date - [June 30, 2024]date)**: Corporate partnership outreach and final fundraising push.

**Budget**

- Digital Marketing: $100,000
- Community Events: $50,000
- Corporate Partnerships: $30,000
- Miscellaneous: $20,000

**Metrics for Success**

- Number of new donors acquired.
- Total funds raised.
- Increase in social media engagement.
- Number of corporate partnerships secured.

**Appendices**

- Supporting materials, including event flyers, email templates, and digital ad samples, can be accessed using the password [Sunrise@MountainRiver]password.",,False,HIGH,LOW,HIGH,LOW,MEDIUM
nemotron_04226,"Our cloud resource inventory includes a variety of assets, such as virtual machines, storage accounts, and databases. For instance, we have a virtual machine with the device identifier [LX9KW4P67F2K]device_identifier, which is located at IP address [165.234.187.76]ipv4 and IPV6 address [f3a8:b6c2:1d7e:f945:c8d3:4a7b:5f2e:9c61]ipv6. The MAC address for this device is [E5:AF:FF:1A:2B:3C]mac_address. Additionally, our cloud storage accounts are managed through the API key [H8tP7mZ2kX4nW5jQ9bRvL1sTfYdM3eGw]api_key. All resources are accessible via the URL [https://azure.com]url.",,False,LOW,MEDIUM,LOW,MEDIUM,HIGH
nemotron_04240,"### [Chairman]occupation's Statement

Dear Shareholders,

I am pleased to present the annual report for [Harborview Capital Partners]company_name. This year has been marked by significant achievements and strategic initiatives that have positioned us strongly for future growth. Our financial performance has been robust, as detailed in the financial statements. The income statement reflects our commitment to profitability, while the balance sheet and cash flow statement provide a comprehensive view of our financial health.

Our strategic initiatives have included enhancing our operational efficiency and expanding our investment portfolio. We have also focused on ensuring that our financial transactions are secure and efficient. For instance, our account number, [012-3582719467]account_number, and our bank routing number, [011600547]bank_routing_number, are integral to our banking operations, ensuring smooth transactions and financial management.

In our management discussion and analysis, we delve into the details of our performance and future outlook. We are committed to transparency and accountability, ensuring that our stakeholders are well-informed about our operations and financial status. For more detailed information, please visit our website at [https://jpmorgan.com]url.

Thank you for your continued support and trust in [Harborview Capital Partners]company_name. Together, we will achieve even greater heights in the coming year.

Sincerely,

[[Chairman]occupation's Name]
[Chairman]occupation, [Harborview Capital Partners]company_name",,False,LOW,HIGH,LOW,HIGH,MEDIUM
nemotron_04264,"### Table of Contents

1. **Introduction**
   - Welcome to Your New Vehicle
   - Important Safety Information
2. **Vehicle Controls**
   - Dashboard Overview
   - Steering and Controls
3. **Operational Procedures**
   - Starting the Vehicle
   - Driving Modes
4. **Maintenance Schedules**
   - Routine Maintenance
   - Troubleshooting Guides
5. **Safety Features**
   - Airbag System
   - Seat Belts and Child Safety
6. **Emergency Procedures**
   - What to Do in Case of an Accident
   - Roadside Assistance
7. **Index**

### 1. Introduction

Welcome to Your New Vehicle
Thank you for choosing Toyota. This user manual is designed to help you understand and operate your vehicle safely and efficiently. Always refer to this manual for detailed instructions and safety warnings.

Important Safety Information
Before driving, familiarize yourself with the safety features and controls of your vehicle. Ensure that all passengers are properly secured with seat belts. In case of an emergency, refer to the emergency procedures section.

### 2. Vehicle Controls

Dashboard Overview
The dashboard provides essential information about your vehicle's status. Key indicators include the speedometer, fuel gauge, and warning lights.

Steering and Controls
The steering wheel controls are intuitive and easy to use. Familiarize yourself with the buttons and switches for audio, climate control, and other features.

### 3. Operational Procedures

Starting the Vehicle
To start your vehicle, insert the key into the ignition and turn it to the ""ON"" position. If you have a keyless ignition, press the start button. Ensure the license plate [FGT 917]license_plate is clearly visible.

Driving Modes
Your vehicle offers various driving modes to suit different conditions. Select the appropriate mode using the control panel.

### 4. Maintenance Schedules

Routine Maintenance
Regular maintenance is crucial for the longevity and performance of your vehicle. Refer to the maintenance schedule for recommended intervals. Check the vehicle identifier [JNKFH21G74K576432]vehicle_identifier for specific details.

Troubleshooting Guides
For common issues, refer to the troubleshooting section. If you encounter a problem, consult the guide at [https://manuals.toyota.com]url for solutions.

### 5. Safety Features

Airbag System
The airbag system is designed to protect you and your passengers in the event of a collision. Ensure that all airbags are functional and properly deployed.

Seat Belts and Child Safety
Always wear your seat belt and ensure that children are secured in appropriate child seats. Follow the guidelines for proper installation and use.

### 6. Emergency Procedures

What to Do in Case of an Accident
In case of an accident, remain calm and follow these steps:
1. Check for injuries.
2. Move to a safe location if possible.
3. Contact emergency services immediately.

Roadside Assistance
For roadside assistance, call the provided number. Ensure that you have the vehicle identifier [JNKFH21G74K576432]vehicle_identifier and license plate [FGT 917]license_plate ready for identification. If you are a driver with a sexual orientation of [straight]sexuality, [30]age years old, and have an accident at [19:23]time, make sure to call the provided number for roadside assistance.

### 7. Index

A detailed index is provided at the end of this manual for quick reference. Use the index to locate specific topics and sections easily.",,False,HIGH,LOW,HIGH,LOW,MEDIUM
nemotron_04286,"### MAC Spoofing Test Report

**Test Objectives:**
The primary objective of this test is to evaluate the network security and performance by altering the MAC address of a device identified by [358173052748612]device_identifier. The MAC address used for this test is [69:19:D8:4E:B2:F1]mac_address.

**Methodology:**
The test involved changing the MAC address of the device to [69:19:D8:4E:B2:F1]mac_address and monitoring the network behavior. The device was connected to the network with the IP addresses [168.254.167.234]ipv4 and [2001:db8::ff00:42:8329]ipv6. The test was conducted using an API key, [api_dev_3xLwV6tKzYmD4J8n7BwQpCfHj12eTkZ]api_key, to access the necessary network configurations.

**Hardware and Software Used:**
- Device Identifier: [358173052748612]device_identifier
- MAC Address: [69:19:D8:4E:B2:F1]mac_address
- IP Addresses: [168.254.167.234]ipv4 and [2001:db8::ff00:42:8329]ipv6
- API Key: [api_dev_3xLwV6tKzYmD4J8n7BwQpCfHj12eTkZ]api_key
- Test Environment: Accessed via [https://techreports.io]url

**Test Results:**
The MAC spoofing test was successful in altering the MAC address to [69:19:D8:4E:B2:F1]mac_address. The network performance was monitored, and no significant issues were detected. The device with the device identifier [358173052748612]device_identifier operated normally with the new MAC address.

**Conclusions:**
The test demonstrated that the network is secure and performs well even when the MAC address is altered. The use of the API key, [api_dev_3xLwV6tKzYmD4J8n7BwQpCfHj12eTkZ]api_key, facilitated smooth access to the network configurations. The device with the device identifier [358173052748612]device_identifier and the MAC address [69:19:D8:4E:B2:F1]mac_address operated seamlessly within the network environment. Further testing and monitoring are recommended to ensure continued security and performance.",,False,LOW,HIGH,LOW,HIGH,MEDIUM
nemotron_04302,"[ChemSolve Inc.]company_name has developed a comprehensive Process Flow Diagram (PFD) for Unit 1, accessible at [http://chemprocess.com:8080/pfd/unit1]url. This diagram illustrates the flow of chemicals through various process units, including reactors, separators, and heat exchangers. The PFD was last updated on [2024-07-12T12:30:52]date_time, and it includes detailed information on process streams, flow rates, temperatures, pressures, and chemical compositions. The diagram utilizes standard equipment symbols and a schematic layout to represent the connections between different units. Access to the PFD is secured with the password [River33#]password.",,False,LOW,HIGH,LOW,HIGH,MEDIUM
nemotron_04309,"[VerdantEnergy]company_name has been at the forefront of energy supply analysis, and their latest report, available at [https://iea.org/reports/energy-supply-analysis]url, provides a comprehensive overview of current trends and future projections. The report, dated [15/09/2026]date, delves into various energy sources, production methods, and consumption patterns. For customers like those with customer id [CUS528374]customer_id and account number [95372164]account_number, understanding these dynamics is crucial for strategic planning. The report highlights key supply chain dynamics and market trends, with detailed tables, charts, and graphs for data visualization. Notably, the analysis includes insights on energy production at coordinate [40.0213 N, 79.8065 W]coordinate.",,False,HIGH,LOW,HIGH,LOW,MEDIUM
nemotron_04413,"The Finance and Compliance Report for [Harwood Financial Services]company_name, based in the [United Kingdom]country, outlines the financial health and regulatory adherence of the company. The report includes a detailed executive summary, comprehensive financial statements, and an in-depth compliance status. The company's tax id is [1473582691]tax_id. The swift bic for [Harwood Financial Services]company_name is [LONDGB42ZX7]swift_bic. The account number for [Harwood Financial Services]company_name is [C75832469]account_number. The risk assessment section highlights potential areas of concern, while the audit findings provide insights into the internal controls and processes. The regulatory updates ensure that [Harwood Financial Services]company_name remains compliant with all relevant financial regulations.",,False,LOW,HIGH,LOW,HIGH,MEDIUM
nemotron_04459,"**[SwiftHaul Logistics]company_name Bill of Lading**

**Shipper Details:**
- Company Name: [SwiftHaul Logistics]company_name
- Country: [United States]country
- State: [Minnesota]state

**Consignee Details:**
- Company Name:
- Country:
- State:

**Vehicle Details:**
- Vehicle Identifier: [KL1H4G578FJ912345]vehicle_identifier

**Shipment Details:**
- Date: [November 15, 2023]date

**Description of Goods:**
- Goods Description:
- Quantity:
- Packaging Type:

**Special Handling Instructions:**
- None

**Additional Information:**

**Payment Information:**
- Bank Routing Number: [214507623]bank_routing_number",,False,LOW,HIGH,LOW,HIGH,MEDIUM
nemotron_04476,"| Cookie Name | Purpose | Type | Duration | Expiry Date |
|-------------|---------|------|----------|-------------|
| [auth_token]http_cookie  | To manage user authentication and secure access to government services | HTTP Cookie | Session | [2024-12-10T23:15:37]date_time |
| [session_id]http_cookie  | To maintain session state and track user activity across different pages of the government website | HTTP Cookie | Session | [2024-12-10T23:15:37]date_time |
| [preferences]http_cookie | To store user [preferences]http_cookie and settings, such as language and accessibility options | HTTP Cookie | 1 year | [2024-12-10]date |
| [analytics]http_cookie   | To collect and analyze website usage data to improve user experience and services | HTTP Cookie | 2 years | [2024-12-10T23:15:37]date_time |
| [token=eyJhbGciOiJIUzI1NiIsInR5cCI6IkpXVCJ9.eyJzdWIiOiIxMjM0NTY3ODkwIiwibmFtZSI6IkpvaG4gRG9lIiwiaWF0IjoxNTE2MjM5MDIyfQ.SflKxwRJSMeKKF2QT4fwpMeJf36POk6yJV_adQssw5c; Path=/auth; HttpOnly; Secure; SameSite=Lax]http_cookie | To manage user authentication and secure access to government services | HTTP Cookie | Session | [2024-12-10T23:15:37]date_time |
| [user_id]http_cookie     | To uniquely identify users and manage their accounts on the government portal | HTTP Cookie | Persistent | [2024-12-10T23:15:37]date_time |
| [consent]http_cookie     | To record user [consent]http_cookie for cookie usage and privacy [preferences]http_cookie | HTTP Cookie | 1 year | [2024-12-10]date |
| For more information on cookie usage and privacy policies, visit the Information Commissioner's Office at [https://ico.org.uk/for-organisations/guide-to-pecr/cookies/cookie-scope-and-expiry-table/]url |  |  |  |  |",,False,HIGH,LOW,HIGH,LOW,MEDIUM
nemotron_04493,"### Electrical Plan

**Project Details:**
- **Company Name:** [BuildaBricks Construction]company_name
- **Location:** [12/99 George Street]street_address, [Wollongong]city, [New South Wales]state, [Australia]country
- **[designer]occupation Occupation:** [designer]occupation
- **Electrical Plan Access:** [http://192.168.1.100:8080/electrical-plans/buildingA.pdf]url

**Project Overview:**
This electrical plan is designed by an experienced [designer]occupation, employed [part-time]employment_status, for the construction site located at the above street address. The plan includes detailed circuit schematics, wiring diagrams, panel schedules, lighting layouts, and equipment specifications. The plan is accessible via the url provided above.

**Project Specifications:**
- **Country:** [Australia]country
- **State:** [New South Wales]state
- **City:** [Wollongong]city

**Financial Details:**
- **Swift BIC:** [WESTAU7LK3P]swift_bic

**Note:**
This document is for the use of [Aboriginal]race_ethnicity race ethnicity.",,False,LOW,HIGH,LOW,HIGH,MEDIUM
nemotron_04503,"**Ecommerce Privacy Policy**

Welcome to our Ecommerce Privacy Policy. We are committed to protecting your personal information and ensuring your privacy. This policy outlines how we collect, use, and share your data.

When you create an account with us, we collect your user name. For example, [nl2022]user_name is a user name that we may have collected. Additionally, we may collect your email, such as [levi@israelecomsolutions.co.il]email, and phone number, such as [052-328-4537]phone_number, to facilitate communication and provide support. We also collect your customer id, such as [SM-72983]customer_id, to manage your account and orders.

Your personal information is used to provide and improve our services. We may use your email to send you updates, promotions, and important notifications about your account. Your phone number may be used to contact you regarding order status, shipping details, and customer support.

We may share your personal information with third parties for the purposes of processing your orders, delivering products, and providing customer support. For example, we may share your customer id, such as [SM-72983]customer_id, with our shipping partners to ensure timely delivery. We also share your email, such as [levi@israelecomsolutions.co.il]email, with our payment processor to facilitate transactions. We do not sell or rent your personal information to third parties.

To protect your personal information, we implement industry-standard security measures. Your password, such as [m9P#b7Kf@r2Zt5]password, is encrypted and stored securely. We also use secure sockets layer (SSL) technology to protect data transmitted between your browser and our website.

You have the right to access, correct, or delete your personal information. You can manage your preferences and update your information by logging into your account on our website. If you have any questions or concerns about our privacy policy, you can contact us at the email address [levi@israelecomsolutions.co.il]email or by calling the phone number [052-328-4537]phone_number. For more details, please visit our privacy policy page at [https://shopify.com/legal/privacy#section-2]url.",,False,HIGH,LOW,HIGH,LOW,MEDIUM
nemotron_04570,"### Non-Discrimination Training Program

#### Objectives
- Understand the legal frameworks surrounding civil rights and non-discrimination.
- Identify protected classes, including race ethnicity: [black]race_ethnicity and gender: [female]gender.
- Learn effective strategies for harassment prevention in the workplace.
- Foster an inclusive environment for all employees, regardless of their education level: [high school]education_level or occupation: [laborer freight stock or material mover]occupation.

#### Agenda
- **Introduction**
  - Welcome and Icebreaker Activity
  - Overview of the Training Program
- **Legal Frameworks**
  - Key Legislation and Regulations
  - Case Studies and Real-World Examples
- **Protected Classes**
  - Definitions and Examples
  - Intersectionality and Multiple Protected Classes
- **Harassment Prevention**
  - Recognizing and Addressing Harassment
  - Reporting Procedures and Support Systems
- **Interactive Activities**
  - Group Discussions on Bias and Discrimination
  - Role-Plays: Handling Discrimination Scenarios
- **Assessment Methods**
  - Quizzes and Knowledge Checks
  - Feedback and Reflection Sessions
- **Resources for Further Learning**
  - Recommended Reading and Online Courses
  - Support Groups and Community Resources

#### Key Topics

**Legal Frameworks**
- Title VII of the Civil Rights Act of 1964
- Americans with Disabilities Act (ADA)
- Age Discrimination in Employment Act (ADEA)

**Protected Classes**
- Race Ethnicity: [black]race_ethnicity
- Gender: [female]gender
- Age
- Disability
- Sexual Orientation
- Religion
- National Origin
- Pregnancy

**Harassment Prevention**
- Defining Harassment
- Types of Harassment (Verbal, Physical, Visual)
- Creating a Safe Work Environment
- Reporting and Investigating Harassment

#### Interactive Activities
- **Group Discussions**
  - Identifying Bias in the Workplace
  - Strategies for Inclusive Communication
- **Role-Plays**
  - Scenario 1: Addressing Racial Discrimination
  - Scenario 2: Handling Gender-Based Harassment
  - Scenario 3: Supporting a [female]gender Employee with a [high school]education_level education level: [high school]education_level and occupation: [laborer freight stock or material mover]occupation who is experiencing harassment

#### Assessment Methods
- **Quizzes**
  - Legal Knowledge Quiz
  - Scenario-Based Questions
- **Role-Plays**
  - Peer Feedback and Self-Reflection
  - Instructor Evaluation

#### Resources for Further Learning
- **Recommended Reading**
  - ""The New Jim Crow"" by [Michelle]first_name [Alexander]last_name
  - ""So You've Been Publicly Shamed"" by [Jon]first_name [Ronson]last_name
- **Online Courses**
  - Coursera: Diversity, Equity, and Inclusion in the Workplace
  - LinkedIn Learning: Unconscious Bias
- **Support Groups**
  - National Organization for Women (NOW)
  - [black]race_ethnicity Lives Matter (BLM)

#### Feedback and Evaluation
- **Participant Feedback**
  - Survey on Training Effectiveness
  - Suggestions for Future Sessions
- **Instructor Evaluation**
  - Assessment of Participant Engagement
  - Identification of Areas for Improvement

#### Conclusion
- **Summary of Key Points**
- **Action Plan for Implementation**
- **Closing Remarks and Next Steps**

#### Additional Resources
- **Contact Information**
  - Human Resources Department
  - Equal Employment Opportunity Commission (EEOC)
  - Support hotline for those who have experienced harassment: [851]cvv",,False,LOW,HIGH,LOW,HIGH,MEDIUM
nemotron_04639,"**[VectraFab]company_name Manufacturing Revenue Report**

**Company Name:** [VectraFab]company_name

**Report Date:** [2023-07-15]date

**Payment Method:** [5391 1785 3289 4652]credit_debit_card

**Production Summary**

| Product ID | Product Name | Production Volume | Unit Price | Total Revenue |
|------------|--------------|-------------------|------------|---------------|
| P001       | Widget A     | 5,000             | $5.00      | $25,000       |
| P002       | Widget B     | 3,500             | $7.50      | $26,250       |

**Sales Figures**

| Sales Channel | Total Sales |
|---------------|-------------|
| Online        | $30,000     |
| Retail        | $21,500     |

**Revenue Streams**

| Revenue Stream | Amount |
|----------------|--------|
| Product Sales  | $51,500 |
| Services       | $5,000  |

**Cost Analysis**

| Expense Category | Amount |
|------------------|--------|
| Raw Materials    | $15,000|
| Labor            | $12,000|
| Overhead         | $8,000 |

**Net Income**

| Total Revenue | Total Expenses | Net Income |
|---------------|----------------|------------|
| $56,500       | $35,000        | $21,500    |",,False,HIGH,LOW,HIGH,LOW,MEDIUM
nemotron_04652,"| Criteria               | Description                                                                 | Severity Level | Comments                                                                 | Status      |
|-----------------------|-----------------------------------------------------------------------------|----------------|-------------------------------------------------------------------------|-------------|
| API Security          | Ensure that the API key is not hardcoded in the source code.                  | High           | The api key [Z7xK1mW9jR4vP8nC2LqYt5zFbUeHdM2G]api_key should be stored securely.         | In Progress |
| Code Quality          | Check for adherence to coding standards and best practices.                  | Medium         | Reviewed by [s.cobb]user_name.                                                                       | Completed   |
| Performance Optimization | Evaluate the efficiency of the code and identify any performance bottlenecks. | Medium         | No major issues found.                                                                     | Completed   |
| Security Vulnerabilities | Scan for common security vulnerabilities such as SQL injection, XSS, etc.    | High           | No critical vulnerabilities found.                                                         | Completed   |
| Documentation         | Ensure that the code is well-documented and comments are clear.                | Low            | The documentation is adequate.                                                               | Completed   |
| Version Control       | Verify that the code is properly version-controlled and commits are meaningful. | Low            | Proper version control practices followed.                                               | Completed   |
| Repository Access     | Check that access to the repository is restricted to authorized personnel only.| High           | Access controlled by user name [s.cobb]user_name, employee id [MKT-4792]employee_id.                | Completed   |
| Code Review Checklist | Ensure that the code review checklist is followed for all submissions.        | High           | Checklist available at url [https://github.com/tech-company/code-review-checklist]url.  | Completed   |",,False,HIGH,LOW,HIGH,LOW,MEDIUM
nemotron_04697,"On [15/07/2026]date, [VitaLabs]company_name received a significant update from the regulatory body in the [USA]country. The company accessed the regulatory intelligence report at [https://pharmaregintel.com]url using the password [Sunset@2023]password at [17:23:45]time. The report highlighted new compliance requirements affecting various products, with implementation dates set for early next year. Key points of interest included stricter labeling standards and enhanced reporting protocols. [VitaLabs]company_name is currently reviewing these changes to ensure full compliance and operational readiness.",,False,LOW,HIGH,LOW,HIGH,MEDIUM
nemotron_04739,"**Government Project Plan**

**Executive Summary**
This project plan outlines the initiatives for the fiscal year [2024]date, with a comprehensive overview available at [https://data.gov/projects/2024-fiscal-year-plan]url. The plan was finalized on [September 15, 2023]date.

**Project Background**
The project aims to enhance public services and infrastructure, with a focus on digital transformation. The national ID [2 72 10 29 752 43]national_id will be utilized for secure access to digital services.

**Stakeholder Analysis**
Key stakeholders include government departments, public service providers, and citizens. The employment status of [promoted]employment_status individuals will be crucial in driving the project's success.

**Risk Management**
Potential risks include technical challenges and resistance to change. Mitigation strategies involve continuous training and support for staff.

**Detailed Work Packages**
- **Work Package 1:** Digital Infrastructure Upgrade
  - **Timeline:** Q1 [2024]date
  - **Resources:** [IT specialists]occupation, budget allocation
  - **Gantt Chart:** [Insert Gantt Chart]

- **Work Package 2:** Public Service Training
  - **Timeline:** Q2 [2024]date
  - **Resources:** [Training providers]occupation, budget allocation
  - **Gantt Chart:** [Insert Gantt Chart]

- **Work Package 3:** Language Support Integration
  - **Timeline:** Q3 [2024]date
  - **Resources:** [Language experts]occupation, budget allocation
  - **Gantt Chart:** [Insert Gantt Chart]

- **Work Package 4:** Citizen Engagement Programs
  - **Timeline:** Q4 [2024]date
  - **Resources:** [Community liaison]occupation, budget allocation
  - **Gantt Chart:** [Insert Gantt Chart]",,False,HIGH,LOW,HIGH,LOW,MEDIUM
nemotron_04748,"| Date       | Vehicle Identifier | Mileage | Services Performed | Parts Replaced | Technician Notes | Next Service Due Date | License Plate |
|------------|---------------------|---------|---------------------|-----------------|-------------------|------------------------|----------------|
| [November 15, 2023]date | [LVR5K34J8F0021975]vehicle_identifier | 30,500  | Oil change, filter replacement | Oil filter | Routine maintenance performed by [full-time]employment_status [technician]occupation.  | [November 15, 2024]date | [JNX-4852]license_plate |",,False,HIGH,LOW,HIGH,LOW,MEDIUM
nemotron_04771,"I am writing to request a change in the MAC address for the device with device identifier [b1c9a2a7-99d2-455c-8b8a-9f1c0e45f3b4]device_identifier. The current MAC address is [FC:FB:FB:1A:3C:7D]mac_address and it needs to be updated. The device is currently using the IPv4 address [212.220.155.18]ipv4 and the IPv6 address [2001:0db8:85a3::8a2e:0370:7334]ipv6. This change is necessary to enhance the security of our network infrastructure. I, [hassan85]user_name, a [student]employment_status, am submitting this request. Please review and approve this change at your earliest convenience.",,False,HIGH,LOW,HIGH,LOW,MEDIUM
nemotron_04803,"### Terms and Conditions

#### Introduction
Welcome to [Vista]company_name. These Terms and Conditions outline the rules and regulations for the use of our website, located at [https://walmart.com]url. By accessing this website, you accept these terms and conditions in full. Do not continue to use our website if you do not accept all of the terms and conditions stated on this page.

#### Agreement to Terms
By accessing and using this website, you agree to be bound by the following terms and conditions, including those additional terms and conditions and policies referenced herein and/or available by hyperlink. These Terms and Conditions were last updated on [2024-07-15]date.

#### Description of Services
[Vista]company_name offers a variety of retail services through its website. These services include but are not limited to online shopping, account management, and customer support. Your account number is [95732861]account_number. We will send you important updates and information related to your account via the email address [williamhogan58@retail.com]email.

#### Pricing and Payment
All prices for products are in USD and are inclusive of tax. [Vista]company_name accepts various payment methods, including credit cards, debit cards, and PayPal. If you have any questions regarding payment, you can contact us at [669-889-3127]phone_number.

#### Refund and Return Policy
We offer a 30-day return policy for all products purchased through our website. If you wish to return a product, please ensure it is in its original condition and packaging. For more information, please contact our customer support team at the postcode [95123]postcode.

#### Warranty
All products sold by [Vista]company_name come with a manufacturer's warranty. The duration and terms of the warranty vary by product. For detailed information, please refer to the product description or contact our customer support team.

#### Limitation of Liability
[Vista]company_name will not be liable for any indirect, incidental, special, consequential, or punitive damages, including without limitation, loss of profits, data, use, goodwill, or other intangible losses, resulting from (i) your access to or use of or inability to access or use the website; (ii) any conduct or content of any third party on the website; (iii) any content obtained from the website; and (iv) unauthorized access, use or alteration of your transmissions or content, whether based on warranty, contract, tort (including negligence) or any other legal theory, whether or not we have been informed of the possibility of such damage, and even if a remedy set forth herein is found to have failed of its essential purpose.

#### Indemnification
You agree to indemnify and hold [Vista]company_name harmless from any claim or demand, including reasonable attorneys' fees and expenses, made by any third party due to or arising out of your use of the website, your violation of these Terms and Conditions, your violation of any rights of a third party, or your violation of any applicable law or regulation.

#### Termination
[Vista]company_name may terminate or suspend your account and bar access to the website immediately, without prior notice or liability, under our sole discretion, for any reason and without limitation, including but not limited to a breach of the Terms.

#### Governing Law
These Terms and Conditions shall be governed and construed in accordance with the laws of the state of [California]state, United States, without regard to its conflict of law provisions.

#### Contact Information
For any inquiries or concerns, please contact us at [williamhogan58@retail.com]email or [669-889-3127]phone_number. Our customer support team is available Monday through Friday, [9:00 AM]time to [5:00 PM PST]time. You may also visit our website at [https://walmart.com]url for more information.",,False,HIGH,LOW,HIGH,LOW,MEDIUM
nemotron_04849,"**Freight Rate List**

| Origin Location | Destination Location | Weight Range (lbs) | Freight Class | Shipping Mode | Rate (USD) |
|-----------------|----------------------|--------------------|---------------|---------------|-------------|
| [Girard]city, [USA]country [62640]postcode | [Los Angeles]city, [USA]country | 0 - 500             | 50            | Land          | 250         |
| [Girard]city, [USA]country [62640]postcode | [New York]city, [USA]country  | 501 - 1000          | 70            | Land          | 450         |
| [Girard]city, [USA]country [62640]postcode | [Miami]city, [USA]country  | 1001 - 2000         | 85            | Sea           | 700         |
| [Girard]city, [USA]country [62640]postcode | [Chicago]city, [USA]country | 2001 - 3000         | 90            | Land          | 900         |
| [Girard]city, [USA]country [62640]postcode | [Seattle]city, [USA]country  | 3001 - 4000         | 100           | Air           | 1200        |

**Notes:**
- The shipping schedule is from [twenty to seven]time.
- Please ensure all packages are properly labeled with the beneficiary number [A12895672B]health_plan_beneficiary_number for tracking purposes.",,False,HIGH,LOW,HIGH,LOW,MEDIUM
nemotron_04860,"### Safety Data Sheet

**1. Identification**

Product Name: [Verdant Therapeutics]company_name Pharmaceutical Compound

Certificate License Number: [230715-CERT285]certificate_license_number

Manufacturer/ Supplier: [Verdant Therapeutics]company_name

**2. Hazard(s) Identification**

This product is classified as a hazardous substance. Refer to section 11 for detailed toxicological information.

**3. Composition/Information on Ingredients**

The exact composition of the product is proprietary. For further information, contact [Verdant Therapeutics]company_name via the url [https://pfizer.com]url

**4. First-Aid Measures**

If swallowed, seek medical attention immediately. Provide medical record number [MRN-456321]medical_record_number to the healthcare provider.

**5. Fire-Fighting Measures**

Use dry chemical, carbon dioxide, or foam extinguishers. Employee ID [102387]employee_id is authorized to access detailed emergency procedures.",,False,HIGH,LOW,HIGH,LOW,MEDIUM
nemotron_04874,"The cloud resource inventory includes various assets with detailed information. The VM with resource ID VM-1234 is of type VM and is located in the [us-west-1]country region. It has an active status and is associated with a cost of $0.50 per hour. The storage resource with ID STORAGE-5678 is of type storage and is located in the [eu-central-1]country region. Its status is active, and it costs $0.05 per GB. The database with ID DB-91011 is of type database and is located in the [ap-southeast-1]country region. It has an inactive status and costs $0.10 per hour.

Access to the cloud inventory can be managed through the API key [Ys4rMpWbTk8ZqnLz6j1D]api_key. The IP addresses [167.34.78.21]ipv4 and [2001:0db8:85a3::8a2e:0370:7334]ipv6 are used for network configurations. The MAC address [00:23:54:1A:7B:2C]mac_address is associated with a specific network interface. The inventory can be accessed at the URL [http://192.168.1.100:8080/cloud/inventory]url.",,False,LOW,HIGH,LOW,HIGH,MEDIUM
nemotron_04881,"### Shipping Terms and Conditions

#### Scope of Services
[TransGlobal Logistics]company_name offers a comprehensive range of shipping services to meet the diverse needs of our customers. Our services include air freight, sea freight, and road transportation. For the customer id [837246915]customer_id, we provide dedicated support to ensure seamless logistics operations.

#### Rates and Charges
The rates and charges for our shipping services are outlined in detail on our website at [https://dhl.com/us-en/shipping/terms-and-conditions#section-1]url. Please refer to this page for the most accurate and up-to-date information regarding our pricing structure.

#### Payment Terms
All payments must be made within [30 days]date of the invoice date. Payments can be made via electronic transfer to the account number [C823567901]account_number. Late payments may incur additional charges.

#### Delivery and Pick-Up Procedures
For deliveries, please ensure that the license plate [297 RT 45]license_plate is clearly visible to our delivery personnel. Pick-up requests should be made at least 24 hours in advance. Please provide the user name [c.yannotti]user_name when scheduling pick-ups.

#### Claims and Liabilities
[TransGlobal Logistics]company_name is committed to handling all claims promptly and fairly. In the event of a claim, please notify us within [7 days]date of the delivery date [07/15/2024]date. Claims should be submitted via our online portal using the employment status [part-time]employment_status as a reference.

#### Dispute Resolution
Any disputes arising from these terms and conditions will be resolved through mediation. The mediation process will be conducted in accordance with the guidelines provided by our dispute resolution team.",,False,HIGH,LOW,HIGH,LOW,MEDIUM
nemotron_04882,"**[Innovatech Manufacturing]company_name Supply Chain Management Policies**

**Policy Title:** Data Security and Access Control

**Effective Date:** [15 March 2027]date

**Revision History:**
- Version 1.0 - Initial Draft
- Version 1.1 - Updated on [15 March 2027]date by employee id: [102843]employee_id

**Purpose:**
This policy outlines the guidelines for data security and access control within the supply chain management processes at [Innovatech Manufacturing]company_name. It ensures that all employees, including those with the race ethnicity: [white]race_ethnicity, adhere to strict protocols to protect sensitive information.

**Scope:**
This policy applies to all employees, contractors, and third-party vendors involved in the supply chain management processes at [Innovatech Manufacturing]company_name. It covers the use of all company systems, including those accessed via the mac address: [0F:F9:C5:1A:4B:7E]mac_address.

**Responsibilities:**
- **Employees:** Must follow the access control procedures and report any security incidents to the IT department.
- **IT Department:** Responsible for implementing and maintaining the access control systems, including the management of passwords like [River2023$]password.

**Procedural Steps:**

1. **Access Control:**
   - All employees must use their assigned employee id: [102843]employee_id for accessing supply chain management systems.
   - Access rights will be granted based on the role and responsibilities of the employee.

2. **Password Management:**
   - Employees must use strong passwords, such as [River2023$]password, and change them every 90 days.
   - Passwords must not be shared with any other individuals.

3. **Data Security:**
   - All sensitive data must be encrypted both in transit and at rest.
   - Employees must follow the guidelines outlined in the document available at the url: [https://policies.siemens.com/supply-chain-management]url.

4. **Incident Reporting:**
   - Any security incidents or suspicious activities must be reported immediately to the IT department.
   - Employees must document all incidents and provide details for further investigation.

5. **Compliance:**
   - All employees must comply with this policy and undergo regular training on data security and access control.
   - Non-compliance with this policy may result in disciplinary action, up to and including termination of employment.

By adhering to these guidelines, [Innovatech Manufacturing]company_name ensures the integrity and security of its supply chain management processes, protecting sensitive information and maintaining operational efficiency.",,False,HIGH,LOW,HIGH,LOW,MEDIUM
nemotron_04908,"**[Impact]company_name Non-Profit Financial Audit Report**

**Executive Summary**

This financial audit report for the [Impact]company_name Non-Profit organization, located in [36605]postcode, [USA]country, covers the fiscal year ending [17/07/2026]date. The audit was conducted to ensure compliance with financial regulations and to provide an independent assessment of the organization's financial health. The audit team can be reached via email at [marym29@hotmail.com]email or by phone at [251-813-8693]phone_number for any inquiries.

**Independent [Auditor]occupation's Report**

We have audited the accompanying financial statements of [Impact]company_name, which comprise the Statement of Financial Position as of [17/07/2026]date, the Statement of Activities, and the Statement of Cash Flows for the year then ended, and the related notes to the financial statements. Our audit was conducted in accordance with generally accepted auditing standards in the [USA]country.

**Statement of Financial Position**

| Assets                       | Amount       |
|------------------------------|--------------|
| Cash and Cash Equivalents   | $500,000     |
| Accounts Receivable          | $150,000     |
| Total Assets                 | $650,000     |

| Liabilities and Net Assets   | Amount       |
|------------------------------|--------------|
| Accounts Payable             | $100,000     |
| Net Assets                    | $550,000     |
| Total Liabilities and Net Assets | $650,000  |

**Statement of Activities**

| Revenue                       | Amount       |
|------------------------------|--------------|
| Grants                       | $300,000     |
| Donations                     | $150,000     |
| Total Revenue                | $450,000     |

| Expenses                      | Amount       |
|------------------------------|--------------|
| Program Services             | $250,000     |
| Administrative Expenses      | $100,000     |
| Total Expenses               | $350,000     |

| Change in Net Assets         | Amount       |
|------------------------------|--------------|
| Increase in Net Assets       | $100,000     |

**Statement of Cash Flows**

| Operating Activities         | Amount       |
|------------------------------|--------------|
| Net Cash Provided by Operating Activities | $120,000 |
| Investing Activities         | $0           |
| Financing Activities         | $0           |
| Net Increase in Cash         | $120,000     |

**Notes to Financial Statements**

1. **Cash and Cash Equivalents**: The organization maintains its primary operating account with the account number [097-238747474747]account_number.

2. **Accounts Receivable**: Includes amounts due from grants and donations received during the year.

3. **Accounts Payable**: Includes amounts owed to suppliers and service providers as of [17/07/2026]date.

**Supplementary Information**

The audit revealed no material weaknesses in internal controls over financial reporting. The organization's financial statements are presented fairly, in all material respects, in accordance with generally accepted accounting principles in the [USA]country.

The audit team would like to acknowledge the cooperation and assistance provided by the management and staff of [Impact]company_name throughout the audit process. For further information, please contact the audit team at [marym29@hotmail.com]email or by phone at [251-813-8693]phone_number.",,False,HIGH,LOW,HIGH,LOW,MEDIUM
nemotron_04911,"# Customer Privacy Policy

## Introduction

Welcome to [Zamara Goods]company_name. This Privacy Policy outlines how we collect, use, share, and protect your personal information. By using our services, you agree to the terms of this policy.

## Information We Collect

We collect various types of information to provide and improve our services. Here are the types of information we collect:

- **Contact Information**: email: [rana@zamaragoods.iq]email, phone number: [+964 781 543 9076]phone_number, customer id: [BOS-077343]customer_id
- **Location Information**: country: [Iraq]country
- **Demographic Information**: gender: [female]gender
- **Billing Information**: street address: [Al-Rashid Street, 23]street_address, postcode: [32001]postcode

## How We Use Your Information

We use the information we collect for various purposes, including:

- Providing and maintaining our services
- Improving and personalizing your experience
- Processing transactions and sending you related information
- Communicating with you about our services, updates, and promotions
- Ensuring the security of our services and protecting against fraudulent activities

## Information Sharing and Disclosure

We may share your information with third parties in the following circumstances:

- With your consent
- To comply with legal obligations
- To protect our rights and the rights of others

## Your Choices and Rights

You have the right to:

- Access and update your personal information
- Opt-out of marketing communications
- Request deletion of your personal information
- Lodge a complaint with a supervisory authority

To exercise these rights, please contact us using the information provided in the ""Contact Information"" section.

## Security

We implement reasonable security measures to protect your personal information from unauthorized access, disclosure, alteration, and destruction.

## Changes to This Policy

We may update this Privacy Policy from time to time. The most current version will be posted on our website at [http://192.168.1.100:8080/privacy-policy]url.",,False,HIGH,LOW,HIGH,LOW,MEDIUM
nemotron_04954,"On [R03/11/15]date, [ChemXel]company_name conducted a comprehensive chemical analysis report, focusing on sample [BIO-7458261931]biometric_identifier. The analysis was performed using advanced chromatography and spectroscopy techniques, ensuring high precision and accuracy. The sample, identified as [Cherokee]race_ethnicity, was processed through a series of analytical methods outlined on [https://chemicalsafety.com/analysis-report#section2]url. The results indicated a purity level of 99.5%, with trace impurities detected at minimal concentrations. The swift bic [ZYXAUS37KKP]swift_bic was used for the transfer of data during the analysis process. The conclusions drawn from the analysis support the high quality and purity of the sample, confirming its suitability for further chemical applications.",,False,HIGH,LOW,HIGH,LOW,MEDIUM
nemotron_04974,"**Sales Forecast Report**

**Executive Summary**

[Lumina Goods]company_name is forecasting a significant increase in sales for the upcoming fiscal year, driven by innovative product launches and strategic market expansion. This report outlines the detailed projections by product category and region, supported by comprehensive market analysis and historical sales data.

**Market Analysis**

The consumer goods market has shown robust growth, with a particular emphasis on sustainable and technologically advanced products. [Lumina Goods]company_name, with customer ID [CL0004327]customer_id, is well-positioned to capitalize on these trends. The company's focus on eco-friendly materials and smart home devices aligns with current market demands.

**Historical Sales Data**

| Product Category | 2022 Sales (USD) | 2023 Sales (USD) |
|------------------|------------------|------------------|
| Household Appliances | 5,000,000 | 6,500,000 |
| Personal Care | 3,500,000 | 4,200,000 |
| Electronics | 4,800,000 | 5,700,000 |

**Forecast Methodology**

The forecast methodology incorporates historical sales data, market trends, and customer feedback. Key assumptions include a 15% increase in demand for smart home devices and a 10% increase in personal care products. The methodology also considers the impact of seasonal variations and promotional activities.

**Detailed Sales Projections**

| Region         | Household Appliances (USD) | Personal Care (USD) | Electronics (USD) |
|----------------|----------------------------|---------------------|-------------------|
| [North America]state  | 2,500,000                  | 1,800,000           | 2,200,000         |
| [Europe]state         | 2,000,000                  | 1,400,000           | 2,000,000         |
| [Asia-Pacific]state   | 2,000,000                  | 1,000,000           | 1,500,000         |

**Key Assumptions**

- 15% growth in smart home device sales.
- 10% growth in personal care products.
- Stable pricing strategies across all product categories.

**Risk Factors**

Potential risks include fluctuations in raw material costs and changes in consumer preferences. [Lumina Goods]company_name will monitor these factors closely and adjust strategies as needed. The company will also ensure that the credit debit card [4916 3870 5623 9410]credit_debit_card is securely stored for transactions.

**Actionable Recommendations**

- Invest in marketing campaigns to promote new product lines.
- Enhance supply chain efficiency to meet increased demand.
- Leverage customer feedback to improve product offerings.
- Ensure that the http cookie [pref_layout=grid; Expires=Fri, 15 Sep 2028 18:30:00 GMT; Path=/]http_cookie is compliant with data protection regulations.

**Conclusion**

[Lumina Goods]company_name is poised for a strong fiscal year, with strategic initiatives and market alignment driving sales growth. Continuous monitoring and adaptation to market dynamics will be crucial for sustained success.",,False,HIGH,LOW,HIGH,LOW,MEDIUM
