sample_id,text,judge_c_label,judge_c_parse_status
wnut17_00000,@paulwalk It 's the view from where I 'm living for two weeks . Empire State Building = ESB . Pretty bad storm here last evening .,LOW,ok
wnut17_00001,From Green Newsfeed : AHFA extends deadline for Sage Award to Nov . 5 http://tinyurl.com/24agj38,LOW,ok
wnut17_00002,Pxleyes Top 50 Photography Contest Pictures of August 2010 ... http://bit.ly/bgCyZ0 #photography,LOW,ok
wnut17_00003,today is my last day at the office .,LOW,ok
wnut17_00004,"4Dbling 's place til monday , party party party . &lt; 3",LOW,ok
wnut17_00005,watching the VMA pre-show again lol it was n't even a good show the first time ... so bored !,LOW,ok
wnut17_00006,"RT @ er 1 cmau : # Catalonia ' s foreign minister @ raulromeva : "" legally voting to chose one ' s future is rooted in European practice """,UNKNOWN,fallback_unknown
wnut17_00007,RT @ nochillthalia : 1 . so lets start w this iconic vine https://t.co/GfaKNo5NDS,LOW,ok
wnut17_00008,RT @ JustDidItSport : When coach cancels practice https://t.co/02yy2CFmDR,LOW,ok
wnut17_00009,Gotta dress up for london fashion week and party in style !,LOW,ok
wnut17_00010,"@Suzie55 whispering cause I may have had 1 too many vodka 's last night and am a lil fragile , hold me ?",MEDIUM,ok
wnut17_00011,#NFL Week 2 picks blog is up on @The_Score website ... http://blogs.thescore.com/nfl/2010/09/17/pizzolaw2/,LOW,ok
wnut17_00012,I like @SouljaBoy songs after a few drinks,LOW,ok
wnut17_00013,"... asked me a question for once , but no ! You ask me about fucking donuts you donut ... have a nice day :P",LOW,ok
wnut17_00014,"every year your "" bestfriend "" get yo ass in trouble smdh #doinme",LOW,ok
wnut17_00015,RT @midgetmegs : hate people who write drunk status'. must be having a great time if your sat writing it on facebook .....,LOW,ok
wnut17_00016,@MrzEndy tru tru I 'm leavin again on Tuesday yo,LOW,ok
wnut17_00017,@ Hugo _ _ _ _ Hugo check it https://t.co/879v3gOyty,HIGH,ok
wnut17_00018,I heart Park(ing ) Day ! Photo of meter shark : http://bit.ly/aQun1b,LOW,ok
wnut17_00019,Why were Olive and Emma ' s powers changed in Miss Peregrine ' s Home for Peculiar Children ?,LOW,ok
wnut17_00020,Intensive speech therapy helps months after stroke https://t.co/opScLXtiC3,LOW,ok
wnut17_00021,RT @ glofuI : Some people will have to learn how to appreciate you by losing you .,LOW,ok
wnut17_00022,What is the connection between the Foucault pendulum and parallel transport ?,LOW,ok
wnut17_00023,A TRUE friend walks in when everybody else walks out !,LOW,ok
wnut17_00024,"Then raoul spoke m , her eyes in all their pains , oh madam mina .",LOW,ok
wnut17_00025,@_mistercory *Smiles up at him* Can we just ... sit together for a while before round two ?,LOW,ok
wnut17_00026,Make more if you like if you agree,LOW,ok
wnut17_00027,Are planes the new fight club ?,LOW,ok
wnut17_00028,@abzmedic I 'm missing autumn because of work . :( I must get into the forests tomorrow !,LOW,ok
wnut17_00029,Resonance of Fate ( End of Eternity ) is the only good game . Literally the only good game ever made .,LOW,ok
wnut17_00030,RT @Sexstrology : Pisces tend to escape into fantasy and day dreams . There they are free .,LOW,ok
wnut17_00031,Cant wait for the ravens game tomorrow .... go ray rice !!!!!!!,LOW,ok
wnut17_00032,"I just took "" When your mom makes you go live with your dad Scooter Braun , your life ..."" and got : Part 7 ! Try it : http://tinyurl.com/27r2pdz",UNKNOWN,fallback_unknown
wnut17_00033,Would take Ntep in a heartbeat and frankly Costil and Sagna would fix two of the weakest spots in the team right now .,LOW,ok
wnut17_00034,"There ' s nothing in law that says a politician ca n ' t switch parties , but the few times it ' s happened in history , the politician has been blacklisted by their previous party , and then not exactly welcomed by the new party because they are a turncoat , and could do it again . It is akin to political suicide .",LOW,ok
wnut17_00035,"Today I got a promotion at work , and tomorrow I 'm going home to Wisconsin for a few days . So content with life right now . :)",LOW,ok
wnut17_00036,TWEET ! @stjosephs Empls of the Month : Deborah L #Speech #Pathologist-Childrens Rehab and Patricia M #Referral/#Auth #Spec-#Womens #Care !,MEDIUM,ok
wnut17_00037,RT @LilTwist : RT this if you want me to go back live on Ustream later tonight,LOW,ok
wnut17_00038,I would like to enter the giveaway ! Thank you !,LOW,ok
wnut17_00039,"RT @ CarolSankar : “ The Confidence Factor for # Women : # Equalpay is important , especially for # girls ” https://t.co/MfkU0QLHs0 . @ girlsrockclt",LOW,ok
wnut17_00040,"Probably its the second time coming back from the dead , not just being in the world .",LOW,ok
wnut17_00041,"Bonfire tonite . All are welcome , joe included",LOW,ok
wnut17_00042,"@KFSH totally ! I can go a week w/o tv , phones or a computer . I get some time to myself and God . Brings peace into my life .",LOW,ok
wnut17_00043,"i want a bath but do n't have a bath , shut up , sam 's coming tomorrow and steve and tanya will be round at 10am so go away you mean people",LOW,ok
wnut17_00044,What Do S.F. Rabbis Eat Before and After Yom Kippur ? We Asked Five to Enlighten Us ! via @SFoodie http://bit.ly/aQrFUz,LOW,ok
wnut17_00045,"Not only is it #BattlestarGalactica 's 32nd Anniversary , tonite is the 3rd season premiere of #StarWars #TheCloneWars !!",LOW,ok
wnut17_00046,just about off work ! going to alderwood again :) yay . hopefully we got cody 's ipod in the mail today .,LOW,ok
wnut17_00047,# trapmusic # radio Instant Party ! - Horizons https://t.co/yjsUUapTjX,LOW,ok
wnut17_00048,Its stupid I hate getn a attitude from ppl when I 'm jus tryna be nice n shit . WTF now I 'm mad so dnt talk to me right now,LOW,ok
wnut17_00049,The Matrix : How did the Nebuchadnezzar know where to find Neo in the real world ?,LOW,ok
wnut17_00050,Last stop of the day thank goddddd (@ H-E-B Plus ) http://4sq.com/7RDhgd,LOW,ok
wnut17_00051,@itzkeving im getting mine off this monday :' ),LOW,ok
wnut17_00052,The media ' s narrative was not that that extreme but it definitely was attacking Trump and his supporters pretty much non- stop .,LOW,ok
wnut17_00053,See response from / u / imkatnotcat [ above ] ( https://www.reddit.com/r/newzealand/comments/5pl7f8/why_do_i_have_to_give_30_days_notice_to_move_isps/dcs13je/ ) .,LOW,ok
wnut17_00054,RT @ V _ of _ Europe : Europe ' s most horrible person is in the White House . The damage she ' s done to her country and our continent is unpr …,UNKNOWN,fallback_unknown
wnut17_00055,ohh he said the n word said tana I ' m calling the police bich plz 😑,MEDIUM,ok
wnut17_00056,@Infamous__Kid lol you always got problems with ur hair you said somethin last time like they didnt cut it right ha,LOW,ok
wnut17_00057,"For code I 've written since Sept ' 09 , the delay between commit to SCM and running on customer hardware has been about 10 days .",LOW,ok
wnut17_00058,"AND EVERYTHING YOU STAND FOR , TURNS ON YOU TO SPITE YOU ? WHAT HAPPENS WHEN YOU BECOME THE MAIN SOURCE OF HER PAIN ?",LOW,ok
wnut17_00059,Yo kids ! Today 's ACF Friday Large Group is at PITT University ! It 's at Cathedral of Learning G24 at 7pm ! Be sure to check it out !,LOW,ok
wnut17_00060,"RT @WALuvsKatStacks : Ah , i asked for a follow back - when i already hadd one so they call me thirsty lmao ? Fck you #teamkatstacksbitch ...",LOW,ok
wnut17_00061,:( RT @themaine Who is coming to the show tomorrow in Hawaii ?,LOW,ok
wnut17_00062,chinese food .. stayin in for tonight but goin to the archery range either tomorrow or sunday,LOW,ok
wnut17_00063,@Strigy got mine in bbt aintree today . Played table tennis on it in store ! V impressed . Did you get analogue controller 2 ?,LOW,ok
wnut17_00064,"Just remember we should be warier of Trump opponents , who also ignore facts , and are [ bigger Nazis than Trump .",MEDIUM,ok
wnut17_00065,# xxx naked picture sex beach movies https://t.co/lQsmCd9AOu,HIGH,ok
wnut17_00066,Time Warner Cable Boycotting Epix Movie Channel Because It Did A Deal With Netflix http://dlvr.it/5RgcL,LOW,ok
wnut17_00067,Why is the perpendicular part a scalar in the electrodynamic boundary conditions at surfaces ?,LOW,ok
wnut17_00068,"Today was awesome , I finally get to relax :)",LOW,ok
wnut17_00069,My #twitter age is 458 days 0 hours 3 minutes 49 seconds . Find out yours at http://twitter.seocoder.org/ #twittertime,LOW,ok
wnut17_00070,"What exactly is Trump ' s economic policy , and is it consistent with his previous statements ?",LOW,ok
wnut17_00071,She will serve 2 years in a minimum security Honor camp very rarely does anyone serve the first number of a sentence .,MEDIUM,ok
wnut17_00072,I ' m looking at my Casio and sighing disappointedly .,LOW,ok
wnut17_00073,About online dietician : A thinner stool than usual can be identified and removed before they get are 2 weeks ago J ... http://bit.ly/cYGBdz,MEDIUM,ok
wnut17_00074,Nice of the jerk who cross checked him upside the head to come see if he ' s ok . Was n ' t it ?,LOW,ok
wnut17_00075,RT @twitter : #AskEv your big questions about the new Twitter . com today at 1pm PST . 'll be responding from his own account (@ev) . Make ...,LOW,ok
wnut17_00076,"I need a syringe of anything you want but which will switch me off till tomorrow noon , anyone ??",HIGH,ok
wnut17_00077,RT @high_n_fly : #FACT when you are comfortable with yourself nothing else matters nobody can tell you about yourself #HnF,LOW,ok
wnut17_00078,"Lindsay Lohan allegedly failed her drug test . So not fetch . Quick , let 's all put on our shocked faces that 23 days of rehab did n't work !",MEDIUM,ok
wnut17_00079,"I remember when you all were thiiis big , you know ?",LOW,ok
wnut17_00080,I have a strong hunch Adam will be a story on TMZ tonight . Gulp .,LOW,ok
wnut17_00081,WEDNESDAY NITES WE CRANK IT UP AT VISIONS LOUNGE !!!!! 18+ NO COLLEGE ID NEEDED ! LADIES FREE B4 11PM ! VISIONS LOUNGE ( 247 1ST AVE HKY ),LOW,ok
wnut17_00082,@angelportugues LMAO ! When is tht one day ?: P,LOW,ok
wnut17_00083,I ' m blown away people actually get rid of the pox / papers . Good for him - he deserves every penny and more .,LOW,ok
wnut17_00084,"@Loserface_Laura when mike lets me know , I will let you know . I mean everyone might just switch out a lot .",LOW,ok
wnut17_00085,"Nice shooting , Tex ! ! !",LOW,ok
wnut17_00086,Trio @ phronesismusic collaborates with the Frankfurt Radio Big Band & amp ; @ JulArgJazz for The Behemoth @ EditionRecords … https://t.co/UV5UG6ec2w,LOW,ok
wnut17_00087,RT @ jesusworecrocs : This is what happens when you give a baby a vegan smoothie https://t.co/37wHYS3GZq,LOW,ok
wnut17_00088,"If you are staying in Gainesville , come check out Costa Lounge TONIGHT ! Say you are with salsa caliente and get in ... http://fb.me/FZVzm8H9",LOW,ok
wnut17_00089,@jackjohnson where can I get the official set list to the show at Berkeley in Oct 6th ?!,LOW,ok
wnut17_00090,Check this video out -- Three Days Grace - Break ( Official Music Video ) [ HQ ] http://t.co/GOwCLQJ via @youtube,LOW,ok
wnut17_00091,Haha I seen a ped egg called a foot cheese grater today . I found it proper hilarious xD,LOW,ok
wnut17_00092,friday night missions iguess !,LOW,ok
wnut17_00093,"Just got home from school . :D it 's friday guys !,",LOW,ok
wnut17_00094,"RT @ artificaIly : Drained of blood , the heart is white . https://t.co/k4YzGkWhsm",LOW,ok
wnut17_00095,""" before we start , how old are you ? HER : I 'm 15 .. old enough !........ #FindTheNearestExit",MEDIUM,ok
wnut17_00096,"RT @ericjohnsalut "" Good Morning ! Have a pleasant and happy day !"" http://dlvr.it/5Rh4w",LOW,ok
wnut17_00097,"when did @thecodysimpson last tweet ,? ;)",LOW,ok
wnut17_00098,RT @ UpornTube 2 : hd porn videos for the full clips visit our site & gt ; & gt ; https://t.co/kjXXkmittw https://t.co/Sj9mgipZdj,LOW,ok
wnut17_00099,"OH : Power nap . I need it . Its been a stressful week . I'm excited for xmas , haha . Goodnight . :) http://bit.ly/9fQGkC",LOW,ok
wnut17_00100,Plz can I have the black airpods,LOW,ok
wnut17_00101,"RT @rockerfuckerak : What 's done is done , Just leave it alone , and don't regret . Sometimes somethings turn in-to dumb things . And that 's when ...",LOW,ok
wnut17_00102,@N4T4YLOR he'll probaly have something completely different now ! Hope your havin a good time,LOW,ok
wnut17_00103,We are one step closer to our new kitchens . We chose a maker and had official measurements taken today !,LOW,ok
wnut17_00104,Are we currently seeing another ideological realignment happening in today ' s unstable political climate ?,LOW,ok
wnut17_00105,Straight a altered logistic tactic remedial of erratic militancy organizations : eagFcUa,LOW,ok
wnut17_00106,@DanaTennille that 's wazzup . congrats on your win in week 1 .,LOW,ok
wnut17_00107,"@Terrysagirl love to , it 's iffy though , i don't wanna give up privacy for the guys . But after episode one , they should be on imdb ;)",LOW,ok
wnut17_00108,One day the things i say and do is gonna get me a nice slap ..,LOW,ok
wnut17_00109,"Shows Tonight-Local Natives @TheMusicBoxLA , Primus @ClubNokia Marina&amp;Diamonds @ElReyTheatre , Mystery Jets @TheTroubadour ( via @TheScenestar )",LOW,ok
wnut17_00110,@geek @borkware Somehow my iPad in Airplane mode with WiFi off has no problem connecting to internet . Time for a wipe or downgrade .,LOW,ok
wnut17_00111,Just listened to a 24 y/o kid from japan who won the national flat picking championship flipping amazing r/l august rush,LOW,ok
wnut17_00112,"RT @ravenalexis Wanna meet me , @jessejane , @rileysteele , and @kayden_kross ? Come to the Body Heat signing at Hustler Hollywood Sep 23rd 8-10pm",MEDIUM,ok
wnut17_00113,Aggressive Kids With ADHD May Not Need Antipsychotic Meds http://t.co/JfGm0uH,LOW,ok
wnut17_00114,What the fuck is this ? Making jokes about Lord Hanuman ? How could they ?,LOW,ok
wnut17_00115,"RT @WakaFlocka1017 : SO WHEN I GET ON 106 N JOKE AROUND YALL TALK ABOUT ME LIKE A DOG SHAWTY BUT WHEN I BUY 30,000 WORTH SCHOOL SUPPLY N ...",LOW,ok
wnut17_00116,I won an election today . It means I get to go to head office and have lots of meetings . It shall be tough but I'm looking forward to it .,LOW,ok
wnut17_00117,@TobyHymer you whittier kids have been on a public bus before :o ? Haha jk !,LOW,ok
wnut17_00118,What is the difference between Quasi static and Dynamic simulation ?,LOW,ok
wnut17_00119,Ima start going to the dr once a month so I get my moneys worth,MEDIUM,ok
wnut17_00120,Toy story 3 tonight on the lawn !,LOW,ok
wnut17_00121,The EYE of the Storm .... The Calm Before It ...,LOW,ok
wnut17_00122,waiting one extra day was a STUPID IDEA because now everything is super expensive AAAAAHHH . x_x *freakingoutkhsf*,LOW,ok
wnut17_00123,/ . Trump administration rolls back protections for people in default on student loans https://t.co/YPe2DRsjLe,LOW,ok
wnut17_00124,I ' ve just voted for @ fifthharmony to win # BestFans 2017 ! # 5 HBestFans https://t.co/fxFNhnvZ4t 😊,LOW,ok
wnut17_00125,Soo Glad its Finally Friday ! Thiss week went to slow fo'me:/,LOW,ok
wnut17_00126,A proper # StPatricksDay drink https://t.co/c4VcUFEQXw,LOW,ok
wnut17_00127,' Many wounded ' in Istanbul nightclub attack,LOW,ok
wnut17_00128,"Come to "" 6th Biannual 24 Hour Prayer Focus "" Saturday , November 13 from 10:00 am to 1:00 pm . Mark the Date !!! http://fb.me/JyYXPmql",LOW,ok
wnut17_00129,* YEAH YEAH YEAH YEAH *,LOW,ok
wnut17_00130,"Apparently 40 days , 1 hour , 49 mins and 36 seconds to Doha ....",LOW,ok
wnut17_00131,"Having some coffee , the only way I'll make it through tonight .",LOW,ok
wnut17_00132,i wonder if our football team is gonna win their game today ...,LOW,ok
wnut17_00133,I hate it when i forget that i wear glasses&amp;i go to itch my eye&amp;i hit my glasses -_- . not cool,LOW,ok
wnut17_00134,"@SQicedragon How can I get the updates ? I created a login for it today , will it let me know automatically next time ?",LOW,ok
wnut17_00135,"RT @GdnPolitics : RT @AlJahom : Blair : "" I'm gonna be the next Pope "" Brown : "" I won't stop you as long as you make sure it 's my turn next """,LOW,ok
wnut17_00136,"I'll go get some #sleep before some #TGS #news , later everyone x ) !",LOW,ok
wnut17_00137,Green is not a better player than Barkley was in his prime no way also Shaq has ego because he knows that so so many players were better basketball players as opposed to Shaq ' s pure physical dominance not skill .,LOW,ok
wnut17_00138,Best day of school :) haha i want a popsycle : x,LOW,ok
wnut17_00139,@VicapherIsDaddy ilike to call it that too . I dnt knw why people talk hella sht over tha internet ' imean iadmit ibe qassin hoes when ..,LOW,ok
wnut17_00140,Ball Gowns : Becoming the Belle of the Ball . It 's easy to shine like a star when you know some basic tricks . http://bit.ly/d4s9RR,LOW,ok
wnut17_00141,I could only find this Reddit thread with the most comments https://www.reddit.com/r/news/comments/4kyylo/white_high_school_football_players_in_idaho/.,LOW,ok
wnut17_00142,Lmao . I have a feeling Imma get yelled at tomorrow . Big time . XD Ehh oh well,LOW,ok
wnut17_00143,n dude .... one of the new choir teacher that they interviewed ( we had him all week ) gave us DONUTS !!!! haha hes nice,LOW,ok
wnut17_00144,# corvette # auction 2017 Chevrolet Corvette MSRP $ 102520 Grand Sport 3 LT GPS Leather Torch Red New Navigation … https://t.co/K9TZaaLa7k,LOW,ok
wnut17_00145,"RT @Quotealicious : Today , I saw a guy driving a Pepsi truck , drinking a Coke . MLIA #Quotealicious",LOW,ok
wnut17_00146,"You should react to Musicallys with Tanner , then make one together afterwards !",LOW,ok
wnut17_00147,@joshHnumber1fan its okay then .. make it when it works :D,LOW,ok
wnut17_00148,You can amaze your friends and fellow workers today by your ab . . . More for Virgo https://t.co/KD4RysiyaZ,LOW,ok
wnut17_00149,Media pounces on it .,LOW,ok
wnut17_00150,"800 miles to see clients , 3 ACC candidate/commissioner meetings , big press release , making it to Friday .. PRICELESS !",LOW,ok
wnut17_00151,This is a battle song .. Brothers and sisters .. Time to go to war !,LOW,ok
wnut17_00152,HAPPY B . DAY TORA *OOOOOOOOO* ~,LOW,ok
wnut17_00153,@shoeboxL Happy Birthday ! s/n what did I miss in Doc Lewis ' class today ? lol,LOW,ok
wnut17_00154,Emilia Clarke trying her best https://t.co/at3jP6prAz,LOW,ok
wnut17_00155,neck hurts and no time to schedule acupuncture and massage .,LOW,ok
wnut17_00156,RT @justinbieber : RT @StephLeveridge @justinbieber i'm having a bad day :( Just a hi from you would turn it around( : Love you xxxxxxx = HI !,LOW,ok
wnut17_00157,"RT @mindykaling : When you wear your heart on your sleeve , make sure your shirt is f'ing dope .",LOW,ok
wnut17_00158,We're on the tall ship Silva tonight . Still a few tickets available . Rain is gone and we're getting ready to set sail . 1030 PM we depart,LOW,ok
wnut17_00159,"Good morning , beautiful ! https://t.co/cv299VlH5k",LOW,ok
wnut17_00160,Playboy - 10 October 2010 Slovenia : Playboy - 10 October 2010 SloveniaSlovene | 138 pages | PDF | 39.45 Mb http://bit.ly/aJILb4,LOW,ok
wnut17_00161,"RT @fresh_av8ted : Tonight ! "" Sex In The City "" Pt . 2 at #ZULA ! Hosted By : 30+ Beautiful Ladies ! [ PLz RT ]",MEDIUM,ok
wnut17_00162,"Accounts Payable Coordinator North York - $37K ( 1 year Contract)Location : Toronto , Ontario , CANADA ... http://bit.ly/aOe78A #jobs",LOW,ok
wnut17_00163,"Spent all of last night puking , and all of today fretting . Some people totally fail to pick up the slack when you are away .",LOW,ok
wnut17_00164,Are the TIE Fighter pilots clones ?,LOW,ok
wnut17_00165,"overheard on subway ..."" so when you run , do your elbows sweat ?""",LOW,ok
wnut17_00166,But what happens when karam turns right around and bites you ? And everything you stand for turns on you despite you ?,LOW,ok
wnut17_00167,Getting this head right for whateva I get into tonite #sittinupunderthedryertweet,LOW,ok
wnut17_00168,Owner says its cool . Trying to get info on when they'll be back in town now @AandLClothingCo,LOW,ok
wnut17_00169,Easy A tonight . WOOOO,LOW,ok
wnut17_00170,Whats goin on ( in tally ) tonight twitter !!,LOW,ok
wnut17_00171,going now guiseeeee ... if i dont see you through the week ill see you through the window :) :),LOW,ok
wnut17_00172,jus about to get dressed and leave again .... smh a very long day,LOW,ok
wnut17_00173,"@klutzy_girl @ratherastory I wrote 74,000 words in February .",LOW,ok
wnut17_00174,RT @davehodg : Pope says atheists pick &amp; choose their morals . Correct . Today I will be frowning on child abuse &amp; not having a problem wit ...,LOW,ok
wnut17_00175,Sunday can you please hurry up and get here already ?! I want to see @nickjonas @kevinjonas @joejonas already ! Concert 's going to be rad ! :P,LOW,ok
wnut17_00176,What you see with Casey is what you get . He is himself in everything he does . That is why he is gold !,LOW,ok
wnut17_00177,@samanthaaai Up super duper early next week : |,LOW,ok
wnut17_00178,Of course there are some Leave supporters who are not against immigration .,LOW,ok
wnut17_00179,# adult learning grant china teen xxx https://t.co/jnPqolZgSP,HIGH,ok
wnut17_00180,Student Guest Program # Bothell https://t.co/BrqvFFslAz,LOW,ok
wnut17_00181,Beautiful day in Chicago ! Nice to get away from the Florida heat .,LOW,ok
wnut17_00182,Oscar 's new favorite pass time is running as fast as he can from one end of the house to another yelling BuhBYYYYYE,LOW,ok
wnut17_00183,"RT @geriatricus : May we all reflect on the workings of our hearts , and in our acts , with our Jewish friends and loved ones at the cusp o ...",LOW,ok
wnut17_00184,@iDame2Please yea u c da pic 1st Presbyterian all day lol,LOW,ok
wnut17_00185,RT @ DearYouFromWe : stop rushing your life . just live . just breathe . just be .,LOW,ok
wnut17_00186,Jan Brewer : Beheadings ? http://bit.ly/a2LBMP,HIGH,ok
wnut17_00187,"@EnticeMeBaby Well that makes sense . When you have real life trauma , it can often drain your energy &amp; you just withdraw into yourself . I do .",MEDIUM,ok
wnut17_00188,"@mekamoe927 I've had one before , but it was a short experience ( double entendre intended) .",LOW,ok
wnut17_00189,This is a great example of a scale error .,LOW,ok
wnut17_00190,Man I swear I bought 2 new outfits but it 's cold them dresses not gettin worn today ....,LOW,ok
wnut17_00191,"How steady is your hand ? But seriously , this question is entirely wrong-headed if you are concerned about safety . If anything is going to get close to an electrical contact , it must be de-powered . No exceptions !",LOW,ok
wnut17_00192,"You do know what Borking means , right ?",LOW,ok
wnut17_00193,"Hey jackass , [ check this out ] ( https://www.reddit.com/r/news/comments/5nk8h6/exxonmobil_has_lost_a_key_battle_in_an/ )",LOW,ok
wnut17_00194,I think one of the coolest things to do would be to hang out with the Rza for a day .,LOW,ok
wnut17_00195,"Going on a &amp;#39 ;d ate&amp;#39 ; with Whitney tonight , :P . Haha .",LOW,ok
wnut17_00196,Day three of St John 's wort tea for anxiety . So far today I havent had a panic attack...we'll see if this works !,MEDIUM,ok
wnut17_00197,"Potential HTTP Host header attack from malicious IP , what does it mean in practical terms for me ? Should I be concerned ?",LOW,ok
wnut17_00198,Ugh I DON'T HAVE MY EARPHONES I GUESS I WON'T B TALKING AND DRIVING TODAY LOL .... Excuses Excuses Excuses SMH,LOW,ok
wnut17_00199,Now off for Sushi before Sundown,LOW,ok
wnut17_00200,@GhostAdventures Did you know ur new season starts tonight ? jk The best paranormal show #Ghostadventures !,LOW,ok
wnut17_00201,There was just a fire at work . Today is looking up .,LOW,ok
wnut17_00202,"man , why you have to grill under my AC unit . *turns it off* On a happier note , IT'S BBQ TIME .",LOW,ok
wnut17_00203,Katie up 6-0 after 1st,LOW,ok
wnut17_00204,There was intent to cross check . It was just the fact that Crosby went down that was the accident .,LOW,ok
wnut17_00205,@jonasbrothers concert tomorrow with my crazy chicaaa,LOW,ok
wnut17_00206,@ WarGit @ northumbriana If Ney had appeared in Marshals uniform he would have been degraded . All his stars and medals torn off into the mud,LOW,ok
wnut17_00207,@Genuine Will I be seeing you at #typeamom next week ?,LOW,ok
wnut17_00208,RT @aBaddBeautyy : What did you say is happening at your house tonite @FlyHighBird ? *cough* -- &gt; &gt; *cough*,LOW,ok
wnut17_00209,Turkish military presence in other countries soil,LOW,ok
wnut17_00210,RT @bieberswag : you're a belieber when you know the word believer doesn't look right anymore .,LOW,ok
wnut17_00211,Wtf ? The library closes on Friday ?,LOW,ok
wnut17_00212,@skaffbm love that sonngg !! are u going to his concert when he goes to richmond ??,LOW,ok
wnut17_00213,@jonronson But a mess on one day may not a mess eternally be .,LOW,ok
wnut17_00214,For people asking about the torture video : [ Click here ] ( https://www.reddit.com/r/news/comments/5m2ivk/chicago_police_4_in_custody_after_young_man/ ),LOW,ok
wnut17_00215,3 an a half days then I'm on HOLIDAY oh yes can't wait ;-) ;-) ;-),LOW,ok
wnut17_00216,"call us "" martians "" cause your last name is martin lmao",LOW,ok
wnut17_00217,"Is that "" prick "" they keep saying an Uncharted 4 enemy reference ? Lmao",LOW,ok
wnut17_00218,Winner will be chosen Monday morning . Get your caption in the funny photo caption contest- Nadal and Novak in the tub http://ow.ly/2G3Jh,LOW,ok
wnut17_00219,On Thanksgiving after you done eating its #TimeToGetOut unless you wanna help with the dishes,LOW,ok
wnut17_00220,Remember that in this world any inanimate object could be alive .,LOW,ok
wnut17_00221,Called my homie at the door so she could get in Secrets free on Thursday ..... #HoodRatsNeedLoveToo,LOW,ok
wnut17_00222,What is everyone watching this weekend ? Twins ? Vikings ? anyone going to see Friday Night Lights ?,LOW,ok
wnut17_00223,"RT @JoeCienkowski : When people try to say how mean and harsh God was , remind them the true nature of God came in the person of Jesus Christ",LOW,ok
wnut17_00224,Over My Boyfriend House Tonite We Going Do The Damn Thing .,LOW,ok
wnut17_00225,"heheRT @yuuuiee : @nissawaww LOL RT MirLes : jamanSD kalo nyabutin uban bokap dpt 100 perak satu uban ... eh , i tweeted this before ! Dejavu :-p",UNKNOWN,fallback_unknown
wnut17_00226,RT @TeenThings : I love waking up in the middle of the night knowing i have more time to sleep . #teenthings #comedownwithlove,LOW,ok
wnut17_00227,ThAnK gOd ItS fRiDaY !!,LOW,ok
wnut17_00228,"/ r / politics : "" blablabla political bullshit Hur dur """,LOW,ok
wnut17_00229,http://images2.fanpop.com/images/photos/3900000/Edward-100-year-virgin-twilight-series-3937647-510-755.jpg ADOGUEI ESSA IMAGEM,LOW,ok
wnut17_00230,if you support Trump your a Coward simpleton traitor .,LOW,ok
wnut17_00231,Sooo I jus found out that the rising senior class of The @Oprah Leadership Academy is comin to my skool nxt Saturday yeeee !!! :),LOW,ok
wnut17_00232,RT @broniaisdeadly : http://www.youtube.com/watch?v=yRyK9doEmHE &lt; A DAY IN THE LIFE OF ME . Go comment and subscribe and I'll love you ...,LOW,ok
wnut17_00233,"I just took "" When your mom makes you go live with your dad Scooter Braun , your life ..."" and got : Part 5 ! Try it : http://tinyurl.com/3a5qeu6",UNKNOWN,fallback_unknown
wnut17_00234,.. it 's that time of year when dreams of glassy waves turn to fluffy powder .. neither of which I will get to enjoy because I have a real job .,LOW,ok
wnut17_00235,New Post : Beyonce : I Am Yours Playlist Featured on VEVO Live Week [ Videos ] http://bit.ly/b1mqom,LOW,ok
wnut17_00236,Just posted a photo https://t.co/mi0kwHp0vl,LOW,ok
wnut17_00237,@camamay i thought u were there when i was coming !,LOW,ok
wnut17_00238,How to use the technology you have to recruit the best agents realtor news https://t.co/jbVvY8zOed,LOW,ok
wnut17_00239,@ VroniquePersic 1 @ horttim @ serina _ sgill @ priscillaNK 27 @ janet 23 hbk @ AnaProgl 1 @ Marujk 1 @ Stacy _ WahlLove @ DonnieWahlberg # twug,LOW,ok
wnut17_00240,"The day you left us was a day we lost a loved one . But we will never leave you , Michael . All our love forever .",MEDIUM,ok
wnut17_00241,RT @ itsdougthepug : When ur friend buys another pitcher https://t.co/UA5iJ1gyKw,LOW,ok
wnut17_00242,RT @shanejoneill : Another day of allday and night skating starting it out with This vanilla iced latte http://plixi.com/p/45648946,LOW,ok
wnut17_00243,@ Gallifreyan Give the people what they want .,LOW,ok
wnut17_00244,"Still dislike Early Decision for most kids , but Early Action can be great when used thoughtfully . http://ow.ly/2G1Cn #admissions #colleges",LOW,ok
wnut17_00245,"3 weeks of school and i'm already fed up with it . come back , summer .",LOW,ok
wnut17_00246,Hey it ' s the guy from beauty and the beast,LOW,ok
wnut17_00247,10 Awesome Resources for Women in Tech https://t.co/QYpEA4agLG via https://t.co/tBcdSK90sj # BOSSTIPS,LOW,ok
wnut17_00248,@pdparticle How do you think your parents are able to help you with your homework ? It 's because they learned the same thing years ago .,LOW,ok
wnut17_00249,overnight tonight ... gheyyyy,LOW,ok
wnut17_00250,RT @ litgrimes : archie and blair — i know she like me https://t.co/gJH2WCGYIu,LOW,ok
wnut17_00251,"RT @Silje954 : AW C'MON VOTE FOR @justinbieber as BEST NEW ARTIST - &gt; http://on.mtv.com/9w2tWQ &lt; -- GO AND VOTE , TIME IS RUNNING OUT ! ...",LOW,ok
wnut17_00252,had a great day courtesy of my morning that I had talking to Rashad ... :),LOW,ok
wnut17_00253,"He ' s a ~ ~ not-so- ~ ~ silent guardian , a watchful protector , a Dark Knight .",LOW,ok
wnut17_00254,RT @cityofcalgary : Free swimming and golf tomorrow for @cbc Sports Day in Canada #yyc #sportsday http://ow.ly/2G4sf,LOW,ok
wnut17_00255,Agreed . Nothing I ' ve read has referenced a prior similar event .,LOW,ok
wnut17_00256,RT @ ThirtySecFights : Dude gets his ass beat for bullying boys nephew https://t.co/QtU8e6s6SK,LOW,ok
wnut17_00257,"DELL Inspiron 17 R 5721 Core i 5 - 3317 U 1 . 7 GHz 6 Gb 750 Gb DVDRW 17 . 3 "" Laptop https://t.co/SvPm1Qm5dg https://t.co/eG2GWQ5Jv7",LOW,ok
wnut17_00258,Free Speech Friday underway . Anything on your mind is fair game .. radio.woai.com k/w pags,LOW,ok
wnut17_00259,SWEETY IM GONNA GIVe YOu THAT FUCKING 50000 WHEN I GET IT ! XD,LOW,ok
wnut17_00260,Amazon U.K. Offering HTC Desire Z Unlocked October 11 : We just got official word of the HTC Desire Z earlier in Lo ... http://bit.ly/bsyz9H,LOW,ok
wnut17_00261,Watching The Room for like the fifth time . It 's a classic . Tommy WIseau is a genius . #theroom #tommywiseau,LOW,ok
wnut17_00262,@CHRIS_Daughtry I knew it was a joke ;) That 's why I was ROTFLMAO when you posted that ! ;) Sorry some people just can't take a joke . :),LOW,ok
wnut17_00263,"ParkWest Staffing Services is hiring : Hotel Housekeepers Needed in Spring , TX https://t.co/5dUhYD7OAt",LOW,ok
wnut17_00264,@x_yesenia me too ! i cant wait for the new season to start this week ( :,LOW,ok
wnut17_00265,RT @lil_jeezy_85 : Going live tonight and 2mmrow &lt; what you performing somewhere ?,LOW,ok
wnut17_00266,Celebrate Burns Night with the Bobby Burns cocktail https://t.co/VNgfThJN2V # whisky # cocktails # homebartender # cocktailsathome,LOW,ok
wnut17_00267,So happy this hellish week is over ! Nothing that some sushi and sake can fix ;),LOW,ok
wnut17_00268,4 : 30 Ammm I apologize . . . . I planned to kill you but you survived .,HIGH,ok
wnut17_00269,Recording vocals tonight ! Can't wait for the song to be done !,LOW,ok
wnut17_00270,must be a slow news day for everybody 2 b talkin bout a known druggie/acoholic bi actress testin pos . for caine,MEDIUM,ok
wnut17_00271,14 . Lyla - MANTAN KEKASIH,LOW,ok
wnut17_00272,"So much references in the video shoot : DMX , Busta and I probably miss some other",LOW,ok
wnut17_00273,Asymmetry definitions electric $ \ chi _ e $ and magnetic susceptibility $ \ chi _ m $,LOW,ok
wnut17_00274,@zedohhee hehehe-ahh I love the trolling XD I'm sure you can spell propah guud ( when you try really hard ) :),LOW,ok
wnut17_00275,inspired yet again to write .. cant wait to share my testimony .. cant wait for the day when im taken underwater brought back up .. BORN AGAIN,LOW,ok
wnut17_00276,#JenniferAniston quote of the day : I don't have a religio n.I believe in a Go d.I don't know what it looks like ( cont ) http://tl.gd/63av0t,LOW,ok
wnut17_00277,wore socks for second day in a row ... RIP Summer,LOW,ok
wnut17_00278,Album drops on my birthday 😌,LOW,ok
wnut17_00279,Today 's is @Elyse_D 's last day before she goes on Maternity leave . Please take a moment to wish her well . We'll miss you !!!,MEDIUM,ok
wnut17_00280,"RT @KaspervanKooten Naast de theatertour die komende week weer aanvangt ziet u mijn pan ook op tv : ma . Co-ass ., di . Opium en do . Koffi ...",LOW,ok
wnut17_00281,@GaryLuvin still hot ... But excited about tomorrow going to see Lady Gaga :),LOW,ok
wnut17_00282,@till1025 how did you miss that ?! I've had it set to record for a week . I'll save it for when you come to cali,MEDIUM,ok
wnut17_00283,So much work yet to do before heading to Grand Masquerade next week .,LOW,ok
wnut17_00284,"RT @CarolynsOpinion : Daytime 's oldest soap went off the air today after 54 years , so the WORLD stopped turning for 3 million viewers . Sh ...",LOW,ok
wnut17_00285,"@virtualpatti - Well there were 4 interviews ( diff gov jobs ) i got the 1 i wanted . Glad i found out today , it would be a long weekend if not",LOW,ok
wnut17_00286,On the bus . Full of people - thank goodness it 's Friday !!,LOW,ok
wnut17_00287,"@ClaireMcD22 I honestly don't know how she does it , she works from 8am till 9pm at least 4 days a week . She 's off mon/tues ,",LOW,ok
wnut17_00288,Thanks and I will RT @InnerGizerBunni @kizfoprez_TR Happy Berlated Birthday ! I hope u have fun &amp; live it up tonight .. Enjoy &amp; b safe !,LOW,ok
wnut17_00289,@JennyVeronica92 thats whassup . when u posed to be comin out here,LOW,ok
wnut17_00290,"Our Favorite YouTube Videos This Week : The Drama Edition : Had any epic meltdowns this week ? You know , of the cryin ... http://bit.ly/cuy0yt",LOW,ok
wnut17_00291,Wtf do i have a stupid 3hr shift tonight !! I wanna go out and have fun :( Oh well time to watch some Jersey Shore haha,LOW,ok
wnut17_00292,"the current library plan is to go Monday morning . first books on shelves , then holds , then check bookstore on way home for The Replacement .",LOW,ok
wnut17_00293,AtwoodGames Would be good name for channel,LOW,ok
wnut17_00294,"Today is a logistical nightmare ! Committed to a b'day party attendance but discover I have 2 kids , no car &amp; only plastic money . #amplotting",LOW,ok
wnut17_00295,@AppleJoey_ Buut . Ill have to get on my phone . Im going to some thing with my friends tonight . D :,LOW,ok
wnut17_00296,Ha ! RT @julie_cook : thanks port city java for the caffeine . not so sure my coworkers will be as pleased when i start shooting off emails at,LOW,ok
wnut17_00297,Man Finna bring me a 🍕 up to my job 😎,LOW,ok
wnut17_00298,RT @pinkbikeralph : Working at BAR tonight . 1309 sansom st . More secrets than Copa . Shhhhh ...,LOW,ok
wnut17_00299,@dolemite4 haha . I might be comin into town next week !,LOW,ok
wnut17_00300,"healthier fried chicken , clean coal . . . . . are we blind or ignorant watching Lucas ' shiny greasy fingers and still think that ' s healthier ?",LOW,ok
wnut17_00301,"Fuckin FRIDAY NIGHT , Tweople ( RIDE IT) ! http://www.youtube.com/watch?v=A_Zi-YSW3aQ",LOW,ok
wnut17_00302,"Check out "" Yo soy Moana ( Canto ancestral ) "" on # Smule : https://t.co/mCxofiCKqd # SingKaraoke",LOW,ok
wnut17_00303,total 9 for Clark Duke RT @Naathan_B : Just watched hot tub time machine . Funny film ! Quite enjoyable ! Hmm 7.5 /10,LOW,ok
wnut17_00304,Want to see the view from our floor of yesterday 's police car mayhem during the shooting incident ? http://wp.me/11Azj,MEDIUM,ok
wnut17_00305,"You might not understand why , but it seems as if people are ha . . . More for Libra https://t.co/ewI2W6UqR1",LOW,ok
wnut17_00306,"@ Snowman "" They mostly come at night . Mostly . "" Excellent reference !",LOW,ok
wnut17_00307,* * redditor * * : Quickloot,LOW,ok
wnut17_00308,Lucas Kwan Peterson is so dishy,LOW,ok
wnut17_00309,Win $100 Visa card ! http://www.alimartell.com/index.php/2010/09/14/its-the-most-wonderful-time-of-the-year-and-im-about-to-make-it-100-better,LOW,ok
wnut17_00310,"@TempestBeauty Ive heard of that . Hadn't heard it called that before . I considered it but my hair is so oily , I think I would look dirty . :)",LOW,ok
wnut17_00311,"Is Joaquin Phoenix Our Modern Day Andy Kaufman ?: ... the bizarre events leading up to this moment , the movie could ... http://bit.ly/aUZ2on",LOW,ok
wnut17_00312,I dream of a day # Birmingham is # Birminghamistan an islamic state with no kufr Police https://t.co/q2XTjd6x0m,HIGH,ok
wnut17_00313,Nice and easy as I take my time .,LOW,ok
wnut17_00314,When did Clay become a phoner ?,LOW,ok
wnut17_00315,"RT @InspiredRobin : We have so much time and so little to do . Strike that , reverse it . -Roald Dahl",LOW,ok
wnut17_00316,RT @Sexstrology : Pisces tend to escape into fantasy and day dreams . There they are free . &lt; yesss #wavesindexfingerintheair #AGREED ! ^10thpower,LOW,ok
wnut17_00317,RT @JAMESINREHAB : @4094jij05b it 's in England . Will tweet tomorrow if they let me ...,LOW,ok
wnut17_00318,.. @Davman91 Thinks I'm Funny When I Tell The Punch Line Wrong ... ;),LOW,ok
wnut17_00319,We definitely need more drugged out Coyote Crib videos this was amazing,LOW,ok
wnut17_00320,"@Sophieeander will .. Dont go !! Cause its your last year i know the school suck but you should go to school ^^ "" HK can wait for u .. !!",LOW,ok
wnut17_00321,"@bowlerhatlover Been trying to find a copy of "" Nostalgia "" for years . http://hollisframpton.org.uk/",LOW,ok
wnut17_00322,Best . Francis . Ever . Also . . . everyone at Nintendo corporate should be forced to watch this .,LOW,ok
wnut17_00323,RT @CoreyTaylorRock : Chinese Proverb : one must first look foolish before he looks brilliant .,LOW,ok
wnut17_00324,You are not bad with Takoyaki . Great video !,LOW,ok
wnut17_00325,photographing the midway tonight .. should be fun .. lots of fun lights !! makes for great photos .. like this one .. http://twitpic.com/2pdvsw,LOW,ok
wnut17_00326,Just casually stalking Cheryl AND Dermot tomorrow .... NO BIGGIE,MEDIUM,ok
wnut17_00327,@Robo_Robb I see you #FF ' ing me . :O ( Also Matt will be saying thanks when he 's at home :P ),LOW,ok
wnut17_00328,RT @NROcorner : Why Constitution Day Matters :,LOW,ok
wnut17_00329,RT @ PrisonPlanet : Leftists love women in positions of power . Look at all the white powder candy they ' re sending to Kellyanne . https://t.c…,LOW,ok
wnut17_00330,Does anyone know the song at the end ?,LOW,ok
wnut17_00331,"@ grigiosluts @ ArtpopRemixed you keep saying "" if "" it didn ' t face it ffs",LOW,ok
wnut17_00332,How old was he In this Video ?,LOW,ok
wnut17_00333,"@KatiesPizza On the menu at #playwithyourfood this Sunday : hot , fresh ricotta donuts with blackberries and honey . http://tiny.cc/6dshg",LOW,ok
wnut17_00334,Wat a day today . But oh well i love her *Danielle ily*,MEDIUM,ok
wnut17_00335,"I just took "" When your mom makes you go live with your dad Scooter Braun , your life turns ..."" and got : Part 2 ! Try it : http://bit.ly/clxrMy",MEDIUM,ok
wnut17_00336,This is the most adorable video I ' ve ever seen,LOW,ok
wnut17_00337,so funny u had to pay so much and i got a card to bring 4 ppl with me FOR FREE,MEDIUM,ok
wnut17_00338,Im sure you may build it too guys . Just look for woodprix page and build it too .,LOW,ok
wnut17_00339,"Had a Helluva Schedule Yesterday , Today and Tomorrow .. Finally get to rest on Sunday .. Unless there 's work to do out there o_O #ImJustSaying",LOW,ok
wnut17_00340,RT @OMGwhatateen : RT if you are happy it 's friday . #OMGwhatateen,LOW,ok
wnut17_00341,I hate it when I'm tired at about 8 but by 11 I seem to be awake . - . -,LOW,ok
wnut17_00342,RT @ZodiacFacts : #ZodiacFacts As a #Cancer you may find that your energy is just right for something really big .,LOW,ok
wnut17_00343,Dues can still be paid on monday ! Better get at it @its_lizzyN @katzamora @cindyyobitch_ @6ixty_nine !!,LOW,ok
wnut17_00344,ANW : Update : TMZ Reporting Lindsay Lohan Just Failed Her Drug Test : We just congratulated Lindsay an hour ago on h ... http://bit.ly/a2lhpa,MEDIUM,ok
wnut17_00345,"Resources - Tweets of the Week ( 9.13 . 10 - 9.17 . 10) : This weeks Tweets of the Week has some cool inspiration , coupl ... http://bit.ly/95X8G5",LOW,ok
wnut17_00346,Hope to see you tonight at Morgan Le Fays !! Great time :),LOW,ok
wnut17_00347,#lindsaylohan US - Lindsay Lohan : Failed Drug Test Report Is &quot; Nuts &quot;: After it 's reported that she flunked a drug ... http://dlvr.it/5RfK7,MEDIUM,ok
wnut17_00348,says it 's Saturday ! I'm wearing my Weekend ! :),LOW,ok
wnut17_00349,Football game tonight !!!!! V-I-K-I-N-G-S !!!!!!!,LOW,ok
wnut17_00350,Is sad that she 's missing Cowboy Mouth tonight :(,LOW,ok
wnut17_00351,@AishaHanii2 @starflower1204 Ahhh okay . I've never ordered a CD before so I have NO idea . just say I NEED IT TO GET THROUGH THE WEEKEND !! xD,LOW,ok
wnut17_00352,Political Wire : Bonus Quote of the Day http://bit.ly/9UiOqY,LOW,ok
wnut17_00353,My all time favourite socks are the ones I knitted myself . So comfy . Must knit some more .,LOW,ok
wnut17_00354,Is password cracking noisy ?,LOW,ok
wnut17_00355,Gedankenexperiment in thermodynamics : what is wrong ?,LOW,ok
wnut17_00356,"Hi Fleur , would you consider helping our dog rescue charity . We met you at Crufts last year . We have some very poorly dogs requiring surgery and need some fundraising ideas .",LOW,ok
wnut17_00357,RT @ soyourelikethat : write honestly to yourself or don ' t waste the damn time,LOW,ok
wnut17_00358,@JohnJames_BBuk look at this picture of you when your like 14 ... on Twitpic http://t.co/hDq4cXW via @AddThis,MEDIUM,ok
wnut17_00359,Not sure if trust Donald on this .,LOW,ok
wnut17_00360,i was surprised when she sent me a request on facebook ... we hadnt taLked in a few years :(,LOW,ok
wnut17_00361,RT @ boyband _ joao : Happy Six Months To All Of The Other João ' s Supporters Out There ! I Love You All ! More Blessings For Everyone ! ❤ TeamJOA …,LOW,ok
wnut17_00362,Now time too do my hair ! New look on deck !,LOW,ok
wnut17_00363,RT @robynsuave shout out @OhNoIts_JoJo #teamlesbian #teamstud ayyy &lt; -- all day everyday fam !!!!,LOW,ok
wnut17_00364,"'I just got confirmed that me and Jorge will be playing 2 songs from "" The Devils Art "" at Words and Wine September ... http://fb.me/AyezVfH3'",LOW,ok
wnut17_00365,"Mom , Dad , All I See is Concrete . . . Are We Almost There Yet ?",LOW,ok
wnut17_00366,@themayorpete I split my time now btwn SF and San Mateo,LOW,ok
wnut17_00367,Time magazine wrote an article saying the rumor touch is for fags,UNKNOWN,fallback_unknown
wnut17_00368,dear youtube why does it take so long to upload a video gggrrrrr,LOW,ok
wnut17_00369,@welovepop much prefer a GA announcement that they are recording soon ..... it is really a bad time for GA fans at the moment .... do not like ..,LOW,ok
wnut17_00370,Hey Listeners we're recording Sunday for episode 28 &amp; it 's a retrospective on the Halo franchise along with an ass load of other goodness !,LOW,ok
wnut17_00371,If I had one wish it would be to drive bugatti V for a day ! Pretty pls fix it for me jim ! Xxx,LOW,ok
wnut17_00372,the group Maunalua will be playing tomorrow @wfmkahala at Noon !,LOW,ok
wnut17_00373,"The TLDR is all you really need , but the best 3 word definition is",HIGH,ok
wnut17_00374,"The blue shifting could even get to the point that the microwave background is visible , I really do n ' t know . I think as far as the more extremely warped paths of light coming up from near the black hole , you might look at the black hole from interstellar . They modeled all of the light really well . However , I think you have some creative leeway here given just how complex the paths of rays near a black hole can be . Best of luck",LOW,ok
wnut17_00375,( via POPSUGAR ) Sarah Jessica Parker and Gwen Stefani Wrap Up Another Successful New York Fashion Week : New York Fa ... http://bit.ly/aMaJNB,LOW,ok
wnut17_00376,my friend and me were filmed and interviewed about sex in cologne :D gosh thats so crazy .. hope they show it on tv on monday :P #RTLextra,MEDIUM,ok
wnut17_00377,Original post : [ ' Many wounded ' in Istanbul nightclub attack ] ( https://www.reddit.com/r/worldnews/comments/5lcaed/many_wounded_in_istanbul_nightclub_attack/ ),LOW,ok
wnut17_00378,Sony/Bud Light 3D tailgate parties on Saturday - Clemson party at http://bit.ly/cds8Pd ; Auburn party at http://bit.ly/9X1KP8 #sony3d @espn,LOW,ok
wnut17_00379,about to get dress hangin wit the big sis Abby tonite,LOW,ok
wnut17_00380,@2kjdream good morning ! And hope today you will enjoy your day~ :D,LOW,ok
wnut17_00381,RT @iMakeChicksCry : But when ur not actually alone then forever doesn't seem so bad ...,LOW,ok
wnut17_00382,RT @KhadijahC RT @SuchaMFGentlemn wonder when @sexinini is gon lt me put the 8==== =D on her ? &lt; lmfao wooooooow ( nini knws wsup ha u next lol ),LOW,ok
wnut17_00383,Religious persecution is hardly unique to communist countries . It ' s practically universal .,LOW,ok
wnut17_00384,"@Ravenwithclaws last time we spoke you were very ... Opinionated ? Lol :) and im good too , sorry i have not been on : -S",LOW,ok
wnut17_00385,You do realize this was published by CBC Manitoba .,UNKNOWN,fallback_unknown
wnut17_00386,"Business Alliance will save you time and money and most importantly , match you with the right franchise . check out at http://ow.ly/2kt2M",LOW,ok
wnut17_00387,no matter how long I'll wait,LOW,ok
wnut17_00388,How many Boom Counts in this Video ?,LOW,ok
wnut17_00389,Whoo who ready for some Seahawk football ? Can't wait to watch my dirtbags on sunday .,LOW,ok
wnut17_00390,will go at my B-day party . Fucking can't believe it !,LOW,ok
wnut17_00391,May everyone who is celebrating Yom Kippur have an easy and meaningful fast ! #notaboutbirthcontrol,LOW,ok
wnut17_00392,"only on the #LateLate can i find respect for #desbishop , he 's actually pretty funny , never liked him before this point .",LOW,ok
wnut17_00393,@borneobaby Me neither . I will think of witty replies a week later ! My mind will be a complete blank I know it !,LOW,ok
wnut17_00394,RT @claywsyx6 : THE FOOTBALL FEVER : Ohio head coach Frank Solich says Ohio State knows they have a special team and season underway . Long ...,LOW,ok
wnut17_00395,my concern is about securing the content of the output of the api . . request to read the question and the details again,LOW,ok
wnut17_00396,so if detta copy why fagtel no tek back wey im copy break im down u pussy face plaza fans u tink a flopcorn fishmarco fagylee are fasicka . it ' s a gully detta 🌎,LOW,ok
wnut17_00397,I live in Wellington,LOW,ok
wnut17_00398,"They said "" Yea because catching the entire force of your body with your arms is always a great idea . """,LOW,ok
wnut17_00399,Looks like we will be living in the studio for the next couple of months,LOW,ok
wnut17_00400,Happy Day !!!.... :),LOW,ok
wnut17_00401,@yanxfan24 We should win but I said that on Tuesday . These games are normally pretty poor though . Probably 0-0 lol,LOW,ok
wnut17_00402,You'll come back when they call you ... No need to say goodbye .,LOW,ok
wnut17_00403,"I feel like Mets fans are the best with following their team , maybe im a lil bias tho lol",LOW,ok
wnut17_00404,& gt ; you cannot infer much from a single quarter ' s GDP statistics .,LOW,ok
wnut17_00405,@DavidHayemaker Liked your spot on Radio 1 the other day .,LOW,ok
wnut17_00406,Hey check out this : https://www.reddit.com/r/unitedkingdom/comments/5ly5cy/rock_hard_brexit/dbzk92t/,LOW,ok
wnut17_00407,@ rmathis 15 Nicole ' s raspberry sorbet gum ?,LOW,ok
wnut17_00408,@imRockey I will let you know when you can take another visit ; today was a little quiet .,LOW,ok
wnut17_00409,@ coffee _ bean 2016 I don ' t have Bellarmine money lmao,LOW,ok
wnut17_00410,# sex slave sites girl uses urinal porn https://t.co/hroXOjtyem,UNKNOWN,fallback_unknown
wnut17_00411,Server key length in OpenSSH,LOW,ok
wnut17_00412,you sorted that Amos thing mom,LOW,ok
wnut17_00413,"I had a wonderful day today and i hope u all did , i wish u all good night and sweet dreams xoxoxo",LOW,ok
wnut17_00414,Theres nothing funny about testicles Cooper as you will find out in my office tomorrow . Lmfao .,MEDIUM,ok
wnut17_00415,@darthsunshine Wheeee !! Okay - we could get down there by like 9:30 if we want some shopping time and lunch before class . @CaMeaux,LOW,ok
wnut17_00416,"Yes , I ´ ve changed . Pain does that to people",LOW,ok
wnut17_00417,"@_paaaul10 - haha six ? ; o woaahh lol , well you can go buy some when you get outta work x D",LOW,ok
wnut17_00418,"They charged him douchebaggery , and he [ proved it , ] ( https://www.reddit.com/r/sports/comments/5mr4wn/ronnie_osullivan_clears_a_challenging_table_after/dc5trbm/ ) so they had to STFU .",LOW,ok
wnut17_00419,RT @CHRIS_Daughtry : We're playing a show with KISS tomorrow . Can't say I saw that coming 5 years ago ...,LOW,ok
wnut17_00420,this happened yesterday . . . . he said Holy shit 😂 😂,LOW,ok
wnut17_00421,What it is twiggas it 's Friday in this bissh !!! What 's y'all niggas plans ???? Betta be at Elements tonight BOGO drinks all night !! Nuff Said,LOW,ok
wnut17_00422,hit like if u think its like a hollywood teaser . . . .,LOW,ok
wnut17_00423,Possible anomaly in Cryptonomicon,LOW,ok
wnut17_00424,"'Was going to stay until Sunday but my "" mother "" has already made me mad furthermore hair appointment tomrrw and back to Kent !'",LOW,ok
wnut17_00425,That 's college tuition . That 's two average cars . That 's a year 's worth of someone 's salary . That 's insaneeee .,LOW,ok
wnut17_00426,"@lukeymoore you not playing tomorrow ? Dear me , is it just me and pete , is he trying to rape me",MEDIUM,ok
wnut17_00427,Damn Athenas daughter is sexy af,LOW,ok
wnut17_00428,@poscas I said to him ' the impression I had of early 80s NYC was if you went to Central Park after dark you'd be lucky to come out alive'...,LOW,ok
wnut17_00429,@KatherineRamos it 's cool also I'm not sure . If I were you I'd renew right away before but if not I'd still try . Best of luck,LOW,ok
wnut17_00430,@TomCruise I'm from Brazil .... and I love you . You're my favorite actor ! Knight and Day is so cool ... My dream is to meet you !,LOW,ok
wnut17_00431,And Do draw your comments,MEDIUM,ok
wnut17_00432,What fuckin luck walk in to pop-eyes the the fuckin line is full of I don't know what fuc I want people . By the time I'm up I have to wait 1,LOW,ok
wnut17_00433,"I think this answer is wrong — I certainly took it to be meant literally . The last line in your answer is key , but it ’ s entirely possible that the worth of market value of small amounts of mithril is so ridiculously high that , scaled to a whole armour made of mithril , its value would indeed dwarf an unimportant economy such as the Shire ’ s , without requiring an exact calculation . This isn ’ t * that * unrealistic for an item ’ s value ( as a gift , it kind of is though ) .",LOW,ok
wnut17_00434,"Good Day Sunshine http://bit.ly/cK4PB8 is available to rent off season ! Great surfing , fishing , hot-tubbing ! I &lt; 3 fall in Rodanthe @OBXcom",UNKNOWN,fallback_unknown
wnut17_00435,Whats the plan tonight,LOW,ok
wnut17_00436,watching the VMAs Eminem is BeAsT and is smexy !!; )And Chelsea Handler is hilarious ! Finally got a boyfren he gave me the cutest thing today,LOW,ok
wnut17_00437,RT @ZodiacFacts : #ZodiacFacts As a #Gemini your energy is best spent delegating responsibilities and being there if or when people need you .,LOW,ok
wnut17_00438,@Lissa_Lise they're looking pretty good . i dnt think ima play tho . I'm playing on a co rec team too . I won't have time to breathe .,LOW,ok
wnut17_00439,Don Mattingly will replace Joe Torre as LA Dodgers manager after this season,LOW,ok
wnut17_00440,You remeber we were sitting there by the water you put your arm around me for the first time you made a rebel careless mans careful daughter,MEDIUM,ok
wnut17_00441,@FATJEW : I watch porn movies on rewind because I love when sex ends and the girl immediately puts on her clothes ( cont ) http://tl.gd/63asgi,MEDIUM,ok
wnut17_00442,Leeds fan I I come here for the Laughs,LOW,ok
wnut17_00443,@OhSoJosie shit get me tight when I go to the beach n everybody in the sand -_-,LOW,ok
wnut17_00444,Tebogo is cute . . .,LOW,ok
wnut17_00445,"Heh heh , she said "" pulling a load "" .",LOW,ok
wnut17_00446,I vote to reopen . This does show effort and is about a physics concept .,LOW,ok
wnut17_00447,RT @KdotDeeZy : Yes we do !!! Is part 2 in the making ? RT @GOTEMSAYNBABY remember when i was on twitter violating some girl in the summer ?,MEDIUM,ok
wnut17_00448,@sardesairajdeep I can see three kinds of reactions after Ayodhya verdict .,HIGH,ok
wnut17_00449,We were all enjoying a glass of wine in the office when a fudge delivery showed up . I love my job . And I love Fridays .,LOW,ok
wnut17_00450,@briancag &quot;' Brian .' Isn't available right now ...&quot; hahahaha that 's what I hear when I call your saynow .,LOW,ok
wnut17_00451,A compliment from a stranger on my outfit as I walked in to work = best way to start the day !,LOW,ok
wnut17_00452,Chicago Blackhawks general manager Stan Bowman said Cristobal Huet will be gone in two weeks ... http://fan.ac/Ydv #NHL,LOW,ok
wnut17_00453,@justinbieber i just wanna say you make me smile everyday :) thanks for smiling because when u smile i smile ! :),LOW,ok
wnut17_00454,Oh beautiful day ! What 's everyone doing tonight ! :],LOW,ok
wnut17_00455,@ Black _ Gandalf @ slickjacky I ' ll miss you,LOW,ok
wnut17_00456,"What do a prostitute and a bungee jump have in common ? they cost the same , last as long , and if the rubber breaks you're screwed .",LOW,ok
wnut17_00457,"Exciting and new car smell . Enjoy , Sarah .",LOW,ok
wnut17_00458,RT @ Nazaire 73 : Trump ’ s budget would cut funding for Appalachia — and his allies in coal country are livid https://t.co/BAt1Wqqiar via @ voxd …,LOW,ok
wnut17_00459,Opted for pants over shorts today ... summer is officially over . Bring on the pumpkin beers !,LOW,ok
wnut17_00460,Hahaha ! Bill is so right !,LOW,ok
wnut17_00461,"Ah crap . No #MCRchat tonight for me , I guess : | Damn I was so excited :' (",LOW,ok
wnut17_00462,I remember back in the 1700 s no one was fighting to get o the planes . Wtf happened t society ? !,LOW,ok
wnut17_00463,This is why Fallon is better . Not just shitty Trump jokes . Actual content .,LOW,ok
wnut17_00464,"Football game tonight :) yeeah boilers .. oh wait , we suck . haha",LOW,ok
wnut17_00465,No tasting today due to my being out Sick ... ugh . But next Friday we will have Mark Rowan from Novel Wines here ... http://fb.me/G2CLHL1H,LOW,ok
wnut17_00466,its friday . but instead of partying or doing homework . I'm going to tumblr for a bit and sleep XD,LOW,ok
wnut17_00467,[ Source ] ( https://www.reddit.com/r/ireland/comments/5lqzoe/found_this_kind_of_cool/ ) at / r / ireland,UNKNOWN,fallback_unknown
wnut17_00468,RT @Sn00ki : Haha yes !!! I love that you knew that :) RT @trishamelissa @Sn00ki Is phenomenal the word of the day ?,LOW,ok
wnut17_00469,"Also , I learned at school today that everyone , in fact , knows @penguin1124 . ( I learned this , no joke , during choir . ) #fact",LOW,ok
wnut17_00470,RT @ klathelyricist : I ain ' t finna bullshit with you . . . Grow or go .,LOW,ok
wnut17_00471,31 : 12 Cue The Lonely Island,LOW,ok
wnut17_00472,Just got all caught up on my flagged emails from the week . Now I feel good about leaving the office for the weekend . TGIF !,LOW,ok
wnut17_00473,RT @AllTeensThings : Christmas was so much better when there was a santa :( #allteensthings,LOW,ok
wnut17_00474,RT @ pipiixx : https://t.co/84tRvF1Qow,LOW,ok
wnut17_00475,this trailer was 100 time better then half girlfriend . . ! Dhoni Vs Nehra definitely it ' s a awesome movie . .,LOW,ok
wnut17_00476,"'I just took "" When your mom makes you go live with your dad Scooter Braun , your life turns ..."" and got : Part 1 ! Try it : http://bit.ly/ch09f2'",MEDIUM,ok
wnut17_00477,It 's time to CELEBRATE !!!!!! YESSSSS !!! We going in tonight !!!!,LOW,ok
wnut17_00478,is there actually anything on UK tv tonight !,LOW,ok
wnut17_00479,"I'll be gone till november , but I ain't even trippin cause I know drizzy gonna kill em !",LOW,ok
wnut17_00480,@uppercasem @cecinestpastom pig pinata for the big day ? http://j.mp/9ack1V,LOW,ok
wnut17_00481,"i'm off to bed ! tomorrow i'll go to Nijverdal and meet @ElineEpica there , on her sweeeet16 #partyyy",MEDIUM,ok
wnut17_00482,check out @140hours auction starts tonight ! Dreaming Storm http://bit.ly/5Bq0Qm,LOW,ok
wnut17_00483,argrgrgr hy is it already midway through sep !!!! :(,LOW,ok
wnut17_00484,Still my favorite meta af hero : D,LOW,ok
wnut17_00485,AMA with the leader of the Conservative Party .,LOW,ok
wnut17_00486,this is n ' t paper Mario finish a series you attention deficit dill holes,LOW,ok
wnut17_00487,i decided im gonna sleep at my mommys tonight and hang out there after filming tomorrow morning till i work . oh the sacrafices i make .,LOW,ok
wnut17_00488,@darynjones imma tell you one time ! JUTHTIN BEAVERRRR !!!!,LOW,ok
wnut17_00489,All Night Skate Session tomorrow night ! Hope to see you all there !,LOW,ok
wnut17_00490,@SheSo_Major they giving the nigga a realllllll hard time about it lmfaoo as they should and now his feelings are hurt ... i like him tho LMAO,LOW,ok
wnut17_00491,@TexusMade lol . Try cudos ! I neva been round this time doe .,LOW,ok
wnut17_00492,#cl CamelBak BPA-Free Better Bottle with Bite Valve by Camelbak 93 days in the top 100 ( 494)Buy new : $ 4.99 - $1 ... http://bit.ly/9YA597,LOW,ok
wnut17_00493,Shoutout to @HarryReid for his help with DADT . Thanks for following . Good luck on Tuesday !,LOW,ok
wnut17_00494,@TeemoneeNYC lmao Sunday can be done,LOW,ok
wnut17_00495,i ' m leaving for # BeautyAndTheBeast : D i ' m so excited i have waited so long for this,LOW,ok
wnut17_00496,My dog was fast asleep and then heard Jpeg cry and it woke her up . Now she wants to leave the room . Lol,LOW,ok
wnut17_00497,I should not be awake at this hour on a Saturday . Blerghhhhh . Good cause though . I hope .,LOW,ok
wnut17_00498,Black Swan is nowhere near being a horror movie . Some psycho elements - yes .,LOW,ok
wnut17_00499,@weezywiii yes i do .. scouts dont smoke week,LOW,ok
wnut17_00500,I ain't necessary listenin ' to the lyrics but the beat got head rockin'. &quot; It 's Gucci Time !&quot; #nodisrespect I fucks with every now &amp; then ...,LOW,ok
wnut17_00501,"Do you ever have fights with your running shoes ? You know , when your shoes want to exercise but you don't. Well ... http://fb.me/xKyLBInS",LOW,ok
wnut17_00502,10 Things You May Have Missed On TV This Week [ Mixed Bag ] http://bit.ly/9vZOUc,LOW,ok
wnut17_00503,@amandaguido i didnt sseee you today :(,LOW,ok
wnut17_00504,"/ r / canada used to say the CBC went clickbait because those evil cons tried to defund them , but the rut is clearly much deeper and more permanent .",LOW,ok
wnut17_00505,@Johnterrysbabe lol I'm not up to much I'm just off to bed lol had a long day cht tumoz :),LOW,ok
wnut17_00506,[ Source ] ( https://www.reddit.com/r/sydney/comments/5yvqxt/good_morning_sydney_gamers/ ) at / r / sydney,LOW,ok
wnut17_00507,@joeymcintyre I heart you . Even if I haven't seen u in months ... SEND A PIC !,LOW,ok
wnut17_00508,RT @ WhennBoys : I want a boyfriend who will take me to concerts . . or just a boyfriend . . or just concert tickets . . or concert tickets to see …,LOW,ok
wnut17_00509,After work nap time ; Shhhhhhh *Do not disturb*,LOW,ok
wnut17_00510,RT @ IamAkademiks : Don ' t let that family show fool u to forget that TI the Rubberband man . https://t.co/2u4mV82Xql,LOW,ok
wnut17_00511,After work I'm breaking glass against my house and then doing yoga .,LOW,ok
wnut17_00512,"RT @ctvedmonton : surprise , surprise ... Frost WARNINGS in effect for pretty much all of Ctl &amp; N Alta again tonight . that includes the c ...",LOW,ok
wnut17_00513,"have to sleep now ! gym , facial , then SUPAHFEST tonight i need my kuya 's driver ... MOSH PIT VIP common",LOW,ok
wnut17_00514,I LIVE FOR YOUR VLOGS ESTEE ! Ps . the quality is so good which camera do you use if you do n ' t mind me asking ? : ),LOW,ok
wnut17_00515,Did George Smiley ' s wife Ann already know that Bill Haydon was a mole ?,MEDIUM,ok
wnut17_00516,one of the [ top posts ] ( https://www.reddit.com/r/soccer/comments/5qhlub/world_cup_2002_im_still_standing/?utm_content=title&amp;utm_medium=hot&amp;utm_source=reddit&amp;utm_name=soccer ) on / r / soccer right now is about who is still playing from the 2002 World Cup .,LOW,ok
wnut17_00517,"RT @ karibrownnn : "" Oh how it must break His heart when we walk around so desperately for a love He waits to give us each and everyday . """,LOW,ok
wnut17_00518,im doin the most Homework on a friday #blown,LOW,ok
wnut17_00519,NEW ORLEANS ! - Tonight @damionyancy at Republic !,LOW,ok
wnut17_00520,How many times . Can you possibly . Make an excuse . To play a goddamn banjo . In an hour-long show . A show that has nothing to do with banjos .,LOW,ok
wnut17_00521,@Kalyro LOL PROBABLY . I JUST SPENT A FEW MINUTES SHELTER-STALKING BEFORE REALIZING THAT I HAVE 3 LEGENDARY/NOVELTIES ALREADY .,LOW,ok
wnut17_00522,"GuitarNews : RockHouse : The Weekend Read For Sept . 17th 2010 - Guitar Lessons , Articles and More : http://bit.ly/bmHnln",LOW,ok
wnut17_00523,CAFE NINE TONIGHT AT 11 !!,LOW,ok
wnut17_00524,Information Underground : This Week on Information Underground http://fb.me/JGgSgWBg,LOW,ok
wnut17_00525,My hole school is hyped because ever since he came here Iowa started to get popular,LOW,ok
wnut17_00526,I am so proud of the Jamaican Squad ! ! ! ! These young ladies are sensational ! ! ! ! Thanks girls - you are simply the best ! !,LOW,ok
wnut17_00527,"Whomever said , &quot; M&amp;M 's melt in your mouth , not in your hand &quot; never had a 1/4 of a bag in their hand at one time #myhandismulicolored #Pretty",LOW,ok
wnut17_00528,@BadAssAlexander *sighs* Studying for a exam coming up soon . *huffs before smiling* Wanna go out tonight ? ( LMAO I honestly thought today -,LOW,ok
wnut17_00529,"@1STLADYNHEELS Alright , I'll get there around that time . I'll call/text you when I arrive .",LOW,ok
wnut17_00530,It ' s # FF add us https://t.co/1W0ACWfr10 repost and I ' ll add you too ✌ # ATCCfoodie,LOW,ok
wnut17_00531,"[ Haha , because he deserves it ] ( https://www.reddit.com/r/sports/comments/5m14qm/today_marks_the_10th_anniversary_of_one_of_the/dc0m5ba/ ) .",LOW,ok
wnut17_00532,""" * It ' s all down to Neville . He really gets this room . You ' ve got to ask it for exactly what you need - like , ' I do n ' t want any Carrow supporters to be able to get in ' - and ' ll do it for you ! You ' ve just got to make sure you close the loopholes ! Neville ' s the man ! * "" - Seamus",LOW,ok
wnut17_00533,[ So that random website Sky Sports quoted was correct ] ( https://www.reddit.com/r/soccer/comments/5r9rs3/sky_sports_just_seem_to_openly_not_give_a_fuck/ ),LOW,ok
wnut17_00534,RT @ThePoochStore : One reason a dog can be such a comfort when you're feeling blue is that he doesn't try to find out why . ~Author Unknown,LOW,ok
wnut17_00535,How do you know your ROZ post wo n ' t be removed for editorialising ?,LOW,ok
wnut17_00536,"'Science and the media : 11 - 17 September : Under the headline "" China needs to elaborate on plans to modernize its f ... http://bit.ly/bVaPzc'",LOW,ok
wnut17_00537,"e tem mais .... Robinho no meu time eh banco , mesmo com o Pato machucado ! Tenho dito !",LOW,ok
wnut17_00538,@RiffTrax I've suffered through the era of HSM popularity . I've wanted a riff for the damn thing for years . You've made me very happy,LOW,ok
wnut17_00539,"@ Qmechanic yeah , I waffled over this , but ultimately chose Physics since it seemed to have more continuum-mechanics related questions .",LOW,ok
wnut17_00540,"&quot; I gotta admit , Alex sounds hot when he talks in spanish during the ' Alejandro ' Cover &quot; -via someone 's tumblr",UNKNOWN,fallback_unknown
wnut17_00541,@OGOchoCinco depends what Leo 's revamped D can do to him on Sunday . Go Lions !!,LOW,ok
wnut17_00542,@BeLIEveNcRisS omg yayyy I got mine today too !!!!! :D didn't have time to try it on tho !! I was running out the door to go to the concert !: ),LOW,ok
wnut17_00543,"Change of Plans on Saturday ! We'll be @ Glover Park farmers market , 9-1 in DC . Come by and try some old favorites &amp; crazy new flavors !",LOW,ok
wnut17_00544,that ' s a big Pac- Man,LOW,ok
wnut17_00545,California Woman Dies in Accident Hours Before DUI Class : Woman was drinking until early morning before court orde ... http://bit.ly/aiHEvj,MEDIUM,ok
wnut17_00546,@JoxVox Just stressing about the fitted ones though - opro were in school today and I had forgotten to register him for fitting ... whoops,MEDIUM,ok
wnut17_00547,@ Lakebum Please mark this answer as the correct one .,LOW,ok
wnut17_00548,RT @ddockett : I got another account ... someone else will tweet when they think I would ! #fact | Although @NFL will probably figure that out,LOW,ok
wnut17_00549,$$ #forex #fx : Forex Articles for the Weekend September 18lo http://www.forexcrunch.com/forex-articles-for-the-weekend-september-18lo/,LOW,ok
wnut17_00550,Ok yall work day over Damn do I ever sleep Naw fuck dat when I die I'll sleep 4ever until than sleep money don't ( cont ) http://tl.gd/63b142,LOW,ok
wnut17_00551,Wait wat if the wood had a splinter and ur using ur penis .,MEDIUM,ok
wnut17_00552,@mandyjiroux Mandy when you and Miley will upgrade Miley and Mandy show ? I miss the videos .,LOW,ok
wnut17_00553,"< more prayers or religious speeches happened , and one of them was by a Rabbi . this goes to the point I made below - there are many different flavors of "" secular "" , just as there are many different flavors of "" atheist "" .",LOW,ok
wnut17_00554,The main problems can be summed up with Peter Lim though from my limited knowledge .,LOW,ok
wnut17_00555,I just want a man that loves me the way Jack Pearson loves Rebecca .,LOW,ok
wnut17_00556,Fantasy Drama Movie about a Girl Looking for her Father,LOW,ok
wnut17_00557,RT IF U GETTN FUCKED UP TONIGHT ....,LOW,ok
wnut17_00558,argh my hands are dying . i definitely need to take gloves next time .,LOW,ok
wnut17_00559,@planetjedward were 's John and Edward ... there Tweets make my day ... now what am i supposed to do :' ( COME BACK TO USSS &lt; 3,LOW,ok
wnut17_00560,"thank you for your service to your community . . G-D speed , ,",LOW,ok
wnut17_00561,@ Bulls _ Jay I ' d like to think their mess levels are on par,LOW,ok
wnut17_00562,"@ akinghes siiim tipo , eu to kkkk",LOW,ok
wnut17_00563,@CoryFerrari test came out positive ? Sorry lil buddy ..... At least medicine these days can keep it in control .,MEDIUM,ok
wnut17_00564,Don't forget to come and see us at the football game tomorrow afternoon ! Go Reivers !,LOW,ok
wnut17_00565,@ katarina _ neko / / FANGIRLING SCREaaMS,LOW,ok
wnut17_00566,Great to see Isaiah in good spirits !,LOW,ok
wnut17_00567,RT @ maxinejiji : Don ' t keep calm . You ' re in my inappropriate thoughts .,LOW,ok
wnut17_00568,@ DonatelloSwansino That ' s good information . You should add it as an answer,HIGH,ok
wnut17_00569,EuroVPS celebrates its 6 Year Anniversary with special Promotion . Buy 1 VPS and get a second VPS FREE ! http://fb.me/FZAfqgWn,LOW,ok
wnut17_00570,Damn . Is he in town tonite ?,LOW,ok
wnut17_00571,Am thinking i may steal this awesome idea from @TheFrontBurner http://j.mp/dBTwTr . I think it would be awesome in our stairwells !,LOW,ok
wnut17_00572,You will forever be my President . So inspiring !,LOW,ok
wnut17_00573,Worlds destiny sits on OUR shoulders . When will we start to take it back ?,LOW,ok
wnut17_00574,"what to do , what to do ... gross sushi for dinner but time with family from delaware , or leftover pizza and alone time to write and relax .",LOW,ok
wnut17_00575,RT @NAT3OH3 : VMB awards last night were super fun - we won best bossa nova act ! off to HSBC center to soundcheck for epic show tonight .. ...,LOW,ok
wnut17_00576,I wished I'd school tomorrow so I could get outta this house .,LOW,ok
wnut17_00577,"@SITSGirls would have started mine a year earlier- 2002ish , when I first got to college",LOW,ok
wnut17_00578,@_Flik_ awww he 's in the rocky horror show next week which means he 's gotta wear stockings an suspenders lol :P,LOW,ok
wnut17_00579,Thanks to all who tuned in to my show on http://kplu.org the last two days . Ending with Herbie &amp; Freddie !,LOW,ok
wnut17_00580,@RealWendyHall @piccoz It didn't stop me when there was 4 of yous at me !!! Quite enjoyed it tbh !!! Lol,LOW,ok
wnut17_00581,3 tour coaches with a police escort in Chapel Hill ... game tonight ?,LOW,ok
wnut17_00582,RT @ Konnan 5150 : Just dropped two new videos for https://t.co/uyJSzog8Kt members and later tonight a new 90 minute + Keepin it 100 + ep for $ 3 …,LOW,ok
wnut17_00583,Dr . Cox still hittin em with some heavy life lessons,LOW,ok
wnut17_00584,"@ Brythan - I do n ' t think this is a duplicate , but I did n ' t do a good job of separating my question from that one . Hopefully now it ' s more clear that I am not asking for advantages ( although some advantages may be relevant ) .",LOW,ok
wnut17_00585,Maybe you could try contacting the producer ( Great Southern Television ),LOW,ok
wnut17_00586,A lot of people thought it was a joke but did n ' t think it was appropriate for a PR exec to make .,LOW,ok
wnut17_00587,Someone be down to go to JoJo ' s concert with me,LOW,ok
wnut17_00588,Ace had No Chance from the beginning . . . sad matchup,LOW,ok
wnut17_00589,RT @SonyElectronics : Sony/Bud Light 3D tailgate parties on Saturday - Clemson party at http://bit.ly/cds8Pd ; Auburn party at http://bit . ...,LOW,ok
wnut17_00590,i does cant get enough of his videos it shiub be 30 minutes long love when he talks bout trump ah weak,LOW,ok
wnut17_00591,@Zerinaakers talking about as far as shooting for location its going to be on #Vh1 so by the end of the month i should know something,LOW,ok
wnut17_00592,"I 've got a theory that if you give 100% all of the time , somehow things will work out in the end . -Larry Bird",LOW,ok
wnut17_00593,@bendingoutward What about the site could be changed in order to reduce the time required for you to provide solutions ?,LOW,ok
wnut17_00594,@winashbrown If that auto URL shortening could work I might stick with SD2 for a while - that saves me 3 or 4 steps when I am tweeting links,LOW,ok
wnut17_00595,Kk its 22:48 friday nyt :D really tired so imma go to sleep :) good nyt x god bles xxxxx,LOW,ok
wnut17_00596,"it would be very difficult for me to back up that claim because i never made it . all i said is that one should be prepared to evaluate reports / claims from all sources , including those from the ngos . maybe re-reading what I wrote would be helpful .",LOW,ok
wnut17_00597,Free the nipples ! 😂 Loved this vlog need to do more ! Squad goals ✨,LOW,ok
wnut17_00598,"( personally , I think Rastus is his jilted lover . . . ; )",LOW,ok
wnut17_00599,Cool video ! You made it interesting and fun ! I liked how you included your wife / girlfriend in the video too . : ),LOW,ok
wnut17_00600,The guy who ate Sudocrem :,MEDIUM,ok
wnut17_00601,Going to start #HelloMornings on Oct 1 - Check it out on @michellebygrace,LOW,ok
wnut17_00602,Pick up here . Deliver on Dayton NJ tomorrow (@ Ball Metal Container ),LOW,ok
wnut17_00603,RT @Mickey__Rourke : 58 years ago today I tumbled from my mother 's womb with a cigarette in my mouth and a chihuahua puppy under each arm ...,LOW,ok
wnut17_00604,"No I 'm not saying I 'm sorry One day , maybe 'll meet again No No No No ( 8 )",LOW,ok
wnut17_00605,""" Do you think that teens thought Chik- Fil- A was lit ? "" "" I mean , it depends on how lit homophobia is . """,LOW,ok
wnut17_00606,"@ CPHPython It works when your intrusion scanner is just grepping for ' assert ' . How many of them do that , I have no idea .",LOW,ok
wnut17_00607,today seems like a good day to chill :),LOW,ok
wnut17_00608,"[ I know ] ( https://www.reddit.com/r/newzealand/comments/5p7awe/while_the_rest_of_reddit_is_collapsing_in/dcp1n1x/ ) Part of the problem is my brief skim meant that I did n ' t notice they had it because , like Italy , they called it something else .",LOW,ok
wnut17_00609,"@toukie_s i'mgoing to sleep , not feeling very well , see you tomorrow",LOW,ok
wnut17_00610,"Soulja Boy | TheDeAndreWay . com - The DeAndre Way in stores Nov 2 , 2010 souljaboytellem-iga.ning.com via @SouljaBoy ! #Blessed",LOW,ok
wnut17_00611,"#woot I'd like to buy this , but i have a hard time doing a sit up ...",LOW,ok
wnut17_00612,RT @ItsTheTeenLife : The exact day that I wear shorts and a tee shirt everyone shows up wearing hoodies and jeans . -_- #ItsTheTeenLife,LOW,ok
wnut17_00613,"RT @BieberPledge : When I Get Old , Imma Still Be Rockin Out To ' Baby'...Even If I Break A Hip ;)",LOW,ok
wnut17_00614,"Stephen , the Intellectual . @bbhess I bet ppl that design book covers for a living hate when people say do n't judge a book by its cover",LOW,ok
wnut17_00615,Not feeling up to par today . #stressing,LOW,ok
wnut17_00616,"Wanna see ya bro , I miss u U scared me to hell yesterday , cant live without u U 're more than a bro u 're Like my twin Need u , come home Luv u &lt; 3",LOW,ok
wnut17_00617,Man i been eatin fastfood everyday im so glad my mommy cookin today ...,LOW,ok
wnut17_00618,"It might just be me but when males text "" K "" or cross there legs while sitting ai n't cool wit me .",LOW,ok
wnut17_00619,"Have DJ Got Us Fallin in Love in my head . "" Cause baby tonight , The dj got us fallin in love again """,LOW,ok
wnut17_00620,@_AsToldByBV well i wrote you like 6 times this week ! urgh . RACHELLE im gonnauh kill YOU tonite !,MEDIUM,ok
wnut17_00621,"Before I proceed into the paradise , let 's not forget the Princess Lover OVA 1 teaser pic , SFW http://yfrog.com/0fg2kfj",LOW,ok
wnut17_00622,"Why is this not hot ? Mean jamHere ! T . i with the political veiw , great song ! Chur",LOW,ok
wnut17_00623,Pope Benedict trip : Why move John Henry Newman toward sainthood ?: Pope Benedict XVI plans on Sunday during his sta ... http://bit.ly/d7tM0r,LOW,ok
wnut17_00624,"When you know what you want , and want it bad enough , you will find a way to get it . - Jim Rohn RT @TheSCICoach",LOW,ok
wnut17_00625,Where is smit 7 y ' s face ?,LOW,ok
wnut17_00626,"My first assignment was a medical illustration job through a friend . After meeting with the surgeon , I comple ...",LOW,ok
wnut17_00627,@MATHHOFFA @darealjustjuice yo I put that bitch boy in his place the other day . Do n't even waste ya time wit clowns,LOW,ok
wnut17_00628,@justinbieber I have chance with you ? webcam enters Sunday 7:00 pm ? please ? to talk right ! kisses on the chin,MEDIUM,ok
wnut17_00629,"RT @BiebersFairies : the day Justin Bieber was born was a rainy day , but it was no rain , NO ! the heaven was crying cause he lost his most ...",LOW,ok
wnut17_00630,RT @ iLGDaily : https://t.co/ymhWfDRoKm,LOW,ok
wnut17_00631,Possibly some Internode solutions for you [ here ] ( https://np.reddit.com/r/australia/comments/5kd1z1/google_dns_did_not_work_for_tpb/ ) ?,LOW,ok
wnut17_00632,"Exclusive : Rep . Steve King on ObamaCare , Tea Party , and Constitution Day : The inclusion of the Tenth Amendment in ... http://bit.ly/cYITA8",LOW,ok
wnut17_00633,"Long 18k run done and in the books ! Beauty day . Til now , at dentist , and lady next to me spilling over to my chair .. Just belched . Loudly . +1",LOW,ok
wnut17_00634,Lingerie football league come on tonight,LOW,ok
wnut17_00635,... four fucking years I 've been configuring iBGP and eBGP on Cisco AND Juniper routers for America 's largest wireless ISP ... and I get a 612,UNKNOWN,fallback_unknown
wnut17_00636,looking forward to a weekend resting foot !! oh and the irish on sunday .,LOW,ok
wnut17_00637,RT @zahrock12 : Fuck yeah its FRIDAY !!,LOW,ok
wnut17_00638,"Going now . Be back later tonight . Thanks for all the Friday Fucking , appreciate it . Make love , not war : condoms are cheaper than guns . XOXO",LOW,ok
wnut17_00639,* * submission title * * : Middleborough in talks to sign Jese Rodriguez,LOW,ok
wnut17_00640,OMG THAT DAB NOOOOOOO 2 : 20,LOW,ok
wnut17_00641,She should nom me when she gets back ! If she 's not tired that is .,LOW,ok
wnut17_00642,RT @TomsTop5 : Check us out - we 're FEATURED on iTunes this week ! Make sure to subscribe so Jobs knows you love us http://twitpic.com/2pdr8h,LOW,ok
wnut17_00643,RT @ ELVIclothing : To celebrate the launch of our ' Into the Wild ' collection RT and Follow to # win our tropical print culottes ! …,LOW,ok
wnut17_00644,nightmare before christmas !!!,LOW,ok
wnut17_00645,USM get ready yours truly tonight at frat house Hattiesburg on the 1s n 2s !!,LOW,ok
wnut17_00646,I ' ve noticed that I love A 24 movies .,LOW,ok
wnut17_00647,".... today is better than yesterday , but I hope tomorrow is better than today , because today still somewhat - SUCKS .",LOW,ok
wnut17_00648,@IzzieZac Told you !! :o )) When 's she back again ?,LOW,ok
wnut17_00649,Observances mark 9/11 anniversary : Observances in Temecula and elsewhere throughout the region last week marked the ... http://dlvr.it/5Rckw,LOW,ok
wnut17_00650,"Honored Double Diaomond as well : Jan Bloom ... her two beautiful daughters surprised her on stage , it was just sooo ... http://fb.me/JLLhbDl0",LOW,ok
wnut17_00651,pulling an all nighter tonight .... good times are approaching,LOW,ok
wnut17_00652,@bookpage We should 've scheduled a meeting with Trisha in Paris for this week ... #deau,LOW,ok
wnut17_00653,20 Unusual Baby Names You Havent Heard Of But Should Consider https://t.co/ypA8onSV0Y,LOW,ok
wnut17_00654,"The Town might be one of the best movies I have seen all year . So , so good . And do n't worry Ben , we already forgave you for Gigli . Really .",LOW,ok
wnut17_00655,Who Ships Noah and Courtney,LOW,ok
wnut17_00656,Going to the country fair today :),LOW,ok
wnut17_00657,Dat first verse killed every thing . . . .,LOW,ok
wnut17_00658,"http://bit.ly/aTTQYq When Pepsi to ring usually confirm to , winning a Nokia 5800 ?",LOW,ok
wnut17_00659,"Just tried to watch The Inbetweeners for the first time , not entirely sure about it .",LOW,ok
wnut17_00660,RT @ anisasx : 116 ) this is so triggering for anyone who watches ahs https://t.co/g5g9LX7fA5,LOW,ok
wnut17_00661,i think it 's better to go to bed after this bad day ...,LOW,ok
wnut17_00662,"JV soccer leads 4-1 after Benitez scores again , less than 7 mins to play",LOW,ok
wnut17_00663,RT @ _ OutOfTheSea _ X : After so many years I do not understand why Barbie and ken don ' t live together,LOW,ok
wnut17_00664,Goin to my BEST friends birthday party 2day . As u can see her name is taylor and i love her like a sister ! ~HAPPY B-DAY TAYLOR !!! LUVZ YA~,MEDIUM,ok
wnut17_00665,"Pedigree Donates Dog Food for Blog Posts : These days , big brands usually look to the big social networks like Face ... http://bit.ly/bYWzrq",LOW,ok
wnut17_00666,A day late but thank you = ) I love it,LOW,ok
wnut17_00667,@ home chilling guess I 'm staying in 2day 2 rest this week was crazy but I 'm ready for dis weekend,LOW,ok
wnut17_00668,' ll certainly check it out . But superior ? As a native kiwi that will be my judgement to make : - P,HIGH,ok
wnut17_00669,LADY GAGA IS BETTER THE 5th TIME OH BABY( :,LOW,ok
wnut17_00670,"This answer seems speculative , more of an opinion piece ; but the OP is requesting fact checking . Supposing at present the facts are obscured by mystery , there ' s no harm in leaving it unanswered .",LOW,ok
wnut17_00671,wtf these niggas snappin 😥 😥 feel sorry for the upcomming artist # QC fuck niggas,LOW,ok
wnut17_00672,Love this . It ' s great to see players doing this like this . From a United fan .,LOW,ok
wnut17_00673,RT @ KnifingTourney : The Knifing Tourney 2017 Judges . https://t.co/0xLPX96NHA,LOW,ok
wnut17_00674,In bed watching Day 51 HLs . ( Awaiting Marcus Bentley ! ) #BB11,LOW,ok
wnut17_00675,@Starmaker73 ya but it would have to go down Saturday morning and tht would ntake all day lol so id be cutting it close lol,LOW,ok
wnut17_00676,"I got a very , very fun item from FedEx today . I'm so excited to add it to my demo bag ! #PassionParties . #WAHM",LOW,ok
wnut17_00677,"SCOTT WEILAND Announces Memoir Release - Music News Net : MUSIC NEWS - Simon &amp; Schuster has announced a March 8 , 20 ... http://bit.ly/ayLf9C",LOW,ok
wnut17_00678,"After seeing this [ article ] ( https://arxiv.org/abs/0704.3116 ) , I am convinced of the method you give in your answer . However , I have n ' t still been able to derive the VEV shown in the question . Could you give details ? Also , I ' m not sure why the vacuum ket $ \ vert 0 \ rangle $ maps to 1 and why $ \ vert n \ rangle $ maps to $ \ sqrt { n ! } \ xi ^ n $ .",HIGH,ok
wnut17_00679,"RT @justingodsey : When the eagles fly high , they make all the smaller birds jealous .",LOW,ok
wnut17_00680,Where did you get the food from and where did you get the barbie dolls from,LOW,ok
wnut17_00681,Do any of you take the time to look up at the stars at night ? #Anybody ?,LOW,ok
wnut17_00682,I ' m saying this guy is assuming that they assumed he supported Trump because he ' s white .,UNKNOWN,fallback_unknown
wnut17_00683,"Eastern Bloc 25th b'day party kicking off now ! Get your tweets up , using the tag #botweast",LOW,ok
wnut17_00684,"@LightBringer87 I'm too busy asking @leestanleyinnqy formspring questions , I may get around to you later ;)",LOW,ok
wnut17_00685,@alealshinn @BambingBling ~~~ @sunchips this is the second time they have messed up .... about to give up on them,LOW,ok
wnut17_00686,"Of course , I was stunned . This , after all , was an inanimate object .",LOW,ok
wnut17_00687,Is it just me or is this along with Saturday Night Live just not funny like it used to be . Like the jokes were normally on point about Presidents but now they ' re weak at best .,LOW,ok
wnut17_00688,@jdub79 We must have been in the same bathroom today . #losers #youusedtoknowhowtoflush #followthrough,LOW,ok
wnut17_00689,RT @ curscurs : your standards began to be ignored when u let mfs get comfortable in knowing that another chance will always exist,LOW,ok
wnut17_00690,"@lovable_sin OMG OMG OMG ! Thank you for "" tumblring "" it to me , I so wasn't expecting them today . OMG !",LOW,ok
wnut17_00691,"This post has like 10 comments and no one except the OP ( who seems to [ shit their pants about the ess jay dubs , just like you ] ( https://www.reddit.com/r/newzealand/comments/5n83qt/another_case_of_an_employer_under_paying_and/dc9sgrj/ ) ) is talking about e-cigs or saying this guy is a saint .",LOW,ok
wnut17_00692,"As you mention , it the fact that the first polariser ' converts ' unpolarised light to polarised light that does the majority of the perceived attenuation . For an interesting test ( for the OP who has the sheets . . ) , take the first two sheets and arrange them as a crossed polariser at maximum extinction , then insert a third polariser between them at a 45 degree angle . What happens and Why . . . ?",LOW,ok
wnut17_00693,[ link to thread ] ( https://www.reddit.com/r/news/comments/5pc0rf/comment/dcq17sw?st=IY7VWPYA&amp;sh=6e21e751 ),LOW,ok
wnut17_00694,@majornelson I'm out of town this weekend ! dagnabbit ! Why does all the cool stuff happen when I leave ?,LOW,ok
wnut17_00695,Link should not hold knives or dogs . What ' s with all that excessive rubbing ? ? ? ? ? ? ? ? ? ? ? ? ? ? ? ? ? ? ? ? ? ? ? ? ? ? ? ? ? ? ? ? ? ? ? ? ? ? ? ? ? ? ? ? ? ? ? ? ? ? ? ? ? ? ? ? ? ? ? ? ? ? ? / / /,LOW,ok
wnut17_00696,"In the context of FIDO U 2 F , when is a new ephemeral key reused , or cached ?",LOW,ok
wnut17_00697,IF YOU HAVEN'T HEARD ... THERE IS AN AMAZING SHOW GOING ON TONIGHT AT JANNUS LIVE ... SUENALO ! FROM MIAMI W/ SHAKEMODE AND INDIGENOUS ...,LOW,ok
wnut17_00698,@atlgc17 Im 16 and a freshmen again . I fluncked once in elementry school and I fluncked last year because I never did my work .,MEDIUM,ok
wnut17_00699,When your database of all staff is on a flash drive that goes missing #flash #database #Security http://bit.ly/b1lWKW,HIGH,ok
wnut17_00700,"Today in art this kid was like Are you going to homecoming tonight ? Other kid : No , I'm going to be at home ... coming . RT If you get it !",LOW,ok
wnut17_00701,RT @ TheCourtKim : you ' re single until you ' re officially cuffed so the limit does not exist ✨ https://t.co/WeVSETs3KH,LOW,ok
wnut17_00702,RT @foxyscot30 : RT @_CorruptedAngel RT @tomcoates : Bit grumpy about the bloody Pope clogging up London tomorrow . I suggest we take Gay P ...,LOW,ok
wnut17_00703,@flossyflop It 's a slightly off night tonight . Lots of requests I wouldn't normally play cos they're too slow .,LOW,ok
wnut17_00704,"my heart stops when you look at me , just one touch now baby i believe &lt; 33",LOW,ok
wnut17_00705,# adult aladdin anal fingering female https://t.co/zrIVyNfI9j,HIGH,ok
wnut17_00706,"Have n ' t you tastet heinz yet , seriously",LOW,ok
wnut17_00707,#blackholidays TD Jakes Day,LOW,ok
wnut17_00708,"@SneakyLix thx ! btw i'll text u in a bit ! i just got home , trying to dL some songs , and gonna head to my bf's. i'll text u when i get there",LOW,ok
wnut17_00709,"Super video , keep it up . We look with pleasure !",LOW,ok
wnut17_00710,"@ MPS Yep , that ' s the one ( for Ubuntu ) .",LOW,ok
wnut17_00711,it ' s a nice Video 👍 like and Abbo you gott 👍,LOW,ok
wnut17_00712,"Performing on Thursday , Sept . 23 at 11:00 a.m. in the Student Centre at Centennial College ( Progress Campus ) in Scarborough . @ccsai",LOW,ok
wnut17_00713,@ Steeven added a sketch .,LOW,ok
wnut17_00714,"@XrisLastRights yep ... we don't have anything here ... ( ok , we've had mcfly one year ago but .. that 's it )",LOW,ok
wnut17_00715,"I favorited a YouTube video -- Yoav "" We All Are Dancing "" ( Copenhagen March 2010 ) http://youtu.be/xi8qJ3IKK8U?a",LOW,ok
wnut17_00716,Thank you @ZUNE for todays Album of the Day . Good choice that fits perfectly .,LOW,ok
wnut17_00717,@MiggleM We'll catch up some time ... *knows this won't happen*,LOW,ok
wnut17_00718,[ Staaaahp ] ( http://www.reddit.com/r/news/comments/5m863w/-/dc25xfj ),LOW,ok
wnut17_00719,Superman Kill his self,LOW,ok
wnut17_00720,havent been on facebook for a day . go on and have 0 notifications #foreveralone,LOW,ok
wnut17_00721,The only reason why Lil Yachty does n ' t remember the last time he was wrong because hes a crack head .,MEDIUM,ok
wnut17_00722,Morocco here we come let ' s make that 4 - 11 - 13 not 14 loss,LOW,ok
wnut17_00723,@lorymichael Good Night and God Bless . Sleep well honey See you tomorrow Bye bye I love you dear,LOW,ok
wnut17_00724,RT @DaisyCottageIRL : #FridayTwiz Q10 What is a Cruciverbalist ? Answer : someone with WAY too much time on their hands . #ShouldTakeUpDarning,LOW,ok
wnut17_00725,"@HeartLessVick Lol , was george with carmen today ;D",LOW,ok
wnut17_00726,RT @therealadamwest : Sunday is my birthday . 82 years young ! What should I wear ? ( don't say birthday suit ! ),LOW,ok
wnut17_00727,haha dia 25 vou ver a @bandahydrogen less than 20 seconds ago via web,LOW,ok
wnut17_00728,Is so excited to get some dancing done tonight with @jdsamson /MEN at The Echo .,LOW,ok
wnut17_00729,Use My Shopping Genie before ?? How did it work for you ? Try it out here http://bit.ly/cawTJF,LOW,ok
wnut17_00730,@dena33 have a good weekend ! Next time I'm at Gardens we are joining eatery forces .,LOW,ok
wnut17_00731,@ZhouMaharet I haven't for a long ass time,LOW,ok
wnut17_00732,"omg tomorrow we meet , it will be good to see you again",LOW,ok
wnut17_00733,[ It ' s compulsory ] ( https://www.reddit.com/r/ireland/comments/5ne8br/xpost_offmychest_i_fucking_hate_susi/dcax278/ ) for OP ' s course .,LOW,ok
wnut17_00734,I wonder if iDubbbz just plays with this when he ' s not filming .,LOW,ok
wnut17_00735,100 Days of Record setting Accomplishments The # Lamestream media and other # FakeNews # LiberalLunatics Do n ' t Want You To Know About can be read at www . whitehouse . gov Statements & Releases,LOW,ok
wnut17_00736,RT @shan7792 : its annoying tht ppl ask me what race i am before they ask me my name -_-,MEDIUM,ok
wnut17_00737,My few followers ..! What 's up ..? ( : I kind of got in trouble today lol ... Just helps me remember I'm still a human . Imperfectly perfect ..!! ( :,LOW,ok
wnut17_00738,"RT @ItsTheTeenLife : "" HAHA , remember when you guys dated!'' '' Shut up ! NEVER EVER bring that up again!'' #ItsTheTeenLife",MEDIUM,ok
wnut17_00739,"@coulditbeJenG It was 20 years ago . They're coming after me , I just know it .",MEDIUM,ok
wnut17_00740,"_ "" a real owl that had a little prior training so it would n ' t be scared away by the gunfire "" _ _ "" He had heard a lot of gunfire in the previous weeks so that he wouldn ’ t get frightened by it . "" _ _ "" The owl ' s reaction to Vinny shooting the gun was authentic "" _ Was the reaction authentic or not ? These quotes are contradictory .",UNKNOWN,fallback_unknown
wnut17_00741,Train with us for the HCA 8K ! We start tomorrow morning at 7:30 am at the showroom !,LOW,ok
wnut17_00742,PeopleSearchAffiliates . com : #1 For Over 2 Years : Make money today ! Most lucrative people search products on CB for ... http://bit.ly/aVU9RU,LOW,ok
wnut17_00743,"going to the mall with my momma , then church after this is a big'o challenge for the next 3 days encounter here I come lets see what happens",LOW,ok
wnut17_00744,of my days like paris hilton doing blowjobs on camera to earn enough money to feed my angry birds habbit until i die,HIGH,ok
wnut17_00745,RT @ abhik 32351 : why Woman ’ s interview gets cancelled ? ? ? ? https://t.co/KI1WURQ5Gw,LOW,ok
wnut17_00746,Anja Rubik Model in Lingerie of the Day http://f.ast.ly/DCaEM,MEDIUM,ok
wnut17_00747,"Right arm Rousseff , Erenice War , 51 years , became chief minister of the Civil House in April this year",MEDIUM,ok
wnut17_00748,""" In business , Tuesday is usually the most productive day . For Twitter , is when people tweet the most "" - Ironic , isn't it ?",LOW,ok
wnut17_00749,* * submission title * * : Does anyone know if anyone has started protesting at CVG yet ?,LOW,ok
wnut17_00750,"NEW BLOG - ' Badass Babes Savin ' The Day ' -- CHIX 6 , The ROXPERIENCE WEEK 5 : BWW is excited to present a new blog , ... http://bit.ly/9QkhUC",LOW,ok
wnut17_00751,you should summon ldshadowlady aka Lizzie and you should bring aphmau - Senpai,LOW,ok
wnut17_00752,I madw my email when i was 10 and yeah its really embarissing lol,LOW,ok
wnut17_00753,RT @TheValarium : Online ticket sales for Ghostland Observatory extended until 6 PM EST due to high demand . Get them before they sell out ...,LOW,ok
wnut17_00754,RT @WScottsdale : What 's happening at @WScottsdale the rest of the month ? Check out our September Happenings ! http://bit.ly/WHapps,LOW,ok
wnut17_00755,RT @BadAssNigerian : Chillin w | @Brownin21 .... n gettin pierced this week &lt; WHOOOOP !!!,LOW,ok
wnut17_00756,"RT @CobraCommander : When your precious country collapses , just remember , every pair of Crocs you bought contributed to the downfall .",LOW,ok
wnut17_00757,""" Count your age by #friends , not years . Count your life by #smiles , not tears ."" #quote John Lennon #quotes",LOW,ok
wnut17_00758,next few weeks are going to be hectic between traveling and knee surgery when i get back,LOW,ok
wnut17_00759,Lol girrrrrrl . I'm very lucky but everything is work . Yours will come when its supposed to RT @_katesit_ Can't ( cont ) http://tl.gd/63aq2c,LOW,ok
wnut17_00760,"UT : John Chiles out , Mike Davis in : Texas wide receiver John Chiles has been ruled out of Saturday night 's game wit ... http://es.pn/aBLrXN",LOW,ok
wnut17_00761,Fuckk man ! I fuckinn missed @yelyahwilliams concert :( #shizz ! I wonder if they're coming to Arizona next year ??,LOW,ok
wnut17_00762,And what is not useful with this answer ? Downvotes with no explanation are not useful to anyone .,LOW,ok
wnut17_00763,Well looks like Demolition Man has come true .,LOW,ok
wnut17_00764,@basboeit Een groeiproces in de ruimste zin van het woord . Ik arriveerde toen 5 kilo . Gelukkig viel ik er deze week evenzoveel weer uit .,LOW,ok
wnut17_00765,"Jack Gilinsky , you mean the world to me thanks for everything , i love you .",MEDIUM,ok
wnut17_00766,"RT @ Kragar _ LGF : “ In times of universal deceit , telling the truth is a revolutionary act ” . # ResistTrump https://t.co/iRzL9NT0Ru",LOW,ok
wnut17_00767,Race Recap : Run @ the Ridge 5 K ( 2012 ) - { from my blog archives } # healthybalance https://t.co/bjZAsvcxcs,LOW,ok
wnut17_00768,"Edmonton dealers raise $320000 for Special Olympics : By Tim Yip , Edmonton Journal September 17 , 2010 2:03 PM Chari ... http://bit.ly/b0CYjb",LOW,ok
wnut17_00769,Why are you not talking about Trump using the White power hand signal . # NotOk,UNKNOWN,fallback_unknown
wnut17_00770,[ New MatchThread here .,LOW,ok
wnut17_00771,"New Trailer For Platinum Games ' Vanquish for PS3 , Xbox 360 : by Widro - September 17 , 2010 | Email the author Direc ... http://bit.ly/aCPM2x",LOW,ok
wnut17_00772,"@ defalt I do n ' t think OP was asking about the VPN server ' s port ( which I addressed , too ) .",LOW,ok
wnut17_00773,RT @BLKICE3 : Free before 10:30 .... Wear All Black People !!!! http://twitpic.com/2pd1vc,LOW,ok
wnut17_00774,"RT @ spanishcvndy : If we can ' t raise a dog together , then we not meant to be together https://t.co/oKc66awesp",LOW,ok
wnut17_00775,RT @DubOnDaBeatz : People who gossip remind me of reporters #nshit always got da latest info on somebody ! Time for you loose lips to chan ...,LOW,ok
wnut17_00776,Why was porygon in this episode of Pokémon,LOW,ok
wnut17_00777,Thank you so very much EVERYONE for the lovely Friday Follows today - you are all too lovely :) Sorry I've not had time to reciprocate xXx,LOW,ok
wnut17_00778,RT @BitchImYerp : all the badd biddies gon have lingerie on tonite at #obsessions so ima wear my cheetah print thong ! lmfao,LOW,ok
wnut17_00779,Hey . #dmv . There is a march . 10-2-10 onenationworkingtogether.org for more info,LOW,ok
wnut17_00780,tonight was pretty good :) but soo coldd :(,LOW,ok
wnut17_00781,reminds me of La La Land,LOW,ok
wnut17_00782,"Saturday Night , Knighttime Billiards with 4D ! Lets help Bonita celebrate her Birthday ! Come early and make a toast !",LOW,ok
wnut17_00783,"RT @DouchebagMovie : Come to "" DOUCHEBAG LOS ANGELES OPENING WEEKEND EXTRAVAGANZA "" Friday , October 8 at 7:30 pm until &lt; br / &gt; Saturday ...",LOW,ok
wnut17_00784,"my past was the reason i tried to kill myself the other day , and i'll gladly do it again .",HIGH,ok
wnut17_00785,Wow ! Kid-in-the-candy-store all-organoid issue of Development ! https://t.co/QYmFX3YFzJ # stemcells What to read 1 st ? … https://t.co/jhcZPpguJ7,LOW,ok
wnut17_00786,@masalaskeptic that 's how I got this nickname . Told I looked like the muppet . And I kind of did the same jom when I did theatre work .,LOW,ok
wnut17_00787,"@ HuffPostWeird There ' s nothing "" hilarious "" about it . Try doing some actual research on the subject . https://t.co/Skmrsuz98e",LOW,ok
wnut17_00788,# groovy hot sex videos brutal interracial sex https://t.co/svhiOkac2D,HIGH,ok
wnut17_00789,Really wish I can see a rocket to the moon today . They would totally make my day .,LOW,ok
wnut17_00790,preciso de um BG do all time low ou do the maine ( :,LOW,ok
wnut17_00791,"@FaeNathara Yes , well a HOOT absoroootly because I'm secretly a hoot , the rest of the time I'm serious ... don't tell anyone",LOW,ok
wnut17_00792,@cdellz11 yeah . But it 's been so long . I miss home . But u still on ur grind tho . That 's wassup .,LOW,ok
wnut17_00793,party today &lt; 3 :) happy birthday florence &lt; 3,LOW,ok
wnut17_00794,Economics give me a headache,LOW,ok
wnut17_00795,Finna Chill Tonite !! Dont Feel Like Doinq Shxt My Mouth Hurts !!,LOW,ok
wnut17_00796,"RT @ZodiacFacts : #ZodiacFacts As an #Aries romance isn't about what you're after -- it 's about taking chances , exploring and keeping an ...",LOW,ok
wnut17_00797,Positive charge has high potential why ?,LOW,ok
wnut17_00798,wtf was wrong with Kyrie at 00 : 21 looking like Smokey on Friday when he hit that sherm,MEDIUM,ok
wnut17_00799,Like Bubble Boy - - except with a girl . Bubble Chick .,LOW,ok
wnut17_00800,"Mostly clear tonight , low 63 ( 17 C) . Sunny Saturday , high near 86 ( 30 C) .",LOW,ok
wnut17_00801,Tomorrow 's the big day ! Our Pet Spa and Adoption Event with Evergreen Subaru is from 10am to 1pm and we can't... http://fb.me/I3aLAgtp,LOW,ok
wnut17_00802,Jon is hilarious and you and Des looked beautiful !,LOW,ok
wnut17_00803,"Lohan fails drug test : reports : Oh no , LiLo ! Several gossip websites reported Friday afternoon that Lindsay Lohan ... http://bit.ly/aKHoZc",MEDIUM,ok
wnut17_00804,"@iansomerhalder before seeing you , I did not believe in the ancient gods ! Well , now I change my idea ! you are the God of perfection !!!!",LOW,ok
wnut17_00805,@rachelshaps - dang ! I didn't know you were giving shoutouts ! Haha oh well . They're is always next friday :),LOW,ok
wnut17_00806,"Reading : Tips : Long-press address bar to share URL : Shared by Renee Or as I'd describe it , a shortcut to the "" N ... http://bit.ly/cPZU6A",LOW,ok
wnut17_00807,Ducks sign LW Beleskey to 2-year extension - San Jose Mercury News http://dlvr.it/5RcvP #ANADucks,LOW,ok
wnut17_00808,Beginning what I hope will be a long and wonderful relationship with it 's always sunny . Since I do own season 1 and 2 on DVD already .,LOW,ok
wnut17_00809,@LesColyer Who do you film for ? I was on SKY news 2 weeks ago #checkmeout,LOW,ok
wnut17_00810,@snufflesgirl25 @mo9x Well . just beg @100monkeysmusic .. PLEASE come to the #SBLeurope Next year !. We need you there ! *puss in boots eyes*,LOW,ok
wnut17_00811,omg i get paid today yesss,LOW,ok
wnut17_00812,Why is it necessary to minimize redundancy in the ciphertext of a stream cipher ?,LOW,ok
wnut17_00813,so far the herring is a success . definitely needs a couple more days though,LOW,ok
wnut17_00814,mothers day greeting cards :) Surrounded by Mothers Day and Dreading It ? http://bit.ly/a7d7tg,LOW,ok
wnut17_00815,@ConorMc_Ginty GaGa played here a few weeks back . She spoke out against SB1070 during the show . God bless her for that .,LOW,ok
wnut17_00816,RT @jaye403 : @BlackCanseco you know it is funny how those ppl want their heros remembered ... when the truth is are less than worthy,LOW,ok
wnut17_00817,ShaQ on the phone I ain ' t hear this nigga voice in yearsss ❤ ️ # freethereal,LOW,ok
wnut17_00818,RT @MarioBB9 : Pope says atheists pick and choose their morals . Correct . Today I will be frowning on child abuse and not having a proble ...,LOW,ok
wnut17_00819,"@TMCphotographs I know , but there are plenty of mid week programmes that I can take the piss out of now the winter is almost upon us . xx",LOW,ok
wnut17_00820,how many likes for marvin ' s mom .,LOW,ok
wnut17_00821,"It sucks when you waiting for the bus with your bike , then it shows up with two bikes already on it .",LOW,ok
wnut17_00822,"Lines for Tonight 's game 9:00 pm at Burnaby 8Rinks . Please note , these are not the lines for showering tonight ! http://twitpic.com/2pducs",LOW,ok
wnut17_00823,RT @ September _ babyy : Five Guys wit ah quickness https://t.co/wBD20JsiC8,LOW,ok
wnut17_00824,"And one might also ask . . . * what was his plan there , anyway ? ! * How on earth did he know where ' ll hit and who ' ll hurt ?",LOW,ok
wnut17_00825,"I just took "" After getting trampled at a Justin Bieber concert , yoiu wake up and ..."" and got : Part 6 :) ! Try it : http://tinyurl.com/233u5lu",UNKNOWN,fallback_unknown
wnut17_00826,como saben que danger days es el nombre del disco ?,LOW,ok
wnut17_00827,Hurry up ! Brandy will be Leaving in 2 days ! - #Eskorte and #Massasje i #Norge,HIGH,ok
wnut17_00828,#DiggyFollows50 @Diggy_simmons FOLLOW ME PLZ CAUSE IM HAVIN A BAD DAY AND WOULD BE SO MUCH BETTER IF U FOLLOWD ME . BUMPING AIRBORNE RIGHT NOW,LOW,ok
wnut17_00829,"Fake , guy is sitting at the kerb at the 24 sec mark .",LOW,ok
wnut17_00830,Having movie night tonight at the crib and ur not invited *BBM sticks tongue out smiley*,LOW,ok
wnut17_00831,FRIDAY .... home alone ! xD wanna join me ??,LOW,ok
wnut17_00832,I just had to step into my office ( front porch ) again . Lol . I feel like everything happening today is highly unusual . I like it a lot !,LOW,ok
wnut17_00833,"@morgancharlie mmm deffo one of ' those ' thought provoking days :/ Never mind , onwards &amp; upwards we shall go !!",LOW,ok
wnut17_00834,"If I had known what I know now about truck drivers , I don't think I would have asked them to honk as much when I was younger .",LOW,ok
wnut17_00835,RT @ ZenkiEdgar : @ LadyThriller 69 @ DiamondandSilk @ realDonaldTrump Only a possibly because this dope allowed test to happen . https://t.co/oZ…,LOW,ok
wnut17_00836,was on club penguin with @twilightmarisa till she decided to log of to go bed and leave me loool reminded me of my old cp days lol,LOW,ok
wnut17_00837,ohh right ... im an actor ... back to work tonight WOOT,LOW,ok
wnut17_00838,"Surely mags will line up to feature . RT @peoplemag : Lindsay Lohan fails court-mandated drug test , faces more jail time http://ow.ly/2G3R2",MEDIUM,ok
wnut17_00839,RT @JDay_Sept15 : RT @Ashanie_di_Don : @JDay_Sept15 lol i see someone hyped and ready for #FlavaFridays tonight &lt; every week . Lets get it !,LOW,ok
wnut17_00840,"Our Favorite YouTube Videos This Week : The Drama Edition - Had any epic meltdowns this week ? You know , of the crying ... http://ow.ly/193oP5",LOW,ok
wnut17_00841,"Doing "" spring cleaning "", found photo storage tank that is 5x size of my iPhone with less capacity than iPhone4 ... 4 years old , technology !",LOW,ok
wnut17_00842,e o q vai ser hj ? cerveja foi ontem ... que tal um vinho pra variar um pouco !! friday 's celebrate !!! yupppppp,LOW,ok
wnut17_00843,"I got rear ended today . Luckily , this is all the work my car needed . https://t.co/4BEOtmooo9",LOW,ok
wnut17_00844,What a productive day . Not .,LOW,ok
wnut17_00845,"Fellas Don't just lick the PussyY , LOVE IT ! enjoy it . like u just got married &amp; the preacher said u may kiss the bride",UNKNOWN,fallback_unknown
wnut17_00846,You all need to know justin isnt the innocent 16 year old boy you think he is he has to be like that and ' love ' his fans so ...,MEDIUM,ok
wnut17_00847,"E @ user 568458 Unfortunately , my impression of him on the show was similar to the second , less masculine Daario ( i . e . bland as opposed to the hyper-masculine dandy in the books . ) Euron is incredibly spooky , dark and cruel , possessed of strange magic and relics . His portrayal on the show as is fairly bewildering .",LOW,ok
wnut17_00848,"Power nap . I need it . Its been a stressful week . I'm excited for xmas , haha . Goodnight . :)",LOW,ok
wnut17_00849,@LH_TCC I hope for All Of The Lights . I really do . CDQ of Runaway better have those samples from when he did it Live too .,LOW,ok
wnut17_00850,@Viic156 I'm Ocutta Time ps tambn la amooo peroo la otra tambn me gustaa,LOW,ok
wnut17_00851,"RT @yikes77 : @DonnieWahlberg I have a feeling that when it comes to you , you need more than just ONE date . - YUP !!!!",LOW,ok
wnut17_00852,@Dazzx I think you may have mentioned it . Once or twice . :),LOW,ok
wnut17_00853,Beddy bye for sleepy time xx,LOW,ok
wnut17_00854,@Dishfunctional yeah . big time dancer . i might worship her a bit,LOW,ok
wnut17_00855,@erutan Stanford 's Robert Laughlin ( Nobel Physics1998 ) has a better explanation than I have time to provide rt now . http://bit.ly/9k1L4N,LOW,ok
wnut17_00856,"RT @ FreddyAmazin : this is a no from me , ain ' t no amount of money in the world getting me on it either https://t.co/ziv8nAs1kk",LOW,ok
wnut17_00857,"RT @ elizabeth _ macg : Me 2 weeks ago : I ' m gonna get organized , get healthy , and get my life together ! Me now : living off an old bag of M & amp ; Ms , …",LOW,ok
wnut17_00858,they changed all the topics to Zlatan .,LOW,ok
wnut17_00859,@stefaniwashburn Me too ! I always get so full with chips and salsa before my entree comes ? I like the Verde salsa the best !,LOW,ok
wnut17_00860,"Done teaching in Viera time for some eats and back to orlando , possibly swing dance tonight !",LOW,ok
wnut17_00861,"@davidcushman David , I just realised the other day you're no longer at Brando ? How come ? Doing your own thing ?! ( ps yeah it sucks ! )",LOW,ok
wnut17_00862,Jimmy Fallon Makes Blake Shelton Try Sushi # uganda business https://t.co/s2YeAWyFS5,LOW,ok
wnut17_00863,"RT @hificlub Come get your blood flowing with @waxromeo &amp; @fordinho at The Heartbeat tonight , or as we call it Hide-and-Go Sikh !",LOW,ok
wnut17_00864,complete kiddie goodness today . first a kids party followed by a night at the circus followed by another kiddie party tomorrow .,LOW,ok
wnut17_00865,"RT @TheLoveStories : When people are mad at you , don't ever forget what they say , because they MEAN every single word they say ! #TLS",LOW,ok
wnut17_00866,"@raytida Travelling light ftw . When I came here first , I had one half-empty books-based suitcase and one clothes-based suitcase . That 's all",LOW,ok
wnut17_00867,"At 7pm we'll show the Awarded movie "" Agora "" by Spanish director Alex Amenabar who directed "" Mar Adentro "" ( "" The Sea Inside "" ) . W/Rachel Weisz .",LOW,ok
wnut17_00868,@AyeoKitty ill txt you soon in a few minutes when i get a hold of my phone,LOW,ok
wnut17_00869,Friday deal ! Save 30% on select new arrivals by @MizMooz . Check it out ! http://bit.ly/cDXN4,LOW,ok
wnut17_00870,Today the mall was full of moms who love scrapbooking . kill me .,LOW,ok
wnut17_00871,"love that song ! first time I ' ve heard it ! Miranda Lambert , you are so f * ing talented and so amazing ! So blessed to have you ! The song is so heartbreaking . . . . gut wrenching . Thanks",LOW,ok
wnut17_00872,"RT @ rhettandlink : Once you start dipping , the vomit starts slipping",LOW,ok
wnut17_00873,"super nintendo sega genesis , when i was dead broke man i couldn't picture this ! #nowplaying Juicy by Biggie",LOW,ok
wnut17_00874,@zombie_killer94 aaahh sorry i posted the link wrong :( basically their record company confirmed the title &amp; it comes out nov 23 XD,LOW,ok
wnut17_00875,& gt ; Report antagonizing comments .,LOW,ok
wnut17_00876,I only just found out yesterday that KRISTEN BELL is the voice of #GG : l,LOW,ok
wnut17_00877,@Angie_Jerez will u b attending to da Mexican parade in 5th ave dis Sunday ?,MEDIUM,ok
wnut17_00878,"RT @ChuckMetcalf : There will likely not be a proper episode this week , but we'll give you an update on the future of the show .",LOW,ok
wnut17_00879,dude got gucci symbol tatted all over his face http://mediacheckout.blogspot.com/2010/09/nuh-uhhhhhhh-yesterday-we-showed-you.html,LOW,ok
wnut17_00880,"Great Video , Liked , how about a laptop spinner !",LOW,ok
wnut17_00881,"ahhh the disapointment , after all them awkward bait moments .",LOW,ok
wnut17_00882,we need some time alone we need to let it BREATH,LOW,ok
wnut17_00883,RT @ Latinglow _ : Cuaca mahal brurr . .,LOW,ok
wnut17_00884,Jackie joins Twitter 50 years after JFK campaign [ AP : US News ] http://bzbx.us/uEf #50 #Campaign via buzzbox . com,LOW,ok
wnut17_00885,APO disaster relief tomorrow 10-12 . Sign up on the website !,LOW,ok
wnut17_00886,@xensweetie Ohhh we should do some shopping do you know what your wearing on Friday yet ?,LOW,ok
wnut17_00887,get ready to shop local !! RT @uniqueLA : BIG NEWS to start your weekend : Oct 22 @UniqueLA will be opening a store at @HDbuttercupLA .,LOW,ok
wnut17_00888,"Safety Day tomorrow at North Phoenix ATA . Kids Self-Defense class from 12-1 pm , Safety Presentation from 1-2 , Adult Self-Defense from 2-3 .",LOW,ok
wnut17_00889,@xoLaurenParkxo Are you watching S2 ? He doesn't get one after all .,LOW,ok
wnut17_00890,Did somebody lose their shades ? Today 's #cutepic winner has them ! http://twitpic.com/2pbm1d Congrats to @MissMarisa22 ! ( DM us your addy ),LOW,ok
wnut17_00891,"Just changed my twitter background , check it out ! Found it at http://twitrounds.com .. September 17 , 2010 , 2:52 pm",LOW,ok
wnut17_00892,RT @sweetwaterbrew : 1st batch of Exodus Porter went into the brew house today ! going exclusively into the winter edition of the tackle ...,LOW,ok
wnut17_00893,@BiteMe_iimKeema OMG ... BUT HOW LONG AGO U GOING OUT TONIGHT,LOW,ok
wnut17_00894,: Dan is using his new course and made 12'000 Gold in 2 Weeks ! You can do it to ! spon http://tinyurl.com/364pkdn http://bit.ly/cJfTJ8,LOW,ok
wnut17_00895,"@SashaGrey i am your big fan but i live too far , when do you come in orlando one day let me know ok",LOW,ok
wnut17_00896,"Mayday Parade &amp; The Maine in like 16 days , excitedddd . All time low next year , maybe .",LOW,ok
wnut17_00897,"Despite being a politically motivated hate crime this was removed by / u / lucastars because of "" Off Topic . """,UNKNOWN,fallback_unknown
wnut17_00898,OMG ! Why ? https://t.co/KFAEj7Ikk1,LOW,ok
wnut17_00899,James looks like an even sexier Wolverine .,LOW,ok
wnut17_00900,What security considerations are there when developing a random password generator ?,LOW,ok
wnut17_00901,#obsessions tonight ! Ima do some new tatts on my self I feel like showing off !,MEDIUM,ok
wnut17_00902,"@littlesusie12 @4mike4ever I sending a goodnight to you that I love , to you that every day you give me so much ... love",MEDIUM,ok
wnut17_00903,Why do n ' t cities plant more fruit trees ?,LOW,ok
wnut17_00904,"It 's the fescue turf grass aeration &amp; overseeding season for Atlanta &amp; N . Georgia . Do some evaluation &amp; planning beforehand , there 's time",LOW,ok
wnut17_00905,@maureenjohnson : Zombies . You always have to be careful because you never know when they'll strike .,LOW,ok
wnut17_00906,I ain wear makeup in almost 2 weeks,LOW,ok
wnut17_00907,I bet soviet is the main character from Matrix ( I think maybe it ' s called Neo ),LOW,ok
wnut17_00908,@justinbieber concert tonight ! &lt; 3 so pumped !! :D going to leave the concert being his favorite girl ! And I will be one less lonely girl ! &lt; 3,LOW,ok
wnut17_00909,"@ls_n perhaps , but folks may find something in the gallery that is helpful in their day-to-day work as well . Even just to use it .",LOW,ok
wnut17_00910,"George N . Parks , UMass band director , dies after performance in Ohio : George N . Parks , for 33 years the dire ... http://tinyurl.com/2femvgq",MEDIUM,ok
wnut17_00911,Comments are not for extended discussion ; this conversation has been [ moved to chat ] ( http://chat.stackexchange.com/rooms/52466/discussion-on-question-by-ankit-why-is-christian-bale-not-in-the-upcoming-movie ) .,LOW,ok
wnut17_00912,@ Bebs That ' s possible too .,LOW,ok
wnut17_00913,How to make your home ready for gadgets of tomorrow http://goo.gl/fb/2jPag #digg #Popular,LOW,ok
wnut17_00914,"well poolnewsfeed when you're good , you're good !",LOW,ok
wnut17_00915,Haha watching @littleradge ' s first blog . &quot; Probably won't keep it up &quot; You lied big time Liam !,UNKNOWN,fallback_unknown
wnut17_00916,Damn we finally get a Black héroe,LOW,ok
wnut17_00917,"When Lari and I went to Futoosh , the owner gave us our drinks for free !",LOW,ok
wnut17_00918,@iKutiePie coolen .. i aint speak to my lil baby all day .. had to check up on u,LOW,ok
wnut17_00919,RT @ DumpTrump 22 : # SpicerFacts https://t.co/QgTMuKN7mT,LOW,ok
wnut17_00920,RT @Jasmynebieberr : Teenage Dream is on the radio ! My day just got a little better .,LOW,ok
wnut17_00921,@YourboyH cool I'll check it out when I get home .,LOW,ok
wnut17_00922,Reminder : One-day tax workshops for small &amp; mid-size tax exempt orgs . First one is Sept . 22 in Detroit . Register now ! http://bit.ly/a2hvAv,LOW,ok
wnut17_00923,Paw Patrol and Friends Electrocuted In The Pool Party !,LOW,ok
wnut17_00924,Bar hopping in buckhead tonight .,LOW,ok
wnut17_00925,ok im so late but unpacking finally from when i was away in July lol .....,LOW,ok
wnut17_00926,"como chama o careca do All Time Low , @joeylazzari ??",UNKNOWN,fallback_unknown
wnut17_00927,@ sallykohn you are a special kind of stupid !,MEDIUM,ok
wnut17_00928,RT @joejonas : Woke up in Sacramento . The CA weather feels great . Good workout . Good Subway sandwich . Nice New shoes . Ready for tonight . ...,LOW,ok
wnut17_00929,"Road snow is expected today on Milford Rd , Lindis Pass and Arthurs Pass today http://ow.ly/2G4Re No warnings for Desert Rd , Lewis , Rimutakas",LOW,ok
wnut17_00930,@Nolicious have a great time tm x o x you will have so much fun x o x,LOW,ok
wnut17_00931,Man i hate when people carry ragedy luggage .. ima just rip it up more with the belt loader #itaintmines,LOW,ok
wnut17_00932,@tanyahowse ok this may sound stupid but can u tell them jedsweemonster says hi :' ),LOW,ok
wnut17_00933,@ShawanaA It did me t o.I was so sympathtic to her when I frst hrd this . When she blmd a AA for it realy pis'd me off . Someone copied her hoax,LOW,ok
wnut17_00934,Is there any evolutionary advantage to the position of the Vulcan heart ?,LOW,ok
wnut17_00935,We thank you for your interest and consideration and we look forward to working with you this year at the 20 ... http://tinyurl.com/27ypv4o,LOW,ok
wnut17_00936,I jus saw his ass lol RT @BLikeHer Ima get my lil brother wasted tonight .,LOW,ok
wnut17_00937,I love seeing the U.S. Capitol building in my rearview mirror when I'm driving home from work . #ILoveDC,LOW,ok
wnut17_00938,"Going to this fish fry after work , even though I'm tired as hell . Food trumps sleep though .",LOW,ok
wnut17_00939,@vivarocks777 just giving a hard time so don't hurt me,LOW,ok
wnut17_00940,I hope the weeks keep flying . It 's actually fantastic the way none of the days dragged this week .... like NONE . :D,LOW,ok
wnut17_00941,@WutieBooty her album just debuted in May 2010 &amp; is getting more popular each day . Wait until after the Glee premiere &amp; Charice 's will soar !!,LOW,ok
wnut17_00942,Tired of fake ass love,LOW,ok
wnut17_00943,@NiccoleG when you coming to grandma house ?,LOW,ok
wnut17_00944,Tonight is Theeeeeeeeeee niiiiiiiiiight ;) . *Gwen Stefani voice* :] .,LOW,ok
wnut17_00945,Do n ' t forget that her sentences does n ' t end with [ unintelligible ],LOW,ok
wnut17_00946,struggled in locating parent room there and found out it was closed when we were there finally .,LOW,ok
wnut17_00947,@hannahhhh_ hehee love for them . I have undying love for a lot of people today . Love turns my world around .,LOW,ok
wnut17_00948,Can't trust anyone these days :/,LOW,ok
wnut17_00949,This was wonderful ! Ca n ' t wait to see what great things you bring next .,LOW,ok
wnut17_00950,"@usnOOzin Ahh Steve , you're so good to me , every week . #FF . Thanks so much . How 's the wife recovering ???",MEDIUM,ok
wnut17_00951,"RT @ Hilarious _ Idiot : A relationship is not based on the length of time you spent together , it ' s based on the foundation you built together .",LOW,ok
wnut17_00952,Goodnight twitterland !! seee you tomorrow :) Michael I love you more than my life ... the biggest kiss for you my love !!! :D L . O . V . E,MEDIUM,ok
wnut17_00953,"too lazy to go to school today .. oh well , i have no choice ..",LOW,ok
wnut17_00954,Cory please play this Again ? I ' m enjoying this series so far,LOW,ok
wnut17_00955,"You know , we got to thinking . We've been ragging on poor M . Night for weeks now and perhaps , just perhaps , we're... http://fb.me/v87NJfkO",LOW,ok
wnut17_00956,Who 's going to win one of our travel mugs ? There 's still time to enter but now much ~ http://ht.ly/2G4tn #win #giveaway,LOW,ok
wnut17_00957,RT @cityroom : The Week in Pictures for Sept . 17 http://nyti.ms/9SCejx,LOW,ok
wnut17_00958,@daxx_d24 best feeling in the world twice this week . Got 3 more on the way lmao i cant stop,LOW,ok
wnut17_00959,Let 's go Yanks ! Sad that I can't go to the game tonight ... but super excited to spend the weekend in Happy Valley !,LOW,ok
wnut17_00960,Comment of the Day : The Depths of Poverty [ We Read You] :,HIGH,ok
wnut17_00961,@jimmyfallon is following me ! OMG ! My life is now complete ! I heart you JF and have for years ! Thank you for making me laugh everyday !,LOW,ok
wnut17_00962,"[ ARTICLE ] Top 5 Highest Paid of Actors Drama Synopsis Lee Young Ae ( Saimdang , Light ' s Diary ) - over a Billion . . . https://t.co/QqJ5YE1RP1",LOW,ok
wnut17_00963,"Great week in the Optimise office , another new client on board and we are close to signing a new team member",LOW,ok
wnut17_00964,"'On set filming Chris "" Rainy Days "" video . This is the final scene then we can finally edit it .'",LOW,ok
wnut17_00965,The ppl who organized the dept . picnic at 1 on Sunday clearly didn't want me to go or they wouldn't have scheduled it during a Packer game .,LOW,ok
wnut17_00966,"Ok , I lied about the Cachupas ... they didn't get made ... tomorrow ... maybe ( need I remind you that we reserve the ... http://fb.me/I0ogMBll",LOW,ok
wnut17_00967,Every Sci- Fi Ever ! ? ?,LOW,ok
wnut17_00968,@jenilynnsimpson next time we'll share a bottle,LOW,ok
wnut17_00969,That 's when you start to laugh . Saying I just want what I can't have . Won't even give me a chance .,LOW,ok
wnut17_00970,RT @ MadamMelanin : Skai Jackson for Untitled Magazine https://t.co/sO24ZLf3MA,LOW,ok
wnut17_00971,So tired ! Someone said I have no life today :( they said they were joking but still it made me mad lol,LOW,ok
wnut17_00972,"important addition — if anyone touches your unencrypted installation , consider it trojaned — wipe drive completely and install fresh OS afterwards",LOW,ok
wnut17_00973,Whats wrong with all these girls tonight !!!,LOW,ok
wnut17_00974,RT @mashable Our Favorite YouTube Videos This Week : The Drama Edition http://bit.ly/9duvYG #SMM,LOW,ok
wnut17_00975,RT @oceanbutterfly7 : Sweet spirited : U brighten my day !! @kalnok @Realtorkeita @SaintDC @angelgrace226 @Anita316 @Leters4theLord @GlyndiA ...,LOW,ok
wnut17_00976,RT @ paperbeatstweet : if your fetish is credited artwork youll probably never get off,MEDIUM,ok
wnut17_00977,"All those in favor say "" Jina did it "" .",MEDIUM,ok
wnut17_00978,OH-OH It seems Lindsay Lohan maybe be heading back to jail . The actress has failed a court mandated drug test &amp; could face 30 days in prison,MEDIUM,ok
wnut17_00979,"@valovanity hahah . Speaking of , when are you planning the savannah trip ? Like , budgeting it out and whatnot .",LOW,ok
wnut17_00980,"'RT @cobraxcobrax : Today is the last day !! "" Like "" us on Facebook , get entered to win 3TB using USB 3.0 . Easy . http://ow.ly/2FXM2 #tech'",LOW,ok
wnut17_00981,What explains the connection between the boat ' s name and Lee ' s daughter ?,LOW,ok
wnut17_00982,Just waking up and about 2 clean 4 my mom 's pre-wedding dinner or rehearsal dinner whatever it call this weekend . Then on2 study time ...,LOW,ok
wnut17_00983,@plzsaythekittie your hair is long as fuck and i didnt get to pull that shit yet,MEDIUM,ok
wnut17_00984,i hate when i dont have any change for the customers ..,LOW,ok
wnut17_00985,"RT @fucking_way : A gente acostumou a escrever I Brought You My Bullets I Brought You Me Your Love , Danger Days :: The True Lives Of The Fa ...",LOW,ok
wnut17_00986,Icecream time ! #baskinrobbins,LOW,ok
wnut17_00987,"@TulsaTornado Yeah , I'm not worried . Yet . When I hit 30 , maybe I'll be worried then :)",LOW,ok
wnut17_00988,Percent difference does n ' t work for my data,LOW,ok
wnut17_00989,Rabbits die everyday B . ( While munching on chips ) - Camron,LOW,ok
wnut17_00990,First Day of Autumn Networking Mixer at Dick 's Carpet next T ... http://conta.cc/ap95gL via #constantcontact,LOW,ok
wnut17_00991,Men 's soccer vs . Crown College at home tomorrow at 2 pm . Come support your Eagles ! Praying for you guys !,LOW,ok
wnut17_00992,How little respect do you have to have for the role of MP to spend so much time doing other work ? # OsborneResign … https://t.co/EQIbZM9kBb,LOW,ok
wnut17_00993,"In the last 7 days , I lost 10 followers and I caught them all with http://who.unfollowed.me #whounfollowedme",UNKNOWN,fallback_unknown
wnut17_00994,I couldn't even make it to Sunday http://twitpic.com/2pe22y,LOW,ok
wnut17_00995,BORDER LINEA IS TONIGHT ! 9 p.m. to 2 a.m. NO COVER . Come by and see local musicians and artists showcased at Limelight on St . Mary's.,LOW,ok
wnut17_00996,I feel like there was something i as suppossed to do today ....,LOW,ok
wnut17_00997,https : / / wn . nr / hSrCCL < < < MASSIVE GIVEAWAY,LOW,ok
wnut17_00998,RT @ romanhipaula : https://t.co/MzXu2uqOMC,LOW,ok
wnut17_00999,"AI : DEMAND RELEASE FOR SYRIAN BLOGGER : 17-9-2010Tal al-Mallohi , a 19-year-old Syrian woman , has been held incommun ... http://bit.ly/aDG3ub",MEDIUM,ok
wnut17_01000,This guy needs his own show on Discivery Channel !,LOW,ok
wnut17_01001,momo is the best : ),LOW,ok
wnut17_01002,"@SeanKingston Hey sweety have a great , relaxing time :) Hugs to you !",LOW,ok
wnut17_01003,"@BSaltzberg hahahahaha , first vacation in probably 20 years that she left her pillows at home ! SHOCKING !",LOW,ok
wnut17_01004,Drop a thousand of these on Daish,LOW,ok
wnut17_01005,Had a little bit of a panic attack at the end of my shift today- I was cleaning at the bar and then a bigass spider appeared out of nowhere .,LOW,ok
wnut17_01006,"Apple products should be cheap af , if this is what workers get paid & endure , but instead they ' re expensive",LOW,ok
wnut17_01007,Band hall . Game time . Lets get it .,LOW,ok
wnut17_01008,Made it home . How long will I last before I fall asleep ?,LOW,ok
wnut17_01009,Every time I watch Donnie Hathaway 's Unsung I just get speechless in amazement . He would be sooooo proud of his children if he were alive,LOW,ok
wnut17_01010,St . Luke 's emergency department wait time is approximately 12 minutes .,LOW,ok
wnut17_01011,"Why is twitter dead ? Oh yeah , that 's right , other people have lives on Friday nights .",LOW,ok
wnut17_01012,"you ' re really late , OP :",LOW,ok
wnut17_01013,"I was rotfl at lunch today . xD My BFF &amp; I sat next to these 2 boys , Shane &amp; Jonah . And this girl , Claire . ( cont )",LOW,ok
wnut17_01014,RT @Gina_says_xo : Football and partiesss . This is the only thing I love about the school year . &lt; 3,LOW,ok
wnut17_01015,Shirt before the shirt,LOW,ok
wnut17_01016,Lelystad - za 18 sep - Schrijfster en tekenaar van Vos en Haas in FlevoMeer Bibliotheek Lelystad : #boomagenda http://bit.ly/9KzGNu,LOW,ok
wnut17_01017,I Cant Believe This Is On The Trending Tab WHen Its From 2013,HIGH,ok
wnut17_01018,"Snooth Talk : Zinfandel Port : This week is all about Zinfandel , and just last night I released a post on Zinfandel ... http://bit.ly/972Sik",LOW,ok
wnut17_01019,@keevaguilfoyle you know you're loved when @shabbyofficial gets a new hat in your honor .,LOW,ok
wnut17_01020,@therowdydog Me neither . It 's tough to get away . There is one Tuesday in AUS and the one in RR on Friday . We should go so I have a friend !,LOW,ok
wnut17_01021,RT @DGCLEAN : This weeks daily Deal is a twofer 1 : window cleaning $4 per window with a $100 minimum or as an add on to a ......,LOW,ok
wnut17_01022,15 : 33 Space Odyssey ?,LOW,ok
wnut17_01023,How sweet ! RT @midnight_sky33 Seeing my son face when his bus driver gave him a positive bus behavior token the other day was #pricelesstome,LOW,ok
wnut17_01024,@Elcartoonifyer really ? Jeff told me he was going there tonight too ...,LOW,ok
wnut17_01025,"A week in New Jersey , of all places , and I never want to hear a *Boston* accent again .",LOW,ok
wnut17_01026,RT @nickjonas : Just arrived in Sacramento ! What a beautiful day .,LOW,ok
wnut17_01027,I feel like other animals could kick a field goal given proper training . Esp . since the FG distance wasnt very far for Snowflake,LOW,ok
wnut17_01028,Lesson Learned for today . Sometimes making changes is unnecessary . Some people don't necessarily need to be taken out of their comfort zone,LOW,ok
wnut17_01029,Plz Subscribe to my channel,LOW,ok
wnut17_01030,Field trip today was awesome ! :D,LOW,ok
wnut17_01031,RT @BunBTrillOG : Okay #teamtrill time to show them our power ! #BunB106andPark needs to trend now ! RT til it hurts ! I got ya twitter jail ...,LOW,ok
wnut17_01032,the only thing Finland has is poets of the fall .,LOW,ok
wnut17_01033,Seriously just reading these comments show how disgusting humans can be . Thank you Jaclyn for looking past the bullshit and staying strong ❤ ️,LOW,ok
wnut17_01034,RT @el_frawg : I'm not really good at history . I once went back in time and killed Charlie Chaplin .,LOW,ok
wnut17_01035,@GirlinCali79 tape him . that would be great for YEARS later !!!,MEDIUM,ok
wnut17_01036,"RT @Hatshepsutely : @adamlambert please , oh please wear the infamous beach hat tonight during your encore ( in lieu of a rasta wig) . &lt; 3333",LOW,ok
wnut17_01037,some freshies sat at our lunch table today . so i sat with them and talked with them about .. stuff .,LOW,ok
wnut17_01038,This guy needs to shut up or get his channel will get shutdown … so much with the Constitution,UNKNOWN,fallback_unknown
wnut17_01039,@tsykoduk that was yesterday and @RandomGemini he already has one . :-),LOW,ok
wnut17_01040,1 week til my birthday !!,LOW,ok
wnut17_01041,@Mandiiemars she is asleep will do when she wakes up lol i already miss u :(,LOW,ok
wnut17_01042,"A Twisted two nighter in London NOVEMBER 18 ... Younger Brother ( Live) , Shpongle ( Simon Posford DJ set ) and other ... http://fb.me/Hqwb7kzG",LOW,ok
wnut17_01043,"'RT @ItsTheTeenLife : I remember when myspace was a big "" who has the most free time on their hands to make their page look the coolest "" comp ...'",LOW,ok
wnut17_01044,taken a few minutes ago what do u think ??? :) http://twitpic.com/2pdsi9,UNKNOWN,fallback_unknown
wnut17_01045,RT @ HugotDre : I hate people who pretend to be my friend .,LOW,ok
wnut17_01046,@emmarose99 hows ur day ?,LOW,ok
wnut17_01047,"& gt ; Umm , where are all these alleged criticisms ?",LOW,ok
wnut17_01048,BoiRevolution : After Dark ! Mondays @ 11pm/EST . Only on www.blogtalkradio.com/boi-revolution ( RETWEET PLEASE ),LOW,ok
wnut17_01049,Was mason playing catcher the 3 rd game,LOW,ok
wnut17_01050,i'm definitely eating tacos for dinner . the update for green may or may not have had something to do with it ...,LOW,ok
wnut17_01051,Been a rough day . On my third Dortmunder Gold .,LOW,ok
wnut17_01052,RT @ DailySexSupply 7 : https://t.co/q8ASkhEIJl,LOW,ok
wnut17_01053,"RT @ Independent : Cutting food for elderly ' most compassionate thing we can do ' , Trump team says https://t.co/waaWhnQ07i",LOW,ok
wnut17_01054,#futbol &gt; Newcastle Jets Youth v AIS U21 @ 18 Sep 04:00 - precios actualizados ! http://bit.ly/dBJacr #apuestas,LOW,ok
wnut17_01055,"Is this rubbish or what !? 441 free texts , 588mins and only two days to use ' em . http://twitpic.com/2pdxm4",LOW,ok
wnut17_01056,Ahhhh ! Omg . Just saw a preview for episode one of season six of Criminal Minds ! Can't wait for next week !,LOW,ok
wnut17_01057,One last reminder for [ Oldies Night ] ( https://www.reddit.com/r/sydney/comments/5xl59i/oldies_night_18_march_2017_bavarian_bier_cafe/ ) - still time to join in .,LOW,ok
wnut17_01058,RT @WeScreamAlex : LET'S ALL GET WASTED TONIGHT OK ?,LOW,ok
wnut17_01059,Emerson ? ! . . . . . . I ' m on my way 😜,LOW,ok
wnut17_01060,"@joejonas Yay , I'm so glad you're here ! I can't wait to see you &amp; the Bros tonight ! It 's my sons ' first concert !!! Sing to SECTION 204 !!!",LOW,ok
wnut17_01061,#BlackHoliday Marvin Gaye Day,LOW,ok
wnut17_01062,"So discussion related to , say , "" New Zealand "" could all go in one place , such as reddit . com / r / newzealand .",LOW,ok
wnut17_01063,RT @ tybrokesign : talk about a plot twist LMAOOOO https://t.co/9ytVOPvu8D,LOW,ok
wnut17_01064,Beyoooooond excited to have you in my life everyday this month ! ! !,LOW,ok
wnut17_01065,business technology today http://bit.ly/9cugk1 Cyber-Ark to Showcase Business and Compliance Advantages of Privileged Identity Managem ... ;O,LOW,ok
wnut17_01066,"Wake , Davidson , Charlotte and NC St . have all been in to check out 2012 pg Tyler Lewis since contact pd began . UNC will be there next week .",LOW,ok
wnut17_01067,"'Come to "" MRB @ 61 Roadhouse BBQ "" Sunday , October 10 from 12:00 pm to 4:00 pm . We are playing for the 61 Roadhouse ... http://fb.me/G1FbJGw1'",LOW,ok
wnut17_01068,its time for the devil to dance . . .,LOW,ok
wnut17_01069,@colinake Have a safe trip home . hopefully next time you will be able to see some of the really good stuff at KSC .,LOW,ok
wnut17_01070,Today was amazing( : go Jackets ! I want sum steak !,LOW,ok
wnut17_01071,"George Hitchcock , Kayak Magazine Founder , Dies at 96 : George Parks Hitchcock was born on June 2 , 1914 , in Ho ... http://tinyurl.com/249srz6",LOW,ok
wnut17_01072,RT @ PrisonPlanet : Trump vows to stop Islamic terrorism ! How dare he ? This might offend Islamic terrorists ! I ' m literally shaking . https:…,LOW,ok
wnut17_01073,"RT @ omsblvr : for myself , a heart . https://t.co/l3Hk7pWE5g",LOW,ok
wnut17_01074,#thiswomaniscrazy she speeding on the highway tryna catch to a car that cut her off 10mins ago while waving a bat !,MEDIUM,ok
wnut17_01075,With Kirsten ( : going to Dicks tonight .,LOW,ok
wnut17_01076,A guy at work calls me Larry Bird when I shoot hoops in the break room . Should I call him Joel Ward if he 's playing air hockey ? #profiling .,LOW,ok
wnut17_01077,@LinnySmit Linny Linny Linny . U are something lady ... Well that story has been on hold for weeks now hasn't it ? I want to get on it this &gt; &gt;,LOW,ok
wnut17_01078,Tonight ! Homemade ice cream flights -- try 3 of chef Tim 's boozy ice cream creations !,LOW,ok
wnut17_01079,"And #nowplaying With You - Delirious ? [ World Service ] May our Lord Jesus be with u , watching over &amp; directing u . Have a lovely night , all !",LOW,ok
wnut17_01080,going to have to go to bed before i cry . wish you would make an effort to be there for me like i am for you .,MEDIUM,ok
wnut17_01081,@bougiemagazine You are really showing out today lol .,LOW,ok
wnut17_01082,"RT @ kaleyrams : I just screamed "" I hate myself "" and 2 minutes later I hear my little brother sliding this note under my door https://t.co/WN…",MEDIUM,ok
wnut17_01083,Ceremony Sunday to mark Battle of Britain http://dlvr.it/5RhwW,LOW,ok
wnut17_01084,Its inconclusive IMO .,LOW,ok
wnut17_01085,@MixedUpMatty he should be out wednesday ..,LOW,ok
wnut17_01086,RT @ MarshmallowDoof : I did drawn the Tiger Mama ★ ★ ★ @ BuxbiArts https://t.co/jjvS2aLyHb,LOW,ok
wnut17_01087,@jenniehales wat u up to tonite . My mob won't let me txt fs . Xxx,LOW,ok
wnut17_01088,GUYS IF YOU WNNA BE IN AN AWESOME FAN BOOK . TWEET @JedwardsAngel AND WE'LL SORT IT OUT . WE'VE GOT 15COOOOL IDEAS WHEN WE SEE THEM !: D,LOW,ok
wnut17_01089,RT @iSplashInYoMouf : RE*TWEET IF YOU DRINKING TONIGHT ?,LOW,ok
wnut17_01090,Serious Eats : Leftovers : The Day 's Stray Links #Food http://portfo.li/t/7/rjE,LOW,ok
wnut17_01091,"RT @Lexus4u : OK SO WE ARE HAVING A POOL PARTY TONITE , HOPEFULLY I CAN C SUM EYE CANDY ! LOL",LOW,ok
wnut17_01092,I am unable to get rid of extra charecters with comments in SQL injection payload,HIGH,ok
wnut17_01093,Day 27 - Day 27- Why are you doing this 30 day challenge im doing this because i am bored :) http://tumblr.com/xooiuell3,LOW,ok
wnut17_01094,Please will you do an updated skincare video ! Thanks xx,LOW,ok
wnut17_01095,Looks awfully weird and it ' s not break imo,LOW,ok
wnut17_01096,@Emmas76 have i missed anything these last 2 weeks- how 's music practice going ?,MEDIUM,ok
wnut17_01097,@DudeImSuchATeen Ooo I do !! It would make THiS day better :-/,LOW,ok
wnut17_01098,what happened to shima is shi OK ?,LOW,ok
wnut17_01099,"Well had the weigh in today . I've lost a pound !!! I've had no alcohol , no puddings , no crisps , no chocolate &amp; I've only lost a pound !!!!!",LOW,ok
wnut17_01100,@maeband I'm so excited to see you guys on Oct . 12th at the Southgate House ! I've been listening to you since D : B . Your so amazing !!,LOW,ok
wnut17_01101,been listenin to trey alllll week ... can u luv someone u never met ?? bcuz i think im in luv yeeuuuuppp !!!,LOW,ok
wnut17_01102,#birdgang in full force !!! Sunday 10:00 am get yo popcorn ready @ddockett will dominate !,LOW,ok
wnut17_01103,_ Some say hes still hanging in there _,LOW,ok
wnut17_01104,gym tonight because I was a slacker last night and went out to dinner instead of working out #fb,LOW,ok
wnut17_01105,"'"" come on its Friday night ... shes dreaming whoa oh oh oh dreaming of a weekend whoa oh oh oh ""'",LOW,ok
wnut17_01106,@terryronald Hello mate hows you ? Long time no tweet What you been up to ? Hows the book ?,LOW,ok
wnut17_01107,"Usually clouds move across the sky , sometimes very fast , sometimes slow . A stationary cloud is not common .",LOW,ok
wnut17_01108,RT @iLL87WiLL : When trey songz was a kid his mother probably went did you do your homework ? And he probably went #YUPPP lol,LOW,ok
wnut17_01109,"Dear sun , it 's approaching the end of September and seriously , you're still unbearable . Give Arizona a break . Love , Mackenna",LOW,ok
wnut17_01110,"@since1938 @Kimmiecoomd Kudos to them , Lois was always &quot; there 's something about you .. whatever tell me when you're ready &quot; thing .",LOW,ok
wnut17_01111,RT @MirandaBuzz : Last day of this season !!! Next season I hope I'm driving myself to work ! Gonna miss everybody like crazy :),LOW,ok
wnut17_01112,@Mys_Perdita ha ye theyr may be severe consiquences of our meeting like the waypeople talk bout theday sum1 told adolf he wasnt blond enuf : S,MEDIUM,ok
wnut17_01113,@SofieB_ Hah ! That 's the one programme my dad and I watch together every week !,LOW,ok
wnut17_01114,Can I Have 2 Normal Plastic fidget spinners,LOW,ok
wnut17_01115,Make gun powder from scratch,LOW,ok
wnut17_01116,🔴 LIVE on @ YouNow - https://t.co/e8G85hsIag,LOW,ok
wnut17_01117,I'm being stalked by @thisisiceland . I saw this when I opened flipboard just now . http://yfrog.com/eir70oj,MEDIUM,ok
wnut17_01118,"Good , I got it right then . Thanks for the answer !",LOW,ok
wnut17_01119,"How , Russ ? # ThunderUp # AssistOfTheNight https://t.co/RPOPm3Mdup # RhodeIsland",LOW,ok
wnut17_01120,Thank you for all your support . Best wishes from DUKETERS'S..have a nice day,LOW,ok
wnut17_01121,naked city tv series # nude google videos https://t.co/cFIQG0z1tV,LOW,ok
wnut17_01122,cant believe her brother is leaving for uni tomorrow ! He 's taking all the best dvds !,LOW,ok
wnut17_01123,You know you should be living somewhere when you know that place front and back without living there .,LOW,ok
wnut17_01124,Why is there a disclaimer about not accepting money from tobacco companies at the end of movies ?,LOW,ok
wnut17_01125,"'@jennkorducki http://twitpic.com/2pcj44 - Ah this made my national "" holy crap "" day even better :)'",LOW,ok
wnut17_01126,"If this beer list doesn't make your head spin , it will tomorrow when we ADD MORE !... http://fb.me/GVhHzbMR",LOW,ok
wnut17_01127,"'@Lovelylanvin Oh ugh . Should never do #ff before coffee . You should have been in the "" tweeps who are friends IRL "" Sorry !'",LOW,ok
wnut17_01128,4 : 07 was that a chicken LOL Fak fak fak fak,LOW,ok
wnut17_01129,"I have worked with multiple frameworks , but still ca n ' t see what your question is . . .",LOW,ok
wnut17_01130,"Oh my goodness , I thought by Friday evening one 's supposed to breath easy , but at the moment this is sadly not the case .",LOW,ok
wnut17_01131,"Here we go , Friday night craziness",LOW,ok
wnut17_01132,Just as i have pointed out to our readers- The Canadian Markets offer so much opportunity . Gabriel Resources shares shoot up after Romania mo,LOW,ok
wnut17_01133,I stopped listening to this lecture like 20mins ago ... #sad,LOW,ok
wnut17_01134,"Fuck that rag bag "" newspaper "" murderer of dead ppl fuj that man lost a lot of respect for u - 1 sub + 1 dislike not welcome in Merseyside or the United Kingdom for that matter",HIGH,ok
wnut17_01135,@xxTeamJosiexx Do you know when its on babe ? x,LOW,ok
wnut17_01136,the biggest ship on Earth is the Queen Mary 2 and plz go on it please 😀 😀,LOW,ok
wnut17_01137,Kelli ' s Cardio Kickboxing Workout - Max Calorie Burn Workout with no Equipment # fitnessblender https://t.co/df66JQrqeM,LOW,ok
wnut17_01138,"wow i just noticed i always feel different everyday yesterday i was depressed , and today im happy i wonder wat tom . is ...... random much ?",LOW,ok
wnut17_01139,"Our Favorite YouTube Videos This Week : The Drama Edition : Had any epic meltdowns this week ? You know , of the cryin ... http://bit.ly/bwop5U",LOW,ok
wnut17_01140,Love how much we got to see Jon on this blob < 3 and when he gave you the ring . . mi Corazon ! ! ! it ' s the little things !,LOW,ok
wnut17_01141,@ Calfreezy how the act on tinder vs how they are in real life,MEDIUM,ok
wnut17_01142,"two auditions in one day , it&amp;#39 ; s almost as if I am a real actor",LOW,ok
wnut17_01143,Could a President withdraw nominated Supreme Court judge before confirmation by the senate ?,LOW,ok
wnut17_01144,This is no joke my friend !,LOW,ok
wnut17_01145,I ' m voting to close this question as off-topic because it is better suited for worldbuilding . se,LOW,ok
wnut17_01146,Why Your Homepage May Matter Less Than You Think http://t.co/dNyFfPP via @TMGmedia,LOW,ok
wnut17_01147,RT @MARLONLWAYANS : Happy Yom Kippur to all my Jewish friends . Black people need a Leroy Jenkins Day . We need some days off too,LOW,ok
wnut17_01148,volleybaltraining was super leuk ! volgende week 1e wedstrijd,LOW,ok
wnut17_01149,RT @LeadToday : Authentic leaders don't blame other people when they make a mistake .,LOW,ok
wnut17_01150,RT @kiera16_x : #Twitition HELP us meet Justin Bieber on November 6 ( : THANKYOU http://twitition.com/oxm5g @MariaMdn,LOW,ok
wnut17_01151,"i swear when you miss 1 day of school , feels like you missed a whole year ! dont even have homwork today , suprising ?",LOW,ok
wnut17_01152,"I clicked on this out of Boredom and ended up loving every second of it hahah "" who put that there ? "" Lol holy shit that bastard is funny",LOW,ok
wnut17_01153,"Do n ' t mean to be rude , but you should do some actual research , the amount of repetion and misinformation is annoying . Please consider making some changes . No hate , just criticism : )",LOW,ok
wnut17_01154,RT @ iCleverOfficial : # Giveaway time ! RT & amp ; Follow us for a chance to # WIN a fitness gift basket full of iClever products ! …,LOW,ok
wnut17_01155,"Oh yeah ! Probably hairdresser tomorrow , and for sure meet Levin , Hien &lt; 3 and Fabi . 'll have a great daaaaay &lt; 33",LOW,ok
wnut17_01156,good friday whatchu got for me @kanyewest,LOW,ok
wnut17_01157,I think that today the party has been canceled makes too much air in the street loll . miss u twitfriends . xx,LOW,ok
wnut17_01158,"I may have been wrong about Murkowski , look like she 's going to turn Friday news dump on its head . three-way race reportedly ahead in AK .",LOW,ok
wnut17_01159,"@rattleknackers amusing ? This is some of the greatest music of all time , my foot has n't stopped tapping all night",LOW,ok
wnut17_01160,Salty i broke one of my favorite Betsey Johnson necklaces today !!,LOW,ok
wnut17_01161,New Post : 2000 AD At The Cartoon Museum https://t.co/k1wMU7Kvst https://t.co/h1jGfAx4e9,LOW,ok
wnut17_01162,Korean War spy rivalries persist 60 years later : Far be it that the week should pass without noting that it was 60 ... http://bit.ly/cCjFBm,LOW,ok
wnut17_01163,How to start a Neighborhood Watch in # Napa https://t.co/ckMRuatVDD via @ NapaRegister @ NapaPD # NeighborhoodWatch … https://t.co/T3TqJhoCjU,LOW,ok
wnut17_01164,by my lonesome tonight .... #obsessions,LOW,ok
wnut17_01165,"RT @ 30 secondrock : The Black Keys - "" Lonely Boy "" https://t.co/k1hxm2U1Mq",LOW,ok
wnut17_01166,"@k8_walsh I 've been out of the loop , but is Private Practice coming back this year ?",LOW,ok
wnut17_01167,RT @ miyu _ mon : Beauty comes from within . https://t.co/YLE8Yl86YE,LOW,ok
wnut17_01168,"RT @ baabyylex : rape , incest , financial issues , health issues , the millions of children that are already put up for adoption that d …",HIGH,ok
wnut17_01169,Original post : [ Andy Carroll goal vs Crystal Palace ( 2 - 0 ) ] ( https://www.reddit.com/r/soccer/comments/5ny9tj/andy_carroll_goal_vs_crystal_palace20/ ),LOW,ok
wnut17_01170,Is it just me or does Wildcat look like Scarce,LOW,ok
wnut17_01171,how the fuck does elton afford that mansion,LOW,ok
wnut17_01172,Everything shouldber cleared up by the week end .,LOW,ok
wnut17_01173,amy schumer trying to get in at every sentence is awful . . . . but she clearly could n ' t remember any other comedians jokes,LOW,ok
wnut17_01174,"This songs makes me hit gym , I am in shape by the way and of course Round is a shape O",LOW,ok
wnut17_01175,RT @dropolo Headed to da gump today alabama here I come &lt; &lt; come to shut it down broski .. fuck wit me..Parlae 's in house producer,UNKNOWN,fallback_unknown
wnut17_01176,@Miss_deadpool May 's costume is the giant spider on her upper body . I 'm confused .,LOW,ok
wnut17_01177,"@PERSONGUY6661 I have n't unfortunately :( I missed the chance when theycame to the uk this year , you seen them ?",LOW,ok
wnut17_01178,"Im waiting for you to get the Xiaomi Mi 6 , really curious on how it will survive your unrealistic yet very justifiable torture test",LOW,ok
wnut17_01179,RT @Eeenie_Meenie : RT if you are happy that today is FRIDAY ! :),LOW,ok
wnut17_01180,[ / r / Ireland ] ( https://www.reddit.com/r/ireland/ ) - & gt ; [ / r / Iceland ] ( https://www.reddit.com/r/Iceland/ ),LOW,ok
wnut17_01181,@ kinkshamer where what the fuck,LOW,ok
wnut17_01182,DJ set at The Standard in LA tonight ! http://fb.me/I91IUaEq,LOW,ok
wnut17_01183,RT @TRAEABN Headed to Shreveport then Lake Charles -might as well shoot through dat #BMT after the slab show in Lake Charles ..,LOW,ok
wnut17_01184,LIVESTRONG Day is 10-02-10 around the world .,LOW,ok
wnut17_01185,Teared up and I do n ' t even like kids . Because : Humanity,LOW,ok
wnut17_01186,ahaha that just made my day xDlmfao !!!!,LOW,ok
wnut17_01187,"Well , THANKS OBAMA ! : D",LOW,ok
wnut17_01188,Someone just started following me today so I better post something . There .,LOW,ok
wnut17_01189,"@endlesskies ik me 2 . At night I 'm wide awake but the daytime , I 'm so tired my day drags",LOW,ok
wnut17_01190,"LOL A-W-E-S-O-M-E !! btw , totally agree RT @fanoffob Fall Out Boy is gay #reallymeans I 'm secretly a big time fan .",LOW,ok
wnut17_01191,even better than cocktail friday ! http://is.gd/ffDb9,LOW,ok
wnut17_01192,RT @AKingPNCRadio : Shout out to @Laureluxe for a dope show today on @TheLuxeHour w/special guest @cheridennis ... audio droppin later tod ...,LOW,ok
wnut17_01193,DITR REI Update : California Home Sales Decline Year-Over-Year : By Michael Kraus on September 17 ... http://bit.ly/96Zavf #realestate #invest,LOW,ok
wnut17_01194,RT @TheOutlawz : EVERYBODY WHO WANT A FOLLOW FROM ME FOR FOLLOW FRIDAY LET ME KNOW !! WE AINT LIKE THESE HOLLYWOOD AZZ RAPPERS WE FOLLOW BACK !,LOW,ok
wnut17_01195,"@Foxy_Shoe_Thief *purrs long on the inside , moving stealthy like my pard taught me to do .. ears pulled back , claws out long* @MicahPardKing",LOW,ok
wnut17_01196,Israel grinds to a halt for Yom Kippur fasting day ( wwrn.org ) http://bit.ly/cqlwCZ,LOW,ok
wnut17_01197,Tidyin my room . Need to do my hair . its soo nasty when its naturally curly .,LOW,ok
wnut17_01198,RT @FTFDband NEW SONG COMING THIS SUNDAY ! :D,LOW,ok
wnut17_01199,@Hollly_ 16 b 17 in feb,LOW,ok
wnut17_01200,to all my girls in london or travelling up tomorrow i love and miss you wish i could be there ! NEXT YEAR I WILL !,LOW,ok
wnut17_01201,"#Astros lineup for tonight . Keppinger sits , Downs plays 2B , CJ bats 5th . @alysonfooter http://bit.ly/bHvgCS",LOW,ok
wnut17_01202,RT @ coppolanat : Sana tu ❤ Reconecta con el Amor . The Angels are Listening : Snatam Kaur sings Suṉi-ai with Ajeet Kaur at . . . https://t.co/…,LOW,ok
wnut17_01203,"my past was the reason i tried to kill myself the other day , and i 'll gladly do it again .",HIGH,ok
wnut17_01204,"#Random But Why Do Woman Say The Want A Big D@ck &lt; When They Get It They Favorite Line Is "" where is that suppose to go """,MEDIUM,ok
wnut17_01205,Rep . Bono Mack to criticize fellow desert dweller Barbara Boxer at event today . http://tinyurl.com/2bhyuq7,LOW,ok
wnut17_01206,"Lol , well made me laugh",LOW,ok
wnut17_01207,Think I 'm going to give in and pull the boots out tonight ! #bittersweet,LOW,ok
wnut17_01208,Halo Reach was a bit crap tonight,LOW,ok
wnut17_01209,@ alexwlchan - You ' re right . I ' ve added it to my answer below .,LOW,ok
wnut17_01210,RT @ jinjjarevil : i cant stop laughing HELP https://t.co/05KB18B2wf,LOW,ok
wnut17_01211,"Driving , driving , driving away to Phil . Tasty dinner tonight with the Society of Mining and Metallurgy Engineers .",LOW,ok
wnut17_01212,Hit the like button Great person of punjabi music industry,LOW,ok
wnut17_01213,@irishhooligan or the best is just walking along the road when a clump of it just appears to be waiting in front of you all that time #icky,LOW,ok
wnut17_01214,RT @jimjonescapo : Som1 ask whn do I sleep : when God tel me to cum home is when I wil sleep til thn Im chasin n makin this money to leav ...,LOW,ok
wnut17_01215,Working at my old office tomorrow to catch the bookkeeping up . Money to do easy stuff when I would just be sitting around anyway ? Yes plz .,LOW,ok
wnut17_01216,I liked a YouTube video -- Family Guy - Songs Named After a Girl http://youtu.be/ErPsx8zdnX4?a,LOW,ok
wnut17_01217,No loss is greater than the loss of a thought process before you 've had the time to write it down .,LOW,ok
wnut17_01218,"@jimmy722 surgery or not , the most important thing is that 'll be all okay after that !",LOW,ok
wnut17_01219,Mmmm wings and beer . Damn that means extra gym time 2mar,LOW,ok
wnut17_01220,RT @Huddy85 : @Mz_Twilightxxx *kisses your ass**sneezes after* Lol,LOW,ok
wnut17_01221,* * submission title * * : Battle underway for return of Napoleon ' s horse Marengo to Ireland,LOW,ok
wnut17_01222,RT @DesignerDepot : Minimalist Web Design : When Less is More - http://ow.ly/2FwyX,LOW,ok
wnut17_01223,RT @JeremiahBonds : who thinks they deserve a #ff follow friday ? lol &lt; &lt; @Ms_GudBitch Duhhh Lol :),LOW,ok
wnut17_01224,@lexi_nicole2010 That 's not the story by a long shot biotch !,LOW,ok
wnut17_01225,RT @ marIboros : I love when people open up to me and call me nicknames on their own and just like me and trust me it ’ s such a nice feeling,LOW,ok
wnut17_01226,I want it NOW ! ;) RT : @corsairartisan Pumpkin Moonshine has arrived in Nashville -- Give it a week to get it in stores . KY ships next week !,LOW,ok
wnut17_01227,hol ' up . something ' s not adding up .,LOW,ok
wnut17_01228,"@CULTOFMIKEY It 's too long , and it just ... I do n't know , it sounds cliche . And dumb . My sister wants to cry she hates it so much .",LOW,ok
wnut17_01229,"@DaylySpecialz im doin good , just maxin &lt; relaxin on my day off ... i have a 4 day stetch startin tomorrow .",LOW,ok
wnut17_01230,"@mekamoe927 I 've had one before , but it was a short experience ( double entendre intended) .",LOW,ok
wnut17_01231,the day you go shirtless in school is the day I give birth to a pig,LOW,ok
wnut17_01232,"Want to pretend you ’ re performing in front of 10 , 000 people ? Then decide # whatshouldplaynext on Power 95 . 3 https://t.co/ojpWdx1gIT",LOW,ok
wnut17_01233,Ghost from their kindergarden will follow them in their dreams,LOW,ok
wnut17_01234,"Where are my testicles , Summer ?",HIGH,ok
wnut17_01235,"@peasmom3 and as if I was n't obsessed with AFL already , after Sunday I 've gotten even more so !! I 'm so obsessed with his sexiness !!!!",LOW,ok
wnut17_01236,"Kid Cudi Opens Up About Cocaine Use , Failed Lady Gaga Tour : by Mariel Concepcion , NY | September 1 ... http://bit.ly/cZWGDi",MEDIUM,ok
wnut17_01237,Uroxatral 10 mg x 90 pills https://t.co/alNLM2jSst,MEDIUM,ok
wnut17_01238,Get sexy girls in the palm of hand ! Video chat live on your mobile https://t.co/7pKPP5Izb9 # erotic # babes # camgirls https://t.co/GoTHB4GSor,LOW,ok
wnut17_01239,I was 15 minutes late yesterday so I left 20 min earlier today . I will be 20 minutes late today . #lifeispointless,LOW,ok
wnut17_01240,@isaccnewton7 call me when u go out to practice,LOW,ok
wnut17_01241,I swear freddie laughs at everything,LOW,ok
wnut17_01242,RT @Sexstrology : Sagittarius is turned off when you play hard to get . They want it now .,LOW,ok
wnut17_01243,"@ RevAaronMarquis Based off ELR , I assume you smoke ? If so , are you one of the few RT employees who do ?",MEDIUM,ok
wnut17_01244,I swear that i`ll hold on to that promise i made on the 17 of March 2010 .,LOW,ok
wnut17_01245,Engadget : Sky 3D enlists Stephen Fry to explain the technology ahead of its October 1 launch ( video) : With the of ... http://bit.ly/abRALO,LOW,ok
wnut17_01246,"To their credit , they recently doubled their space in Yaletown .",LOW,ok
wnut17_01247,Relieved that the first full week of school is over ! So happy I can sleep in tomorrow !,LOW,ok
wnut17_01248,"RT @angelfrmcanada : RT @kraftfoods Each time you RT this &amp; include #KraftFightsHunger , we'll donate a meal to @FeedingAmerica Give us a ...",LOW,ok
wnut17_01249,@millyTW__ night :) I'll have more for you to dream tomorrow I'm in tha mood for writing ;),LOW,ok
wnut17_01250,RT @ ltsFRIENDSposts : Literally me : https://t.co/s58wlbemVP,LOW,ok
wnut17_01251,You posted this in TD so why are you still posting here ?,LOW,ok
wnut17_01252,My WiFi name for a long time was getoffmyWiFi . And the password was thepassionatecerealkiller . This is what happens when my soster gets to choose the WiFi name and password .,MEDIUM,ok
wnut17_01253,It sucks when you eat old cookies for lunch and they make you feel barfy .,LOW,ok
wnut17_01254,@CHRIS_Daughtry Aw ur cute when u get mad ur songs r Killing me I just Love Ur Voice ! even my bros do which is weird they don't like my stuff,LOW,ok
wnut17_01255,Tomorrow - London - Hyde Park Corner - 1.30 pm . If you cannot be there - send out supportive thought waves !,LOW,ok
wnut17_01256,@MrsTiaJ no you're the jerk-o for lying . Plus I had just decided like 10 mins before then that I wasn't coming,LOW,ok
wnut17_01257,10 hot toys that are getting couples into BDSM https://t.co/CmOupNGkuf,MEDIUM,ok
wnut17_01258,@Nikitajonesxo mhm fo sho ! i like being able to walk over when im bored ha,LOW,ok
wnut17_01259,"Why was Thorin so interested in gold in the film , when he was really just after the Arkenstone ?",LOW,ok
wnut17_01260,15 million children die of hunger every year . Heed the call to end #world #hunger : http://linkbee.com/D8RKT via @here4cause,LOW,ok
wnut17_01261,"When glass breaks , the cracks move faster than 3,000 miles per hour . To photograph it , a camera must shoot at a millionth of a second !",LOW,ok
wnut17_01262,This is amazing . Praise His holly name 👐 👏,LOW,ok
wnut17_01263,Please keep it classy,LOW,ok
wnut17_01264,Wish it was on June 15 2017,LOW,ok
wnut17_01265,"PLANO BALLOON FESTIVAL 2010 TO START TODAY : The 31st annual Plano Balloon Festival , Plano Balloon Festival 2 ... http://tinyurl.com/22kg6uz",LOW,ok
wnut17_01266,i'll miss yooouuu my aunty tersayangg .... See U next Time yah ... Mmuah : *,LOW,ok
wnut17_01267,HPU pau for the day ! Happy Aloha Friday !!!,LOW,ok
wnut17_01268,My horrible doctor was featured on Oh Canada Team 's blog : http://ohcanadateam.blogspot.com/2010/09/friday-finds-doctor-horrible.html,MEDIUM,ok
wnut17_01269,@Cuddle_Factory will send again tomorrow honey too,LOW,ok
wnut17_01270,"RT @GraceThorson : I enjoy reading , because I can visit different places/time periods , and I always learn something from it . @ChristianScroll",LOW,ok
wnut17_01271,@chazzy00 what we on tonight friend,LOW,ok
wnut17_01272,"And we had some amazing dessert wines too ! First time I've tried that , but now a convert . Will have to add wine to dessert from now on ! Yum !",LOW,ok
wnut17_01273,Interesting how Ray was n ' t there . . . But that ' s none of my business,LOW,ok
wnut17_01274,i have a feeling that this weekend will be amazing ... or at least tonight will be .,LOW,ok
wnut17_01275,[ Please do n ' t forget that liberals and Democrats are Nazi Useful Idiots who believe government / CIA propaganda and Fake News sites .,MEDIUM,ok
wnut17_01276,"Also , a shameless reminder that [ Ladies ' Night is on this Friday ] ( https://www.reddit.com/r/sydney/comments/5ylm1r/ladies_night_round_two_friday_march_24th/ ) rain or shine !",LOW,ok
wnut17_01277,RT @ 2000 sHits : 50 Cent - 21 Questions ft . Nate Dogg https://t.co/vlZiyvWUxG,LOW,ok
wnut17_01278,RT @PrincePoppycock : A gentleman would never get his lipstick on a lady 's hand when kissing it !,LOW,ok
wnut17_01279,Judge rules Tamara Lovett guilty of criminal negligence causing her . . . # DiscoveryRidge https://t.co/ro0DxQvUL0,MEDIUM,ok
wnut17_01280,De tailler must know about it . Big time Thief .,LOW,ok
wnut17_01281,"TOP EVENT -- &gt; http://schmap.it/98hCOt - And tomorrow the @BaristaThing Event goes down - open to pros , home baristas , c ... ( via @CoffeeGeek )",LOW,ok
wnut17_01282,RT @ BeautyOfAnAries : What my mom sent me . Pass it along . 🙏 https://t.co/5mKW2mdAsO,LOW,ok
wnut17_01283,1 : 10 Percy the mass-murderer holy fuck .,HIGH,ok
wnut17_01284,"it feels so good to watch this video & feeling how proud i am to watch singaporeans doing things that ' s so out of the norm ❤ ️ enjoyed every moments watching SG TRY , keep up the good work all of you ❤ ️",LOW,ok
wnut17_01285,I love to see a child 's face when they think of the fairies . Like a fairy their little faces light up :),LOW,ok
wnut17_01286,The forced ads in ngmoco games are outstandingly annoying ! Looks like it 's time to delete all their apps from my iOS devices !,LOW,ok
wnut17_01287,RT @ heyimbee : @ StrauberryJam SHE IS DEAD,LOW,ok
wnut17_01288,"Dear Amitabh ! Happy Birthday to your daughter Shweta ! Happiness , love , joy and life for many years !",MEDIUM,ok
wnut17_01289,""" You may have given up on me , but I'm not given up on you ."" -The Boy You Use To Love",LOW,ok
wnut17_01290,Artful Pumpkins Ladies Long Sleeve : Artful Pumpkins Ladies Long Sleeve . Altered vintage design . Backgroun ... http://bit.ly/9RRYOI #tshirts,LOW,ok
wnut17_01291,Obligatory link to [ Oldies Night ] ( https://www.reddit.com/r/sydney/comments/5xl59i/oldies_night_18_march_2017_bavarian_bier_cafe/ ) next week .,LOW,ok
wnut17_01292,Why do fusion cross sections drop after a certain temperature ?,LOW,ok
wnut17_01293,soooo . . . cricket is only thing i could relate to coz i m poor and i dont even give a fuck bout cricket but i know it as i live in india . . . likes for the poor brown guy here,MEDIUM,ok
wnut17_01294,""" smell . ( the lack of could only help when forced to go cowtipping with ram . ) "" - @jenist wins ! your mineral water is in the mail .",LOW,ok
wnut17_01295,Rain rain go away come back when it 's not my dads birthday .,LOW,ok
wnut17_01296,@justinbieber When you smile I smile ... seriously I do !!!!,LOW,ok
wnut17_01297,@Surfrdan to be fair though it 's roughly the millionth time he 's played Tony Blair .,LOW,ok
wnut17_01298,@jenniferehle : Did you get heavy rains up there yesterday ?,LOW,ok
wnut17_01299,Sweet ! RT @SimoneSOliver : Here 's the London Fashion Week schedule : http://nyti.ms/bW0N3u,LOW,ok
wnut17_01300,@DeezyWest raiders get there first win this sunday #Predictions,LOW,ok
wnut17_01301,WHATS GOODIE EVERY1 COOLIN COOLIN FEELIN THE BREEZE #FRIDAY#MANIA,LOW,ok
wnut17_01302,"@valdary sorry i meant my dad in the first tweet , my mums been dead 5 years .",MEDIUM,ok
wnut17_01303,"Great week for music with @blindoldfreak , UNKLE &amp; @trent_reznor all putting out new releases . Amazing stuff . **Support decent music**",LOW,ok
wnut17_01304,@victorcajiao So can I call in sick on my last day on the job so I can go out there and look at it ? :-),LOW,ok
wnut17_01305,Thank God it 's finally Friday ! I really needed this . :-),LOW,ok
wnut17_01306,RT @ Ioverthoughts : i like looking cute but i like wearing XL tshirts more,LOW,ok
wnut17_01307,This looks as entertaining as IASM . Oh well . At least ' ll eat some of the crowd . Flight of Passage should be good though .,LOW,ok
wnut17_01308,"I really feel like staying up all night listening to my CDs . The neighbours and my boss at work tomorrow would complain , so no can do :(",LOW,ok
wnut17_01309,@SweetBee_90 what 's the look for tonight ?,LOW,ok
wnut17_01310,volunteering for the Rotary Club at the PoMo Terry Fox run . Should be an excellent time : come down and check it out on Sunday am !,LOW,ok
wnut17_01311,I distinctly remember someone giving me chocolates last week . I don't recall eating a single piece . They're nowhere to be found of course .,LOW,ok
wnut17_01312,RT @Durell_G : When life throws u lemons ... Throw them back .. &lt; make lemonade or @giapo sorbet ?,LOW,ok
wnut17_01313,Lol the questions were planned . . .,LOW,ok
wnut17_01314,Madden tonite !!! the homie going down ! Better get then clips ready ! For my free cut !! Ha ha,LOW,ok
wnut17_01315,@OmegaWife5 exhaustingly long lol :) how has yours been ?,LOW,ok
wnut17_01316,sexy azz @RICCOBARRINO tweeted me but can i get a follow baby ??? and i got you i will let my folks know ... when is the new album ?? i willget,LOW,ok
wnut17_01317,"RT @BettyCrocker : Less than 25 followers to go ! Let 's reach 11,000 before the weekend ! :) http://ht.ly/2G4sQ #sweepstakes",LOW,ok
wnut17_01318,@LOOPYisLINDSAY hahaha . Nice . How was ur day 2day ?,LOW,ok
wnut17_01319,good day . bad day . good day ? merek minuman sachet,LOW,ok
wnut17_01320,"Time to go , hihi ! Beijinhos , seus viciados : *",LOW,ok
wnut17_01321,"Wow , employees are so chill there ! Anyway they have 360 cameras in the store",LOW,ok
wnut17_01322,RT @ a _ mofia : Adulthood : https://t.co/c0arJl1bzM,LOW,ok
wnut17_01323,@chrislhayes That 's nothing compared to the LaserDiscs I picked up at goodwill the other day . Completely useless those .,LOW,ok
wnut17_01324,ahhh that made my day ( : i would say something stupid like that :D,LOW,ok
wnut17_01325,U guys should do a fidget spinner vid,LOW,ok
wnut17_01326,magnetic potential vs . solid angle,LOW,ok
wnut17_01327,Checking out this weeks tell ' em Steve Dave Podcast,LOW,ok
wnut17_01328,"Listen to rock station oldies for Free ! : https://t.co/tszy9zHR61 : your listen Pleasure , avec le titre : Joyous",LOW,ok
wnut17_01329,"Its crazy that one day I have energy to do laundry , mop floors , scrub everything down and the next I don't even feel like doing anything !",LOW,ok
wnut17_01330,"@urbanturbanguy Ooh , I could be your long lost Mexican sister for this .",LOW,ok
wnut17_01331,its time to have some fun tonight : ),LOW,ok
wnut17_01332,"@danibuono yet , once I get my iPhone that 's when I'ma scream TeamiPhone RT your_commander : _Shomari lol why u say u guess ? http:///T0UZh",LOW,ok
wnut17_01333,Saturday September 18th 2010 8pm Hotel Elegante Steve &quot; Stylez &quot; A.K.A. Desperado Birthday Bash ! &quot; Headrush in da building &quot;,LOW,ok
wnut17_01334,"Jaiden , you are so beautiful . i love you . * virtual hug *",MEDIUM,ok
wnut17_01335,"The Town might be one of the best movies I have seen all year . So , so good . And don't worry Ben , we already forgave you for Gigli . Really .",LOW,ok
wnut17_01336,@ Lance 210 I love that prank where you squirted the water on that one guys shoe and he slipped 😂 😂 ! What happened after ?,MEDIUM,ok
wnut17_01337,"Pretty much any time I get an email from someone who puts "" PhD "" in the from field , I know there 's going to be trouble",LOW,ok
wnut17_01338,& gt ; * Police last week evacuated 80 villagers from Waltengoo Nar where dozens were killed after a series of avalanches hit the area in 2005 in the south of the territory .,LOW,ok
wnut17_01339,@TakeMeDownCHRIS he didnt say when .. he just said he workin on it &amp; gonna release the full version to yeah3x soon !,LOW,ok
wnut17_01340,was WAITING for this day for specific reasons . now im leaving again &amp; will have to try this bullshit AGAIN next friday . dawg wasted my time,UNKNOWN,fallback_unknown
wnut17_01341,Might have an early night got to help Rob finish the decorating tomorrow,LOW,ok
wnut17_01342,@shhaunna_btm i'm not ignoring you doll..i'm doing my friday follows,LOW,ok
wnut17_01343,@wildflower94 hw =/ i cant wate til summer !!! This year us guna b a mess,LOW,ok
wnut17_01344,"RT @relentless1323 : I hate when a nigga shows me a video of him on his phone , gettin some head from a shorty . Im Like yo ... U just showed ...",MEDIUM,ok
wnut17_01345,"For code I've written since Sept ' 09 , the delay between commit to SCM and running on customer hardware has been about 10 days .",LOW,ok
wnut17_01346,Making my base secure : ) https://t.co/N3lVSY6tUX,LOW,ok
wnut17_01347,@Jee_agustino :O seriously even when you do not want ?,LOW,ok
wnut17_01348,Im starting to hate verizon . I normally have one bar or no bars . But i sure have 4 bars for ev all the time .. . . . Stupid,LOW,ok
wnut17_01349,Gets To See Lindsay Tonight ! :D :D : LD &lt; 3 Love YOu Beautiful !!,LOW,ok
wnut17_01350,"Do not kill yourself and do not kill others , either .",LOW,ok
wnut17_01351,@paulwalk It 's the view from where I'm living for two weeks . Empire State Building = ESB . Pretty bad storm here last evening .,LOW,ok
wnut17_01352,[ ^ I ^ accept ^ commands !,LOW,ok
wnut17_01353,"#jobs #careers #Greenville AT&amp;T Full Time Retail Sales Consultant(s ) - Greenville , AL http://bit.ly/dflARA",LOW,ok
wnut17_01354,"Ca serait meme plutot le contraire , sans ce feu , il n ' y aurait eu probablement pas de survivant : https://np.reddit.com/r/worldnews/comments/5lf41g/titanic_sank_due_to_enormous_uncontrollable_fire/dbvlteg/?contex=7",LOW,ok
wnut17_01355,8hr shift today yuck lol,LOW,ok
wnut17_01356,Buck mountain tomorrow . #adirondacks #hiking,LOW,ok
wnut17_01357,"What do you mean by "" the average force normal to surface on the ball cancels ( due to assumption of uniformity in the field ) "" ?",LOW,ok
wnut17_01358,Does energy of photon change due to some external magnetic field ?,LOW,ok
wnut17_01359,"RT @AniCoronado : #ZodiacFacts As a #Taurus it may seem like things are falling into place , and this feeling gives you a surge of energy .",LOW,ok
wnut17_01360,"Crosspost do r / worldnews , https://www.reddit.com/r/worldnews/comments/5nktt8/brazilian_farm_owners_form_militias_to_attack/",LOW,ok
wnut17_01361,He said Rihanna all low toned and shit !! Prolly the first time he said her names in AGES !!! LMFAOOOOO,LOW,ok
wnut17_01362,"Today is my oldest daughters 13th birthday . Really don't know what to think about her being a "" teenager "". Except that I am really getting old .",LOW,ok
wnut17_01363,Alternatives to bruteforce KeePass Cracker,LOW,ok
wnut17_01364,Preston Do an overwatch hide n seek,LOW,ok
wnut17_01365,@MinkyMoo I really didn't want one either but I literally laughed out loud when I read it . I'm sure that is not the reaction she wanted ;),LOW,ok
wnut17_01366,"i may have failed , but yeah i loved you from the start - i should continue editing and stop quoting .",LOW,ok
wnut17_01367,"BBL started tonight , EBL tmrw , Euroleague qualifiers tues but damn , i can haz NBA now ? League Pass withdrawal symptoms ......",LOW,ok
wnut17_01368,All caught up on @SHO_weeds ! After eating a full meal that was the next thing on my list to do after graduating !,LOW,ok
wnut17_01369,Had 3 doctors appts today ... fun stuff . leaving for the bahamas tomorrow though !!,LOW,ok
wnut17_01370,Help identify a collection of short stories,HIGH,ok
wnut17_01371,"you know its bad when you do that , but you don't care .",LOW,ok
wnut17_01372,I don't understand why some dudes get mad when you flirt with someone else ...,LOW,ok
wnut17_01373,"@soapsindepthcbs Disagree , disagree , no , no . When it 's a finale , you can't really argue about stories/etc . ATWT went out great ... splendidly .",LOW,ok
wnut17_01374,Join Anya Kamenetz on Monday 's #Mozilla #Drumbeat community call . DIY U and the future of education . http://mzl.la/azQO2g @anya1anya,LOW,ok
wnut17_01375,"next Friday , the 24th both my bands are playing at Swayzes Venue . Please come support !!!",LOW,ok
wnut17_01376,RT @iSplashInYoMouf : RE*TWEET IF YOU SMOKING TONIGHT ?,LOW,ok
wnut17_01377,I won 7 achievements in 2 games for 220 # TrueAchievement points https://t.co/HQ81xmjBG2,LOW,ok
wnut17_01378,"Biased , but I think the best part of this is that a MetaCanadian has the top comment .",LOW,ok
wnut17_01379,@Miss_SarahBaby hmmm .. u kno when happy hour ends ?,LOW,ok
wnut17_01380,"@ Trilarion Negative . Torture has been illegal for a while . There was never an attempt to make torture legal . Rather , they categorized the actions they were taking as "" not torture "" but enhanced interrogation techniques .",LOW,ok
wnut17_01381,RT @TeamShaneDawson : RT If you think @AntiShaneDawson is a 10 year old without a penis to play with so they hate on Shane instead :( :' ),LOW,ok
wnut17_01382,On my way to my dentist appointment ugh ! i hate the dentist !! remember kids brush 3 times a day and floss twice and u'll have a great #smile,LOW,ok
wnut17_01383,"Asprin , check , cup of tea , check , pillow , check , warm sleeping bag , check , fanfiction on the laptop , check . Time to settle down and relax",LOW,ok
wnut17_01384,Does anyone know the brand n style name of the sunglasses chloe is wearing at 3 : 33,LOW,ok
wnut17_01385,"Apparently Wikipedia claims that insulators and semiconductors lack Fermi surfaces . Quoting Wikipedia : "" A material whose Fermi level falls in a gap between bands is an insulator or semiconductor depending on the size of the bandgap . When a material ' s Fermi level falls in a bandgap , there is no Fermi surface . """,LOW,ok
wnut17_01386,I remember having parliament on the radio in my car and hearing Leyonhjelm [ give this speach ] ( https://np.reddit.com/r/australia/comments/307z4f/leyonhjelm_on_metadata/ ) which was impressive .,LOW,ok
wnut17_01387,"Fashion week ends with Ralph Lauren , Oscar de la Renta , Gwen Stefani &amp; a Weir ...: -Coco Chanel "" I design for the ... http://bit.ly/beBG9e",LOW,ok
wnut17_01388,@TheGayDragon @RealmOfMachias Sir .. I SWEAR I had nothing to do with it this time .. honest .. please don't hurt me ..,LOW,ok
wnut17_01389,@JBsHOTNESS i do talk about him every second she like his songs for a week :/ @clarebieberx np ! @FutreTeenStar sure !!,LOW,ok
wnut17_01390,@bakontrack I was on a successful business trip !!! I had no time to tweet !!!,LOW,ok
wnut17_01391,"took the combine out for a spin today , but the barley is still a tad on the wet side .",LOW,ok
wnut17_01392,OK IMMA ASK THIS AGAIN HOW LONG DO YOU TALK TO A GIRL BEFORE U MAKE IT OFFICIAL &amp; START GOIN OUT WITH HER ????,LOW,ok
wnut17_01393,RT @ BsbLifestyle _ _ : Another young star gone way too soon 😢 😢 😢 https://t.co/HAz33bS8hn,LOW,ok
wnut17_01394,' Free ' ' Day 26 ' '' #nowplaying http://cpwr.me/c9GNpt,LOW,ok
wnut17_01395,What A Great Day ! Except For Another Schedule Change :/ Dance Tonightt ! ( :,LOW,ok
wnut17_01396,"Our Favorite YouTube Videos This Week : The Drama Edition : Had any epic meltdowns this week ? You know , of the cr ... http://bit.ly/cuy0yt #in",LOW,ok
wnut17_01397,Institutional buying lifts UFlex 30% in a month http://bit.ly/bOAk9y,LOW,ok
wnut17_01398,Nothing like a 3pm Friday meeting !,LOW,ok
wnut17_01399,"RT @ssssab : Mariano : she used to be a very nice girl , before she discovered macdonalds",LOW,ok
wnut17_01400,RT @ NBCGrimm : Get ready to woge . A new # Grimm starts NOW on @ NBC . https://t.co/lMQA8aJwzL,LOW,ok
wnut17_01401,@NTRLDisaster well I'm sure u could do it one at a time with Paco ( Thats my cars name ) plust there 's a roof rack on top u can tie stuff too ?,LOW,ok
wnut17_01402,"@FritzTitz it took me 2 tries , but after the 2nd he became one of my favorite .",LOW,ok
wnut17_01403,Take this time to discover the treasures within you !,LOW,ok
wnut17_01404,"So far this day hasn&apos; ; t gone to well , hopefully my night will be better !",LOW,ok
wnut17_01405,"RT @ ItsTravelVibes : Birmingham , United Kingdom https://t.co/WcGf0C68Vz",LOW,ok
wnut17_01406,"Balloon glowing ? We'd love to see you before or after at Pi ! CWE and Delmar are around the corner , Kirkwood &amp; ... http://fb.me/I6SZ52nW",UNKNOWN,fallback_unknown
wnut17_01407,Tonight is going to be romantic,LOW,ok
wnut17_01408,@glacerie It 's in my tweets a year ago I'll pull up the story later on . Just hope the film helps Shange sell more books .,LOW,ok
wnut17_01409,Today 's post is about 3D graffitti ... http://francescoandreone.blogspot.com/2010/09/banksy-makes-social-commentary-art.html,LOW,ok
wnut17_01410,Did anyone look at the lyrics and think their talking about the band itself,LOW,ok
wnut17_01411,"“ La La Land ” received 14 Academy Award nominations , tying the record set by the films . . . https://t.co/ubyjCHIWKD by # CNN via @ c 0 nvey",LOW,ok
wnut17_01412,@ JiovanniVargas she might just have to . I swear if she denies it when I confront her Ima throw a punch 😂 😂,MEDIUM,ok
wnut17_01413,Stairs : One more chance to win Roger Waters tickets on KLH tonight between 6:15 &amp; 6:45 !! http://fb.me/Jjp2pz4I,LOW,ok
wnut17_01414,"The British have a remarkable talent for keeping calm , even when there is no crisis .",LOW,ok
wnut17_01415,Tonight @AZUKARlounge Baka Boyz LIVE w/ DJ Elements 103.5 &amp; Soreal . $150 VIP booths tonight . Text 916.960 . 8120 for NO cover glist !!,LOW,ok
wnut17_01416,First week of school has been crazy . Everyone is very moody and tired !,LOW,ok
wnut17_01417,"Dems to voters : You may hate us , but GOP is worse ( AP ) AP - With just six weeks to avoid a possible election catastrophe , http://tiny.ly/wc5",LOW,ok
wnut17_01418,RT @Sexstrology : Virgos need to learn how to relax at the end of the day . You tend to stress yourself out due to your high standards .,LOW,ok
wnut17_01419,@thevoiceoverguy 9 days then Sydney,LOW,ok
wnut17_01420,""" why is it you always look seriously stoned when i see you ? "" - - &gt; Danny . lol good god ! ( :",HIGH,ok
wnut17_01421,"@ChefGuyFieri Pls RT - NIGHT golf tournament 9/25 to benefit 3 year old Penny of Mesa , AZ who had heart transplant . www.flancers.com 4 info",MEDIUM,ok
wnut17_01422,"What country in Europe has n ' t she stabbed in the back or undermined their interests ? """,LOW,ok
wnut17_01423,http://sk.mu/aEnsGunwfr9 : Above&amp;Beyond - Trance Around The World 338 ( Wippenberg Guestmix ) ( 17 September 2010 ) #Trance #Trancefamily #TATW,LOW,ok
wnut17_01424,"Mac Sync Completed - September 17 , 2010 , 5:00 pm",LOW,ok
wnut17_01425,RT @ JessieBelnap : the feeling when spring break has begun and is twooooo weeeeeks longgggg ! ! ! ! ! https://t.co/PpLp7aLYH7,LOW,ok
wnut17_01426,Today is friday . Crap forgot XD,LOW,ok
wnut17_01427,not sure how i feel about the rain right now ... but what a wonderful day it has been ... can't wait for later tonight !!!,LOW,ok
wnut17_01428,"Gotta call mom 2 let her know it 's almost 3 . Yli gets out in 15 . Mom took the antenna home today &amp; connected it at home , finally .",UNKNOWN,fallback_unknown
wnut17_01429,"Chicago Weekend Events : Lebowski Fest , Dave Matthews , Latin Music And More : The lively weekend ( well , Friday throu ... http://bit.ly/cLTnyl",LOW,ok
wnut17_01430,@jeffpulver @wildman94 @MusicIsGood4U thanks for hitting me and @shoewolf up . Let me know when that DM with all the info has been sent .,LOW,ok
wnut17_01431,"holy cow - I'm almost ready for sessions ! Walls painted , lights hung , backdrop system up and working ! Tomorrow ... http://fb.me/t8hzqbAZ",LOW,ok
wnut17_01432,CyberNation Sky 3D enlists Stephen Fry to explain the technology ahead of its October 1 launch ( video) : With the o ... http://bit.ly/aWoRmo,LOW,ok
wnut17_01433,"I just took "" ( ALL PARTS ) Your a normal belieber .... what happens when you find J ..."" and got : Part 1 : Holidays !! Try it : http://bit.ly/aOcpG6",LOW,ok
wnut17_01434,Frequency of photon and frequency of EM wave,LOW,ok
wnut17_01435,Gonna for vocal solo on tuesday . T_T,LOW,ok
wnut17_01436,@Wale I just heard attention deficit today . Waay underrated but I still like more about nothing better,LOW,ok
wnut17_01437,"RT @Mirandreamer : "" I tried to walk into target yesterday , I missed .""",LOW,ok
wnut17_01438,"Boo Boo , Ta and I had a girls day . She is such a wonderful baby .",LOW,ok
wnut17_01439,"RT @ meoss 31 : Ed ' s - you are the one who makes me happy Always YOU I swear after five years , you are mine # MAYWARDForCocaColaPH https://t…",LOW,ok
wnut17_01440,Action is the foundational key to all success !.... take massive action today my friends ...... and watch synchronicities happen,LOW,ok
wnut17_01441,Network administrator knowing all user passwords,HIGH,ok
wnut17_01442,@ skooba your are glossing over all of the complexities . Because something is easy for you does not mean it is for everyone else .,LOW,ok
wnut17_01443,Would the downvoter care to comment ?,LOW,ok
wnut17_01444,"@endlesskies ik me 2 . At night I'm wide awake but the daytime , I'm so tired my day drags",LOW,ok
wnut17_01445,@peterc83 night night good luck tomorrow x,LOW,ok
wnut17_01446,it 's friday it 's friday i'm so happy it 's friday :: whooo yooo doing dance and takin a chance la la la lalala ::,LOW,ok
wnut17_01447,"I hate your answer , but it is correct . I , naively , had a different reaction upon reading that part . Namely : "" I ca n ' t wait to see that in film "" .",LOW,ok
wnut17_01448,"@BEE_LYNN_BAYBEE Funniest shit of the day "" Im officially blown . Dont wanna to talk about it "" lls",LOW,ok
wnut17_01449,"RT @pastorbrady : Remember , every Sunday morning gathering at New Life can be watched live at 9am and 11am - www.NLCLive.com",LOW,ok
wnut17_01450,They should have a tri tip feast since theyre in cali,LOW,ok
wnut17_01451,After 2 months not even a word . Guess ure fine .. thanks for being nothing but a fake . Seriously cycling ?,LOW,ok
wnut17_01452,"Said it once and I will say it again , when someone shows you who they are , BELIEVE THEM !!",LOW,ok
wnut17_01453,@TheEllenShow #AskEllen Hi Ellen . Can you ask Portia when she 's going to make a Twitter account ? Love you both so much ! Xo,LOW,ok
wnut17_01454,The Town was a really good movie !!! Now passing the time watching &quot; Easy A &quot; until &quot; Devil &quot; starts !,LOW,ok
wnut17_01455,@BieberPaycee in like 3 days I think ... Well that 's when the single 's released :P,LOW,ok
wnut17_01456,RT @ TheVidSpot : This awesome invention is basically a treadmill rock climbing wall https://t.co/rduhyjvMGq,LOW,ok
wnut17_01457,@lilwhitebear @GrouchoDuke I'm not kidding ! I used a book which was published in 2008 ( last year) ... it was an awesome book !,LOW,ok
wnut17_01458,Kelsey you should die your hair the color it was when you first met Ollie,LOW,ok
wnut17_01459,going to talk vill into gettinhg reach today . want it in time for sundays reacharound gamenight,LOW,ok
wnut17_01460,"@demhot I hate it here , lol . i'm moving to america when i'm at least 23 . no joke",LOW,ok
wnut17_01461,im sick had a bad day hope thee game us good,LOW,ok
wnut17_01462,"foi quando eu te encontrei , ouvindo o som do mar ( 8",LOW,ok
wnut17_01463,I ' m just ready to go home & amp ; get in my bed . Honestly . Truly . https://t.co/8aJeCHwUAh,LOW,ok
wnut17_01464,Ha ha i try for you really hm lmao lame pretty day,LOW,ok
wnut17_01465,Relative world carbon footprints by nation ?,LOW,ok
wnut17_01466,Well since it has Scumlims in this move I will never watch it . Probably a part of the Scumlim brotherhood,LOW,ok
wnut17_01467,"@ gisiez Yes , I will try . . i ' m looking for Linux OS have a look good , unlike the Ubuntu it ' s primitive . . .",LOW,ok
wnut17_01468,#uknouugly when #TeamFollowBack dnt follow you back,LOW,ok
wnut17_01469,@jeffstinco or @chuckcomeau follow me for make this bad day a HAPPY day :D love you guys !!!,LOW,ok
wnut17_01470,@sarahXtinchyBBK looool u hav made me want mcdz again an im tryin 2 stay off that had it all week an sounds nice :D x,LOW,ok
wnut17_01471,"... around all day isnt good for you , least i get home-relaxing time , thursday and frees to keeep me sane :)",LOW,ok
wnut17_01472,"RT @PHANTHANHstic "" Good Morning ! Have a pleasant and happy day !""",LOW,ok
wnut17_01473,Hey .... my birthday is in exactly one month !!! :D,LOW,ok
wnut17_01474,@KaiyhaBADDass for you ? when I see you ... seriously ...,LOW,ok
wnut17_01475,@Romanthropy oi u there 's a #MCRchat on tonight . No idea what it entails but if it 's new album convos were in !!,LOW,ok
wnut17_01476,RT @ _ ttgm : Don ' t ever think you got it like that with me cause the moment you do I ' ll show you that you ain ' t have it like you think you do …,LOW,ok
wnut17_01477,RT @chloezxy : had a great time hanging out and dinner-ing with DL3 peeps !! :) they are really awesome people !! :D,LOW,ok
wnut17_01478,im thinking jalepeno poppers tonight :] ],LOW,ok
wnut17_01479,Today is goin to slow at work ... Can't wait to get this weekend started !!!,LOW,ok
wnut17_01480,@johngirvin you've been working on that all night ! I suspect you may even have opened a git manual .,LOW,ok
wnut17_01481,@joereist hey Joe . I'm down the road in Ft Mitchell . No time to smoke but waving . Did you get the book ?,LOW,ok
wnut17_01482,Congrats to @BigBlueSpruce and their record release today ! Join us to celebrate with them at @worldcafelive Get your CD &amp; tees 8PM today !,LOW,ok
wnut17_01483,Dearrykas #1 rule of lifenever date someone who lives by you it only causes troublr when you break up,LOW,ok
wnut17_01484,FRIDAY ! yesshh !! FiNaLlY,LOW,ok
wnut17_01485,"Just ordered pizza . First time since May to order Pizza Hut . Definitely not a fave , but Pizza by the Chef doesn't deliver five hours away/",LOW,ok
wnut17_01486,"Drop by the sweat check I'll be there volunteering RT @EricJacksch Ah , the weekend . See you at the Army Run on Sunday ? #Ottawa",LOW,ok
wnut17_01487,RT @TCPB_McDreamy : Gonna study for a while before iTake this quiz ... wish me luck =) ( luck ),LOW,ok
wnut17_01488,This week only $5 off custom blogger design ! http://www.bonanzle.com/LoisCollis,LOW,ok
wnut17_01489,@sfgiantsfan55 omg Todo Cabio has been my fav since like `07 i still listen to their CD all the time i want the new one . alejate de mi ...,LOW,ok
wnut17_01490,RT @ 5 HonTour : # WorkFromHome # BestMusicVideo # iHeartAwards https://t.co/GWdK7L7RtR,LOW,ok
wnut17_01491,@HackinTimSeeley A world without bare legs is a terrible place indeed ! Here 's to 6+ more years of bare legged cassie,LOW,ok
wnut17_01492,"@ LCGila 07 @ CuriousCatMe kkkkkkkkkkkkkkk , pqp",LOW,ok
wnut17_01493,Was thinking today that I am fortunate o know so many incredible people in this world .,LOW,ok
wnut17_01494,"This is also the time of year where @jaketapper 's kittehs are all , &quot; U FASTIN ? LOLZ , WE IZ UP IN OUR FOODZ .&quot; #caturday #feedthesenses",LOW,ok
wnut17_01495,Belief happens for most from the &quot; gut'-Oh there may be some mental stimulus .. But feeling often has more to do with it @WestonLockley,LOW,ok
wnut17_01496,"RT @ Kaaaatie 4 : I just need a really close friend that has a baby so I can have one but not actually have one , ya know ?",LOW,ok
wnut17_01497,@Sexstrology lol im a sargittarius so dat means i wanna have a good time 2 ??,LOW,ok
wnut17_01498,@FLAM3Z130 half the time in inglewood the other half in mv ... where u been,LOW,ok
wnut17_01499,wake me up when I have a reason to stay up !,LOW,ok
wnut17_01500,@ZachGarmoe AH ! Concert in 2 days ! So excited !,LOW,ok
wnut17_01501,"Okay , I now don't have plans for tonight . Let me know if you wanna hang :)",LOW,ok
wnut17_01502,@saarbei ooh ! as long as food was had to celebrate . you HAVE to celebrate all occasions with good food !,LOW,ok
wnut17_01503,Father of all bombs takes second place to Mother of all bombs . . . remember never mess with the fury of an angry mother / mother bear .,LOW,ok
wnut17_01504,"Difference between "" C- violation without CP-violation "" and "" C- violation with CP - violation """,LOW,ok
wnut17_01505,The #Forex Revolution http://bit.ly/cLjJPO Jump onboard and earn 60% commission today ! Hot #Earner http://bit.ly/cL ... http://sns.ly/Kfl55,LOW,ok
wnut17_01506,Mike vick back in dat line up its bout time,LOW,ok
wnut17_01507,"@darrencyrus ee it wasnt lambrini actually LOL :) was posh proper wine my mam got today from work off someone , it was RANK down the sink LOL",LOW,ok
wnut17_01508,"I had a good day :) , how y'all doing ?",LOW,ok
wnut17_01509,It 's about that time !,LOW,ok
wnut17_01510,"@CJ___ you'll see when you catch up in the thread . He was bitching , I asked if he'd be happier in another league and he said replace him",LOW,ok
wnut17_01511,"@Kybil Hmm ... I probably would . I don't know if I can find a visual for R'lyeh, though . I may have to bust out my copy of the story ...",LOW,ok
wnut17_01512,#np never too late - three days grace &lt; 3,LOW,ok
wnut17_01513,U shoulda known ! Its a Friday ! RT @BoRnStar88 Tutoring ppl all day at work on a Friday is already a bore then the students don't show up !!.,LOW,ok
wnut17_01514,O happy day . My local grocery carries Hoegaarden .,LOW,ok
wnut17_01515,After Eventide ( Kindle Edition)By Catherine Olson Buy new : $ 6.49 Customer R ... http://tinyurl.com/25e59fk #twilight,LOW,ok
wnut17_01516,cuz this isnt a confusing phrasing of this ... LOL r u busy the next day ? ;) RT @DEWsAtlaWinner : @JRKandDDubLuva l busy day the next,LOW,ok
wnut17_01517,Catching up with old friends is sound haven't seen ben for like 4 years,LOW,ok
wnut17_01518,RT @jeyyounit11 : i was watching all the footage on my camera from the past few months and if i'd actually finish what i was talking abou ...,LOW,ok
wnut17_01519,is going to be at HoveLive Festival tomorrow in Belgium ! http://fb.me/v5CUZkEY,LOW,ok
wnut17_01520,RT @ saykomala : Good morninggg ~ # MissUniverse # Indonesia,LOW,ok
wnut17_01521,@SaviiISJAPAN nooo - i have when people ask me so i dont ask people lool .,LOW,ok
wnut17_01522,"#plan Land of Talk - Minneapolis ( First Avenue and 7th St Entry ) Wed , Sep 29 , 2010 http://planca.st/AwQ",LOW,ok
wnut17_01523,Today = Morton 's Salt motto + Murphy 's Law,LOW,ok
wnut17_01524,RT @TechZader : iPad Refresh Due in January http://bit.ly/cw730s,LOW,ok
wnut17_01525,My uncle ' s Galaxy Note 7 blew up much harder,LOW,ok
wnut17_01526,RT @ ellsavelli : At least dying ' s permanent https://t.co/Ri48RQT03e,LOW,ok
wnut17_01527,It 's still Friday here so my first #FF goes to @rockmybones - its her birthday today and @Hungryforbones - thank you :),LOW,ok
wnut17_01528,RT @medeadly : 50 tyson droppin a video before you bumass rappers .... i bet they hella mad ... yall niggas been rappin for years and still a ...,LOW,ok
wnut17_01529,"how come im just now see this tho 👀 anyways you look good ma , love the hair ! https://t.co/bNcI3TgQnw",LOW,ok
wnut17_01530,I really want she to tell brad that she is pregnant,MEDIUM,ok
wnut17_01531,I hate it when my [ HONK ! ] gets stuck in my [ WHOOPWHOOP] .,LOW,ok
wnut17_01532,Season opener for Bradley Soccer tonight !,LOW,ok
wnut17_01533,"Getting ready , &amp; then out for the nighttttt :) With my boyfriend tomorrow-Sunday &lt; 3",LOW,ok
wnut17_01534,what happens when your happy but heartbroken ? this .,LOW,ok
wnut17_01535,"Well this should be some coefficient or a number that I could use to solve the second part of my "" problem "" . I have added the volume figure .",LOW,ok
wnut17_01536,"@evarley Yes , thanks . We're more traumatised than he is ... ;) I hate A&amp;E &lt; shudders &gt; Now it 's time to catch up with the day ...",LOW,ok
wnut17_01537,i just woke up from the worst nap eva .. arggghhh ! now its time for work .. double arggghhh !!,LOW,ok
wnut17_01538,"When TIFF is in Tdot , ALWAYS have ur camera in purse ! Managed to get a pic of EVA MENDES ! Didn't know she was signing autographs @ the mall .",MEDIUM,ok
wnut17_01539,Listen to PreTape by RichiDenz # np on # SoundCloud https://t.co/5x6wc5sRqA,LOW,ok
wnut17_01540,RT @KaiWayne : I think Big Sam was misquoted when he said he could manage Real . What he actually said was he could manage a real ale .,LOW,ok
wnut17_01541,"It ' s been a hit out in the world since Fragrant posted it here , Daily Edge Sid a piece too even - https://www.reddit.com/r/ireland/comments/5m6bs8/kerrygolds_african_tv_ads_are_a_little_bit_uhh/",LOW,ok
wnut17_01542,@SpankyDuhh well same thing goes to me duhh i need up to 800 more follower before i drop my album ...,LOW,ok
wnut17_01543,Wats good for tonight any partys,LOW,ok
wnut17_01544,@suggsygirl Have a lovely day and take lots of inappropriate photos ! *bg*,LOW,ok
wnut17_01545,He got sent off in the last game vs Bordeaux .,LOW,ok
wnut17_01546,"'RT @amandacarolinne : "" Danger Days : The True Lives Of The Fabulous Killjoys ""'",LOW,ok
wnut17_01547,"I hate when people ask me &quot; what are you , like your race ?&quot; cuz I don't be knowing what to say . I just say I'm black and stuff . lol",MEDIUM,ok
wnut17_01548,watching camp rock 2 again ... all the way through this time :P .,LOW,ok
wnut17_01549,"'RT @ItsTheTeenLife : People that txt back "" K ."" 20 minutes after the convo already ended . Three words for you [ F%#* - You - Loser ] #Itsthe ...'",LOW,ok
wnut17_01550,"On a molecular level , what is the difference between a liquid and a powder ?",LOW,ok
wnut17_01551,S E X Y C H I L D R E N,UNKNOWN,fallback_unknown
wnut17_01552,@_AlexLight_ WHAAAA ? And you actually played ? When it wasn't with the Wolstenbeast ?!,LOW,ok
wnut17_01553,"@LightCMS over 6000 followers ! Told you , you would get a lot , you had about 2000 on the first day . Less and less likely I will win lol",LOW,ok
wnut17_01554,"Dylan refuses to take a nap and he was up before 7am , now he will crash late and stay up half the night",LOW,ok
wnut17_01555,"@KSSchro When I run over an animal I think of Disney movies &amp; that I just ran over someones brother , mom or dad . The full life montage helps",UNKNOWN,fallback_unknown
wnut17_01556,"RT @refuel_bar : Annual Whole Hog Dinner Wed Oct 27 ; 3 seatings , communal tables , family style $49 ; http://bit.ly/62Gs3X for details .",LOW,ok
wnut17_01557,oh and by the way i don't want to leave tomorrow :(,LOW,ok
wnut17_01558,@Vivianna_loves I just bought Dior mascara for the first time ..... its the only mascara that doesn't make me wanna wear lashes .,LOW,ok
wnut17_01559,"I've never laughed so much in my entire life as i have tonight . my eyes are watering , it hurts to move and i actually fell off my chair once",LOW,ok
wnut17_01560,/Lebowski'd RT @RebellionPR : When I'm pope the first thing I'm going to do is shit in the woods . #pope,LOW,ok
wnut17_01561,Help to Stop Cruel Treatment of Monkeys at Biomedical Laboratories ! Plz sign : https://t.co/c55GE1ecfz https://t.co/d7TyB0bIbm,LOW,ok
wnut17_01562,RT @DevoRiEr : Aye @Jus1Nyt how about u catch a red eye out tonight so u can come out tonight ? LMaO,LOW,ok
wnut17_01563,@ Demi : I was saying that because I was needing python .,LOW,ok
wnut17_01564,I am not an atheist I believe in god but these comments are funny this song has nothing to do with god it has to do with finding you,LOW,ok
wnut17_01565,When did the practice of having a joke with no music at the end of a trailer begin ?,LOW,ok
wnut17_01566,Will you criticize Trump when he makes mistakes or will you be silent,LOW,ok
wnut17_01567,What the :\ after tweeting ' monkey donkey ' my first account got limit #twitterjail,LOW,ok
wnut17_01568,Only about 1/3 done w/ ch 6 Looks like those of u who told me u still need to catch up will have time 2 Will get to review replies soon !!!,LOW,ok
wnut17_01569,"@lehoop18 not going out tonight , but I love you . productive room cleaning being done !",LOW,ok
wnut17_01570,What is the significance of buttocks ?,LOW,ok
wnut17_01571,"Added a few people tonight so if I added you i'm not a stalker , just following @scotsman7 amd his #FF ty :)",LOW,ok
wnut17_01572,This is the first movie I saw as a kid that made me realize that movies could be bad . Thanks for the memories Doug !,LOW,ok
wnut17_01573,"RT @papalote415 : Homemade PAPALOTE Vegan Soyrizo Tamales and Soyrizo Tamales at OFF the GRID Fort Mason at 5PM TODAY !! &lt; &lt; salsa , salsa , my fav",LOW,ok
wnut17_01574,Did you miss [ this ] ( https://www.reddit.com/r/soccer/comments/5lrdkr/ars%C3%A8ne_wenger_in_20_years_it_is_the_most_uneven/?ref=search_posts ) yesterday ?,LOW,ok
wnut17_01575,RT @ RelatableQuote : Oh wow I ' m so surprised https://t.co/vcDyRfsie6,LOW,ok
wnut17_01576,RT @Softscrub : This week 's #FF has started ! Follow us for a chance to win a free bottle of #SoftScrub !,LOW,ok
wnut17_01577,"@iFckd_Hannah wow , sounds like ur pretty busy these days ... twitpic ur new haircut hehe :) so ur havin a relaxin friday , no parties ?",LOW,ok
wnut17_01578,"I spent my day Photoshopping Kerri russel into a mutant headed tree hugger , Now that thats done . Im off to my late night job , Sittin ' BABIES",MEDIUM,ok
wnut17_01579,lalala south game tonight !!!! Go us . http://bit.ly/b351o9,LOW,ok
wnut17_01580,yupp ! RT @TrentShelton have u ever met some1 that when u tell a story THEY HAVE to tell their story 2 overshadow yours to feel superior,LOW,ok
wnut17_01581,"Yes sir , @Digeratii is on a customer service roll today . Good man that Josh .",LOW,ok
wnut17_01582,Beer after golf ?? Give me a hell yeah !! (@ White Eagle ) http://4sq.com/b5Wloc,LOW,ok
wnut17_01583,RT @JodyModel : #Blackholidays Pookie Release From Prison Day,MEDIUM,ok
wnut17_01584,"@wellydogdesigns aww shame he 's not full of beans too ! ah well , as long as you're having fun ;-) hmm I fancy a drink now :) )",LOW,ok
wnut17_01585,"today everything will gonna be okay , i know it . Haaaa , the secret . I know I know it , I will meet very much cool people . Yes yes yes . IKNOWIT",LOW,ok
wnut17_01586,"'::: Flashback Friday - "" Dancing Queen "" http://bit.ly/d49VXU'",LOW,ok
wnut17_01587,"RT @HeyThatsSoTrue : When I was little , I had a huge imagination . Now I can't even make up a story for english class . #HeyThatsSoTrue",LOW,ok
wnut17_01588,I KNEW IT RT @stuartwashere : Awh ... @AaronShoutNever still manages to be nice when he 's drunk . : L,LOW,ok
wnut17_01589,@diggy_simmons #diggyfollows50 diggy should follow me because i saw him at @justinbieber 's concert on september third :D,LOW,ok
wnut17_01590,YOU NEED TO TELL ME WHERE YOU GOT EVERYTHING IN YOUR ROOM,MEDIUM,ok
wnut17_01591,@daraobriain hmmm . Cant wait . Comin on Thursday . First time to the Apollo .,LOW,ok
wnut17_01592,"Well , I was gonna buy a Zune HD ... but now that the @Rally4Sanity exists , I must go to D.C. next month . YESSSSSS .",LOW,ok
wnut17_01593,So I'm off to the Mumpreneur Awards tomorrow and leaving daughter @itsonlymestupid to talk to press &amp; buyers on our stand @LondonFashionWk,MEDIUM,ok
wnut17_01594,I'm trying to figure out if I wanna do something tonight,LOW,ok
wnut17_01595,now my instructor says that when he picks me up I'm just gonna get straight into the drivers seat ! : L I think I'll cope !! lol x,LOW,ok
wnut17_01596,Hillary lost because she cheated https : / / counterpropa . com / 7 - jaw-dropping-revelations-hearings-motion-dismiss-dnc-fraud-lawsuit /,LOW,ok
wnut17_01597,Who legislates military law ?,LOW,ok
wnut17_01598,"I still think that with more details from your actual proof , you might have a better chance of getting something which is useful for you .",LOW,ok
wnut17_01599,Strength to everyone affected . I made a miscalculation last night and I regret it . Stay safe everybody the coming days as I understood there is a chance of more to come ! ! ! !,LOW,ok
wnut17_01600,"More than 500 Smokers Quit by Hypnosis ! https://t.co/hw5pved8nS 25 , 2017 at 09 : 00 AM https://t.co/9fR8CrvBLi",LOW,ok
wnut17_01601,@ ballhard _ korin hopefully it wasn ' t loaded 😂,HIGH,ok
wnut17_01602,@FashionDivvah I know right .. he 's my baby cos he 's way younger than me ... like 4 years junior ... awwww I had to sharply spill ! LOL !,LOW,ok
wnut17_01603,RT @tabloidwatch : Daily Mail 's not-at-all predictable front page headline tomorrow : Pope 's battle to save Christmas .,LOW,ok
wnut17_01604,I'm almost halfway through my #cleaneating challenge ! http://bit.ly/9mVsCQ Getting takeout for the first time tonight - what to get ?!,LOW,ok
wnut17_01605,"Tarantula in my lounge last night , hoping i dont get a repeat tonight",LOW,ok
wnut17_01606,RT @ Zoe _ Clark _ xxx : Im ready for you daddy you can cum in my pretty little mouth and pretty face daddy . 😻 😻 👅 👅 👅 https://t.co/mEKhfsaUXo,HIGH,ok
wnut17_01607,DING DONG DING DONG guess who 's comin dinner tonight ? U gonna be part of my meal tonight .......,LOW,ok
wnut17_01608,"@TylerHilton One thing about twitteris , We all have plenty of time ... LOL :-)",LOW,ok
wnut17_01609,@jaredleto i saw chelsea today u weren't there ? WTF,LOW,ok
wnut17_01610,"@ CandiedOrange I see a difference here . While exploding bombs or freezing molecules always follow certain chemical and physical laws , human history has witnessed events where perceived equilibrium are broken time after time . Just look at our population and think about what the equilibrium would have been if we were still living in wood and stone age . Or better yet , see how Malthusianism checks out .",LOW,ok
wnut17_01611,yeah but conor makes more than anyone like a million . conor makes millions for a fight .,MEDIUM,ok
wnut17_01612,Jupiter : Closest Approach in Nearly 50 years . Catch it nxt week . It wnt B that big or bright again til 2022 http://bit.ly/d5Bzx7,LOW,ok
wnut17_01613,"Despite never having seen the movie , im guessing its because they were the four main characters and deserved to be apart from the secondary characters",LOW,ok
wnut17_01614,"Replying to another question , Bhamre said the jawans deployed at places such as Siachen Glacier are provided with the best-quality winter clothing .",LOW,ok
wnut17_01615,Now playing : In My Bed by Amy Winehouse # nowplaying Listen live : https://t.co/pHXLO1eb4v https://t.co/MZNlOyvAJ4,LOW,ok
wnut17_01616,"I haven't driven to bc in years , and I am just stunned by how beautiful the drive is .",LOW,ok
wnut17_01617,@GottaLaff don't do the crime if you can't serve the time . ;),LOW,ok
wnut17_01618,eh ? horner 's on the #uspro start list : RT @hornerakg : Heading to @clarkscornerca for Q&amp;A . Back in Ione to ride tomorrow ! http://ow.ly/2G4ti,LOW,ok
wnut17_01619,"new office furniture- check , paintings of hubby- check , neuro drink stock- check , finished giving interview- check . time 2 go home .",LOW,ok
wnut17_01620,breaks the hood latch of the SLR,LOW,ok
wnut17_01621,"Skhumba my brother we will miss your jokes , You are the best comedian in Mzansi I tell you now and good luck . Mara Kgomotso o na le that "" THING "" . . .",LOW,ok
wnut17_01622,"'RT @ihatequotes : For anyone having a bad day , just remember : "" If God brings you to it , He will bring you through it !"" -@KimKardashian #i ...'",LOW,ok
wnut17_01623,Thank you for sharing your thoughts from your heart about your travels . I love the bond that you have with each other and Hensley . This journey with Donna is awesome . Thank you again .,LOW,ok
wnut17_01624,RT @LUNGevity : This is going to be an amazing weekend w/3 events on the same day benefiting lung cancer research ( Sun/Sept 19 ) !... http ...,LOW,ok
wnut17_01625,I actually respect the ladies at The View for having Coulter on & standing up for free speech despite their own political views .,LOW,ok
wnut17_01626,Quit complaining and make my phone .,LOW,ok
wnut17_01627,@henryandfriends ooh that sounds lovely :) we had lots sunshine 2- hope it stays 4 tomo when we going to do the doggie show *paws x-d* ! x x,LOW,ok
wnut17_01628,Questions Not Answers | Box of Crayons https://t.co/CXafSHeWPV https://t.co/9kvP5sokij,LOW,ok
wnut17_01629,"'I just took "" Justin Bieber takes 2 months off career to finish school , H ..."" and got : Part 25 : They got my back .! Try it : http://bit.ly/bcqNCs'",LOW,ok
wnut17_01630,"So here in Belgium its now 7minutes before midnight ,, Tell me how late it is were you live :D",LOW,ok
wnut17_01631,RT @eljmayes : Ladbrokes Labour Leadership Market- http://bit.ly/cD3Rn8 Ed Miliband 's odds have shortened significantly in the last week .,LOW,ok
wnut17_01632,Ha I'm lucky . I got in the car like five seconds before it started POURING rain .,LOW,ok
wnut17_01633,Always kinda awkward when you get the chat group wrong in WoW . Sometimes you don't want the tank to know you're dissin ' him . Oops .,LOW,ok
wnut17_01634,"he likes prince , paul simon , and o.d.b. i may have found my soul mate .",LOW,ok
wnut17_01635,"'@stephaniebriggs Jumped in the truck , flipped the iPod over to shuffle , and it gives me "" goodbye moon "". Probably a year since last heard it !'",LOW,ok
wnut17_01636,[ Credit ] ( https://www.reddit.com/r/southafrica/comments/5ylbs0/two_rsouthafrica_users_lose_their_shit_over_a/der8pky/?context=10000 ) to / u / uncle _ retardo,LOW,ok
wnut17_01637,"Think the article should be ready to resubmit next week . Quite excited , but also rather scared .",LOW,ok
wnut17_01638,RT @ SouthernHomo : It ' s like y ' all elected that damn Cloyd Rivers account to be president . I swear to GOD I ' d rather have Dory . https://t.co…,LOW,ok
wnut17_01639,"FREE : Air Music Jump . if you like Rock Band or Guitar Hero , you may also like Music Jump . http://appj.mp/AirMusicJump",LOW,ok
wnut17_01640,andrew mccabe fuck flynn then we fuck trump - Google Search @ StefanMolyneux @ realDonaldTrump @ DonaldJTrumpJr https://t.co/XGOEPsF0KB :,MEDIUM,ok
wnut17_01641,3 : 00 AM https://t.co/AhKwvaG0jT,LOW,ok
wnut17_01642,"Conflicts of Law : Cases and Materials : R . Lea Brilmayer , Jack L . Goldsmith[May 01 , 2011 ] http://amzn.to/bnabQu",LOW,ok
wnut17_01643,"2017 , 03 , 18 06 : 30 : 05 jay dmb test 8 - 11 - 2016",LOW,ok
wnut17_01644,Hope to see a lot of people at game night at @gathering_umc tonight . Plenty of games to choose from just from my family . :),LOW,ok
wnut17_01645,RT @jakeandamir : If you would have told me 20 years ago that YOM KIPPUR would be trending on twitter I'd be all like &quot; what 's twitter ?&quot;,LOW,ok
wnut17_01646,so much for trying to do my h/w before my bday weekend . working til close :/,LOW,ok
wnut17_01647,RT @its_QuiB @jperiod1015 cooking next week !!: )) &lt; &gt; lol bet !,LOW,ok
wnut17_01648,@ RichmondDoc TY for continuing to respond . That was A- all right of you .,LOW,ok
wnut17_01649,@P_Rezzphere : uh ... Fruit this time .. Gotta stay in shape my brotha ...,LOW,ok
wnut17_01650,Animated movie about kid who lost his parents in a car accident with a deer ( got reunited via time travel ),MEDIUM,ok
wnut17_01651,After the Storm - http://newzfor.me/?7r7c [ Like it ? http://bit.ly/cWAfsq ],LOW,ok
wnut17_01652,@JayDubshow it showed you Clapping on TV after the Swagger/Kofi Match Lol,LOW,ok
wnut17_01653,RT @PeterRabbitt : HAPPY BIRTHDAY TO @DaDaDaphne WISHIN YOU THE BEST &amp; HOPE YOU HAVE A WONDERFUL DAY,LOW,ok
wnut17_01654,"@becky_89 Oh dear , well i'll cheer you up on Wednesday ! xx",LOW,ok
wnut17_01655,Today 's Vuelter blog : http://bit.ly/choe8Y,LOW,ok
wnut17_01656,"if i hit tweet limit again today , i'm gonna be so frickin ' pissed .",LOW,ok
wnut17_01657,@eatzombiebabies haha maybe we'll dance off in the online stream tomorrow ! lol,LOW,ok
wnut17_01658,@George_Hill3 u made my day :),LOW,ok
wnut17_01659,"&quot; When you don't get what you want , you suffer . If you get it , you suffer too since you can't hold on to it forever .&quot; ~ Peaceful Warrior",LOW,ok
wnut17_01660,RT @iSplashInYoMouf : RE*TWEET IF YOU GOING OUT TONIGHT ?,LOW,ok
wnut17_01661,Ready for Friday night at The Pub ! DUDE Jones playing inside and DJ Chris L in Loft,LOW,ok
wnut17_01662,Is it the Shiba Inu extensively described in the top post right now ?,LOW,ok
wnut17_01663,@luvgh62 next sun on stelly day-boo !,LOW,ok
wnut17_01664,found some really funny pictures of 1st year : L going to put them on facebook now !!,MEDIUM,ok
wnut17_01665,About role of a minister in Parliament who is not a member of either house of Parliament .,LOW,ok
wnut17_01666,"'or even in a 69 . smother me w/ it and hold my dick like a joystick when u do it . shit ... say some shit like "" suck this pussy "" i wont laugh .'",MEDIUM,ok
wnut17_01667,"I love it , I can torment my friends and their kids long distance via fb and twitter . Mwahaha !",LOW,ok
wnut17_01668,"I have , a few hours ago , it only ollected 2 neg votes so far",LOW,ok
wnut17_01669,Did n ' t Riceball have a different owner in the walking your cat video ?,LOW,ok
wnut17_01670,Best #free #livemusic in #Denver tonight with the return of Breaking &amp; Entering . Be sure to come down to Hi Pac and check it out !,LOW,ok
wnut17_01671,Xbox 360 : Enslaved : Odyssey to the West Demo Coming to PlayStation Network on September ... http://bit.ly/9gFTHn,LOW,ok
wnut17_01672,"I'm at Bowl Long Island ( 138 West Ave , Patchogue) . http://4sq.com/aX6N26",MEDIUM,ok
wnut17_01673,@superanne Can I get a Twitter software to spew random bullshit about airports/coffee/conferences ? Cause that would free up some time .,LOW,ok
wnut17_01674,Woot ! My Oakland line made the list . | MT @LaphamsQuart We've posted the best of yesterday 's #mycityis definitions . http://bit.ly/dffSJG,UNKNOWN,fallback_unknown
wnut17_01675,Game tonight with Tessa . I get to see Seanzie if he goes :) . I get to see my boyfriend too &lt; 3 c :,LOW,ok
wnut17_01676,Twenty five after Three,LOW,ok
wnut17_01677,im tired of doing this short hair thing . i need pay day to come alreadyyyy !!,LOW,ok
wnut17_01678,"Bangkok , Thailand : Land of Smiles - Day 1 # blog # conozcopablo # Travel https://t.co/qxLmN6lGV4",LOW,ok
wnut17_01679,that EL is disturbing me !,LOW,ok
wnut17_01680,"I have said "" Is there any food left from that board meeting ? "" about 100 times . Fave .",LOW,ok
wnut17_01681,Gettin it in tonight ! Shoutsout to the homie Jarred Gidley !,LOW,ok
wnut17_01682,This was . . . funny ? Billy O ' cuntface did to comedy what AIDS did to niggers and queers,UNKNOWN,fallback_unknown
wnut17_01683,I want 2 talk 2 some people before i go to sleep :( http://tinychat.com/welovejustinbieber,LOW,ok
wnut17_01684,Selamat pagi cegg ku,LOW,ok
wnut17_01685,Free Romeo &amp; Julliet under the stars tonight thru Sunday in South Park- please retweet please come ! http://is.gd/ff482,LOW,ok
wnut17_01686,' Breaking Dawn ' Returns to Vancouver on January 11th http://bit.ly/dbDMs8,LOW,ok
wnut17_01687,@ShayalKumar GooD MorNinG :) HaVe A GrEaT DaY :),LOW,ok
wnut17_01688,@RotaryCarClub r you driving this time ?,LOW,ok
wnut17_01689,RT @ DamnFeelings : I could hug you for hours .,LOW,ok
wnut17_01690,what do we mean by ' regular person ' . Has n ' t Rick only ever explained what Dimension he is from to those individuals who are aware of multiple Dimensions ?,LOW,ok
wnut17_01691,"Every Saturday night Casitas presents Luna Lounge , the perfect setting to linger under the moonlight http://twitpic.com/2pdt30",LOW,ok
wnut17_01692,The latest App news : iTunes Instant : Search iTunes at high speed thanks to 15-year-old developer : If you've hear ... http://bit.ly/cy1wNb,LOW,ok
wnut17_01693,RT @rocsidiaz : @Wale ill be in DC tonight where u at ?? Ill be at muse 717 6th St Nw Dc to party,LOW,ok
wnut17_01694,how anyone can prefer a V 6 over a Straight 6 is beyond me . . . . SUCH a nice sound !,LOW,ok
wnut17_01695,Paul ' s house is better,LOW,ok
wnut17_01696,@ SeanyReidy anything well done for that matter,LOW,ok
wnut17_01697,Your friends and associates might not be there to support you . . . More for Aquarius https://t.co/6R6L36dVnM,LOW,ok
wnut17_01698,#YouKnowHow when you see little kids and u feel like u have to watch them cuz their parents aren't? Lol,MEDIUM,ok
wnut17_01699,# F 4 F # MGWV # FollowTrick # TeamFollowBack # AnotherFollowTrain,LOW,ok
wnut17_01700,"Soulja Boy | TheDeAndreWay . com - The DeAndre Way in stores Nov 2 , 2010 http://t.co/8XvVWHz via @SouljaBoy",LOW,ok
wnut17_01701,RT @ TheCWSupergirl : Roulette returns . . . # Supergirl https://t.co/9tQ6nuttJK,LOW,ok
wnut17_01702,RT @ fordm : Kellyanne Conway ' s husband . https://t.co/ZbjG3oaibk,LOW,ok
wnut17_01703,hi my name is Ruben to like from Ruben from Minecraft story mode,LOW,ok
wnut17_01704,Loved this vlog ! Please do more decluterring vlogs xx,LOW,ok
wnut17_01705,@lennaraye i know its awful . i hate the feeling of being passed even when im going a little bit over speed limit,LOW,ok
wnut17_01706,OMFresh man he has a body yes i finally saw it today lolz during gym he was lifting up his shirt ;) #TeamWonder,LOW,ok
wnut17_01707,RT @MsSingandPlay : @bruindude92 Aww : 0 ( When do you guys start filming for season 5 ? ( because there just HAS to be an S5 or I'll cry ),LOW,ok
wnut17_01708,"@mamasoxfanVI26 It has been 3 years and never an answer . It just drove me nuts , but i'm not mad . Just thinkin not again ya know .",LOW,ok
wnut17_01709,"'FREEGAME FRIDAY !!! text in the word "" FREEGAME "" to 59925 for a FREE 1hr timeplay gamecard !'",LOW,ok
wnut17_01710,This is just a info about Deadpool . Most of this shit you can find on a wiki .,LOW,ok
wnut17_01711,New boyz have come a long way in the game and still going strong ! #muchlove,LOW,ok
wnut17_01712,Na child ' ll stick to 13 reasons why,LOW,ok
wnut17_01713,@Desrea_JazzMane L O L aww i will give you some next friday to ( : x,LOW,ok
wnut17_01714,[ Live in Dalhousie ] ( https://www.reddit.com/r/Calgary/comments/5lg5bb/snow_angels/ ) ?,LOW,ok
wnut17_01715,Damn . I do NOT know how to work this phone today . I'm pushing all kinds of buttons that shouldn't be pushed . #storyofmylife,LOW,ok
wnut17_01716,@TheRealDavidgs How kind I greatly enhanced my confidence for success after attending this seminar . http://lz.ly/2bIR Fair,LOW,ok
wnut17_01717,Q : If you could spend an entire day with one ... A : Metallica .: http://chatter.com/ask-me-anything/kt2yo,LOW,ok
wnut17_01718,I do n ' t see how Kennedy is not the number one paid country singer he is amazing,LOW,ok
wnut17_01719,I didn't know if you rub your eye for a long time you can get cock eyed,LOW,ok
wnut17_01720,RT @ MasoodRaw : Can you ask them when ramadan is https://t.co/nIi6LOGkPs,LOW,ok
wnut17_01721,its saturday ;) i think so : L &lt; 3 &lt; for the competition xxxx (@PaigeLouiseRyan live on http://twitcam.com/2237v ),HIGH,ok
wnut17_01722,i see some ppl celebrating their birthdays like 2-3 times a year ... WTF ?!,LOW,ok
wnut17_01723,@TRARONEdwards tuesday is perfecy,LOW,ok
wnut17_01724,@MiSS_SOTO I think that 's when I 'm gonna be there,LOW,ok
wnut17_01725,omg simone is coming over then 2morrow we foin 2 da fall festival cant wait 4 GAC 2night ! an Justin Bieber concert in Dec .!!!!!!! &lt; 3,LOW,ok
wnut17_01726,Costa Rican group CocoFunka power this week 's Indiesent Exposure http://ht.ly/2G4nS by @fuseboxradio on @planetill,LOW,ok
wnut17_01727,think hoopa spawns on the 3 rd room,LOW,ok
wnut17_01728,"Does the "" mole "" like device access Isabella ' s facial expressions in Her ( 2013 ) ?",LOW,ok
wnut17_01729,# mature group sex clips fucking black babe https://t.co/WS4mEwtgnw,HIGH,ok
wnut17_01730,"So , Hela wants them not to have a dark lord , but to have a queen , not dark but beautiful and terrible as the dawn . . . Treacherous as the sea . . . Stronger than the foundations of the earth . . .",LOW,ok
wnut17_01731,Willie Nelson will always be a true legend and still making good music at 84 years old,LOW,ok
wnut17_01732,Hit word count ! Woo-hoo ! *throwing confetti* Now I can goof off tonight and read . *happy writer dance* #amwriting #havewritten-yay !,LOW,ok
wnut17_01733,"RT @ broodingbrahmin : As a veteran , this fills me with rage . Contemptuous disregard for those who fought and died honorably serving this …",UNKNOWN,fallback_unknown
wnut17_01734,Was on the DSP and found his / her way back to a normal life with his / her own income .,LOW,ok
wnut17_01735,But in any case I suppose you will not let it away for some days ?,LOW,ok
wnut17_01736,hey gweh u suck pussy like dog STFU,LOW,ok
wnut17_01737,@ToriVicotia aaahhh ! Me too !!!! Its so much better than when you play it yourself ! Haha !,LOW,ok
wnut17_01738,Borrow some hair from Papa Censor,LOW,ok
wnut17_01739,"; I can upgrade to a BlackBerry in November !! Yesss . &lt; 3 BB Bold , here I come !",LOW,ok
wnut17_01740,The fuckin kendrick reference,LOW,ok
wnut17_01741,"I need to draw FASTER . I 'm gonna scan two weeks worth of doodles to get going , lol .",LOW,ok
wnut17_01742,"@FeeninforPretty making something to eat , aint ate all day",LOW,ok
wnut17_01743,My uncle dipped a stray cat in gasoline and lit in on fire once for the 4 th of july . I miss my uncle r . i . p .,HIGH,ok
wnut17_01744,RT @itsPLG : Congrats to @bobburnquist for qualifying in 1st place today !!! Yeah son !!!,LOW,ok
wnut17_01745,Still on my @teganandsara kick ! It 's been a solid 2 weeks !,LOW,ok
wnut17_01746,Chilling wit my baby tonight !,LOW,ok
wnut17_01747,@Dc_Luvs_Swift randomly that just made me smile :D do n't ring the bell tweet me when ur here 'll let u in :D ... that def would be awesome :D,LOW,ok
wnut17_01748,@justinbieber I could sing with you what I`ll do o show in november in my city oh my dream and sing one time,LOW,ok
wnut17_01749,during ssh handshaking server introduce itself - does it improve security to change self presentation ?,HIGH,ok
wnut17_01750,No rate dah song total fuckry ishawna tink a hip hop dis song nah go mek u get no popularity in dancehall head sick bout man fe nyam lame any party me dah n dis play a instant exit,LOW,ok
wnut17_01751,"Nope , [ I have multiple sources .",LOW,ok
wnut17_01752,"I 've never found a happy way to preserve it but it 's usually affordable most of the year . We eat a lot 2 , grilled saute bake or fried",LOW,ok
wnut17_01753,"RT @BuffSabresGrl63 : RT @LindyRuffsTie : RT @FakeDarcy : No Derek , when guys get hurt , "" kissing the boo-boo "" will not make it better . #sab ...",LOW,ok
wnut17_01754,"Must say iPhone is more accurate . Wasnt brought up here though , Wrawby is where I spent 18 years of my life .",LOW,ok
wnut17_01755,@Littlesapling You said that last week Ash . I think you need a 12 step program .,LOW,ok
wnut17_01756,How to Write a Resume After Being Fired : Dealing with how to write a resume after being fired is something many of ... http://bit.ly/amRxFJ,LOW,ok
wnut17_01757,RT @NickSilly : Fun ! RT @JackFMDFW : Put on your Boogie Shoes and Get Down Tonight with KC and The Sunshine Band . #Dallas #concerts http :/ ...,LOW,ok
wnut17_01758,@zombie_killer94 aaahh sorry i posted the link wrong :( basically their record company confirmed the title &lt; it comes out nov 23 XD,LOW,ok
wnut17_01759,"Happy birfday to the only p-i-m-p I know ... @amcdavid ! We 're getting "" white boy wasted "" tonight !",MEDIUM,ok
wnut17_01760,Lmao .. They #Hurrt ! RT @_sofucKENNrude y every nigga tryna grow they hair out . should of did that a long time ago . -_- skimp ass braids .,LOW,ok
wnut17_01761,"Half baked , next how high , grandma boys , puff puff pass , and 4 hours of friday . &lt; DEAD GREEN HARTS &gt;",LOW,ok
wnut17_01762,@mcflysandra haha yes :) have to go speak tomorrow :) good night xxx,LOW,ok
wnut17_01763,@MikePortnoy I got slapped in the face the other day by a few DT fans because I said you were awesome for joining A7X . So worth it . foREVer !,LOW,ok
wnut17_01764,"They also used ' magic ' to accomplish their works . Minas Tirith ( The First Age one ) had a spell bounding stone to stone , and it collapsed after Lúthien had broken it .",LOW,ok
wnut17_01765,Good golly . Who left the candy in the lunchroom . May set a world record for the most Sour Patch kids eaten by an individual !,LOW,ok
wnut17_01766,Do n't miss our Half Way to St . Patty 's Day Party Tonight ! We 're having crazy drink Specials too .. tex 980-333-3923 to get on the guest list !,LOW,ok
wnut17_01767,"RT @rockerfuckerak : What 's done is done , Just leave it alone , and do n't regret . Sometimes somethings turn in-to dumb things . And that 's when ...",LOW,ok
wnut17_01768,"Reduced Sodium labels may only have 25% less sodium than the original .. go for "" Low Sodium "" labels which have no more than 140 mg per serving",LOW,ok
wnut17_01769,"Power nap . I need it . Its been a stressful week . I 'm excited for xmas , haha . Goodnight . :)",LOW,ok
wnut17_01770,Am Jake you never said goodbye on the ougie bord,LOW,ok
wnut17_01771,"HA ! RT @ew32766 I love it when my mom posts status updates on FB , they are usually personal messages she meant 2write on someone 's wall . ;)",MEDIUM,ok
wnut17_01772,Awesome tennis practice today~ So happy to play again :),LOW,ok
wnut17_01773,Knowing that I have people who love me and I love them back makes my day,LOW,ok
wnut17_01774,fckn emily rodriguez did n't bring my cookies today !! lil brat .,LOW,ok
wnut17_01775,"@hdscc Yo Man , just won $1000 tonight . 100% Bonus , Bonus Code : win2bet ! Fantastic Place to Play http://bit.ly/aoDEls?=njq4",LOW,ok
wnut17_01776,RT @mrdaveyd : PG&lt;E donated 35G to state committe chairman investigating them 1day after explosion in #sanBrunofire -Who is still defendi ...,UNKNOWN,fallback_unknown
wnut17_01777,"@GiaAllemand soon , as long as @chrislambton13 peels himself away from the duckies , and get on his way . but we want more pics dont we ?",LOW,ok
wnut17_01778,Have a practice session @Cromwell Field today at 6pm . Hope i shine well and start the next game . :),LOW,ok
wnut17_01779,Now Playing : Wildfire by @ LFDHcom Listen at https://t.co/3OZcf8iDZJ https://t.co/tkkXMAhzsn,LOW,ok
wnut17_01780,It 's 5pm on Friday ! Wish you guys have a fabulous evening !!! And have a wonderful weekend &lt; 3 &lt; 3 http://fb.me/xLeN7MAe,LOW,ok
wnut17_01781,"It 's official . Next book club selection is "" Not a Genuine Black Man "" by @BrianCopie I saw the show a few years ago and it was fantastic .",LOW,ok
wnut17_01782,I 'm tired after school today !,LOW,ok
wnut17_01783,@FirstLadyEve have a dating show with @ogochocinco evry week 'll compete with sum hawt dude 2 keep ur intrest like @willdemps my$ on will,LOW,ok
wnut17_01784,RT @ajc : Today 's the 102nd birthday of the American Professional Football Association ( we call it the NFL) . First draft choice : Brett Favre .,LOW,ok
wnut17_01785,"So far this day xxx ; t gone to well , hopefully my night will be better !",LOW,ok
wnut17_01786,@SoccerByIves Let 's hope the Serie A continues to be on the tv schedule next week . This strike has fans of Calcio worried ....,LOW,ok
wnut17_01787,College Student - Trusty House and Pet Sitter ( Barefoot Student) : I 'm a 22 year old first year graduate student at ... http://bit.ly/cDYeqQ,MEDIUM,ok
wnut17_01788,"Love how I ca n't wear my shorts to the party tonight , so I have to wear sweat pants over them and change when I get there . SmackMyHead .",LOW,ok
wnut17_01789,Legal Assistant Location : Los Angeles https://t.co/kRAqm0LiK7,LOW,ok
wnut17_01790,RT @HippoArmy : Thousands of angry masturbators marched against Christine O'Donnell today http://bit.ly/9nTWQw Seriously .,LOW,ok
wnut17_01791,Building a Strategic Relationship With Others is Hard Work https://t.co/Pk7npkZ5jo,LOW,ok
wnut17_01792,@godsgirl8494 can u please follow me ? you will make my day &lt; 3 8,LOW,ok
wnut17_01793,@joejonas @nickjonas @kevinjonas @papajonas @greggarbo @johnlloydtaylor Rock to SECTION 204 tonight !!!!,LOW,ok
wnut17_01794,"RT @ paleofuture : Seriously , why is Ivanka in these meetings with world leaders ? Has she been given a title yet because this is just …",LOW,ok
wnut17_01795,man my twin wanna act fake today but its okay bcuz i still love you,LOW,ok
wnut17_01796,Tryna Get Into Something Tonight,LOW,ok
wnut17_01797,"Bestfriend HouseTonight Til Sunday Route 66 Tomarrow Wit The Cuhzans , Bestfriend&lt;Ride Or Die . Fuxx Widd IHT MODEL'$$ Repp :)",LOW,ok
wnut17_01798,Good day looking for software n usb drivers http://f.ast.ly/DfxRf,LOW,ok
wnut17_01799,VIDEO : Showbiz Tonight - Is TV Too Gay ?: http://bit.ly/aAZMD6,LOW,ok
wnut17_01800,I swear I thought that was a throwback of Bindi Irwin !,LOW,ok
wnut17_01801,I do n ' t know what is the area element i must use in spherical or cylindrical ones .,LOW,ok
wnut17_01802,"@Syniq yeah , after a long week , I think we need an early night , so are heading to bed shortly . We'll pop over tomorrow afternoon tho '",LOW,ok
wnut17_01803,twenty-four days for Costa do Sauipe *-*,LOW,ok
wnut17_01804,RT @ PornHardd : @ 69 sexxxo @ Teddys _ takeover @ irinagomez 60 @ Chicas _ Web @ VirtuAss @ sexotx @ tias _ twiter @ PornHardd @ ophelia 231013 …,LOW,ok
wnut17_01805,"Spotted : Kanye West Celebrates LAMB With Gwen Stefani : New York Fashion Week is coming to a close , but not before ... http://bit.ly/cSyZUi",LOW,ok
wnut17_01806,RT @ cIits : Being sexually frustrated is the worst,MEDIUM,ok
wnut17_01807,Happy B-Day Jimmie Johnson FLYING LIZARD,LOW,ok
wnut17_01808,Here ’ s $ 100 in FREE Postmates delivery credit ( good for 7 days ) . Sign up with my code EJ 3 A or this link https://t.co/On1vy7vwzP,LOW,ok
wnut17_01809,@SinfulSalvatore { drinks slowly from my cup observing your actions before clearing my throat } is -this- your plans for today ?,LOW,ok
wnut17_01810,I'm so excited about going out tonight no work yea .... Badd Badd Badd Badd girls . Let 's gooooooooooo,LOW,ok
wnut17_01811,"MD Jobs | Executive Pharmacist-Full Time Float-Ellicott City , MD Job ( MD ) http://bit.ly/daNH6v #Job #Hiring #MDJobs",LOW,ok
wnut17_01812,"@ TripleUrusai + mind . Just don ' t tell him , ok ? "" A playful laugh left his mouth as he held a finger to it .",LOW,ok
wnut17_01813,Let 's go to New York tomorrow with Blakehurst . Contact us about your fall/winter trave @ 410-336-3234,MEDIUM,ok
wnut17_01814,"@alyaffair Lol , that 's not going to solve your problems . When you sober up again , they're going to back .",LOW,ok
wnut17_01815,"starting to be temped to get an android device , but prob next gen after desire/desirehd/galaxy s . critical mass/commercial",LOW,ok
wnut17_01816,My teacher turned on the radio in class and all i heard was @justinbieber U smile I smile that made my day :D,LOW,ok
wnut17_01817,"But , I guess we look at this emphasizing very different principles . I appreciate the time you put into answering my comments . Looks like the moderators think the exchange is too long , so may be we can return to this in the context of some thread .",LOW,ok
wnut17_01818,RT @ArianaGrande : Follow Friday @lushcosmetics ... Just got some yummyyyyy bubble bath goodies there . :) xxxxxx #FF,LOW,ok
wnut17_01819,RT @ marIboros : short girls were born with attitudes lol,LOW,ok
wnut17_01820,What encryption type does Windows Hello use for fingerprint information on Windows 10 latest build ?,LOW,ok
wnut17_01821,"Over 1 , 5 week sta ik in de keuken bij Delphi ... ik word toch ooit nog kok !",LOW,ok
wnut17_01822,@niamh_schnapps fuckin yeaaaaaa march 1st omgomg best news !!!!,LOW,ok
wnut17_01823,"#October Iron Man 2 ( Three-Disc Blu-ray/DVD Combo + Digital Copy ) Starring : Robert Downey Jr ., Mickey Rourke Direc ... http://bit.ly/a6iCPn",LOW,ok
wnut17_01824,@jesus_army :-( Mikes been at A&amp;E all day and is now comfortable in a hospital bed :-( Hope you are both better soon .,MEDIUM,ok
wnut17_01825,"RT @DeepakChopra : Split me , make me nothing . Fling me across the fabric of space and time . From nothing once again , make me everything -Rumi",LOW,ok
wnut17_01826,@ Carpetsmoker : That ' s specifically against Eastern Europeans working in Western Europe .,HIGH,ok
wnut17_01827,It ' s actually copypasta from a post I did a couple April fools ago when r / soccer was all troll posts .,LOW,ok
wnut17_01828,Morning ....! I really never enjoy to sleep ... hhmmm .. Have a nice saturday all ..! Hehehehehe,LOW,ok
wnut17_01829,"I don't mean to sound old , but today 's music is wack .",LOW,ok
wnut17_01830,"Lmaao ! RT @TheHomieJoseph I hate when people try to have a convo &amp; ask "" what 's your name "" lol com'on now its right there",UNKNOWN,fallback_unknown
wnut17_01831,"Do something STAR WARS for May 4 . Oh , and Pat . May the forth be with you !",LOW,ok
wnut17_01832,"MOTOGP : Round 13 , Motoland of Aragon , Spain , day one . Marlboro Ducati 's Casey Stoner wasted no time in taking ... http://fb.me/HSTaAyrb",LOW,ok
wnut17_01833,@hunleyd What is taking them sooo long ?,LOW,ok
wnut17_01834,If you do n ' t have a specific question then why ' re you posting here ? What do you expect the community to help you with ?,LOW,ok
wnut17_01835,"RT @momswithapps : A family-friendly app , FREE every Friday : http://bit.ly/97opLN ( this week 's app by @snowglobemaker ) #appfriday",LOW,ok
wnut17_01836,I've been waiting for band camp for a year but I'm not going . How ironic .,LOW,ok
wnut17_01837,Role of a Real Estate Lawyer in FSBO | eHowcom : Role of a Real Estate Lawyer in FSBO . When you purchase property i ... http://bit.ly/cGsTy1,LOW,ok
wnut17_01838,"Consider the world 's top-ranked golfer , Tiger Woods . If a guy who can rake in a billion dollars in a year can also ... http://bit.ly/94sBNr",LOW,ok
wnut17_01839,"when a woman says , "" we need some time , we need a break "" that #reallymeans "" i am about to leave you , do something for me """,LOW,ok
wnut17_01840,@JoshenReborn let me know if or when you are coming . #FullHouse,LOW,ok
wnut17_01841,#cricket Lancashire let Powell go early : Lancashire have released West Indies fast bowler Daren Powell a year befo ... http://bit.ly/aLxTis,LOW,ok
wnut17_01842,#reallymeans to love- can't get her outta my head wann spend every day with herz !,LOW,ok
wnut17_01843,time to get some sleep . been out from 4pm till now .,LOW,ok
wnut17_01844,Omfg I'm bailing out of the car right now my mom slapped me when I changed the radio off this Justin Bieber you smile I smile fucking song,LOW,ok
wnut17_01845,It ' s best to consider * Voyager * as a whole as non-canon .,LOW,ok
wnut17_01846,@yungtybrownski just weak lol . You gone go Hamm next Thursday on team darkness,LOW,ok
wnut17_01847,@JustinxTyler i'm excited !! see you tonight !,LOW,ok
wnut17_01848,@Komanapalli people believe what you say when you demonstrate reliability as a source of knowledge .,LOW,ok
wnut17_01849,@ItsMariaSmith @PaddiStone hahah ohkayy when ?,LOW,ok
wnut17_01850,Saw some people from my past over at the school today . They all remembered me . :),LOW,ok
wnut17_01851,RT @kktv11news : Woman Gets Year In Prison in Dog 's Dragging Death http://goo.gl/fb/WcjLV,LOW,ok
wnut17_01852,"Me : W- i-c-k-e-d ! Mom : Good , sweetie ! You are great at spelling .",LOW,ok
wnut17_01853,When white people do it it ' s cultural appropriation but when black people do it it ' s trend setters ? ? ? ? Aight,LOW,ok
wnut17_01854,"Prophet Muhammad [ peace &amp; blessings of Allah be upon him ] said :"" Take advantage of five matters before five other ... http://fb.me/A25CPleD",LOW,ok
wnut17_01855,Were the Borg Always intended to be a Delta Quadrant power ?,LOW,ok
wnut17_01856,"RT @ itslifethought : Before you pray , believe . Before you speak , listen . Before you spend , earn . Before you quit , try . Before you die , live .",LOW,ok
wnut17_01857,"A massive happy birthday to one of the loveliest of people @ EmmaWillis ! I hope you have the best day , you deserve i … https://t.co/3F2yHSidpy",LOW,ok
wnut17_01858,"I think # 5 is inspired by "" Who ' s on first ? """,LOW,ok
wnut17_01859,If Partner left me and BB I would not hunt him down . I'd take his calls but it would be his job to make sure he spent time with BB .,LOW,ok
wnut17_01860,Javier . . So the net force remains but now involves my hands as well . That makes sense ! oo,LOW,ok
wnut17_01861,You are not alone . https://t.co/gaNO3vU4Im # foodrelatedissueseatingdisorders # generalrecovery,LOW,ok
wnut17_01862,What should you do when you're sued . Here are a few tips . http://www.calitigationblog.com/2010/09/articles/what-to-do-when-you-are-sued/,LOW,ok
wnut17_01863,Got my phone taken up today . Guess why . @justinbieber . That 's why .,LOW,ok
wnut17_01864,My eyes are supeeer dark today .. john says its cuz im overtired .. :/,LOW,ok
wnut17_01865,I ' m Jaime Rivera and you ' re watching Disnney Channel,LOW,ok
wnut17_01866,"Lindsay Lohan allegedly failed her drug test . So not fetch . Quick , let 's all put on our shocked faces that 23 days of rehab didn't work !",MEDIUM,ok
wnut17_01867,Am i the only one who thought this reveal was lit ?,LOW,ok
wnut17_01868,I ' m uncomfortable with this kind of question . It ' s asking for direct help in cracking someone ' s wifi network .,LOW,ok
wnut17_01869,Logging off for today . About to go enjoy my #wkndread Sandman Slim by Richard Kadrey . Love #wkndreads :),LOW,ok
wnut17_01870,He looks like raggedydan,LOW,ok
wnut17_01871,Fake as fuck man this acting is fucking shit,LOW,ok
wnut17_01872,RT @OMGTotallyLegit : Having a dream about someone then feeling weird about them the next day . #OMGTotallyLegit,LOW,ok
wnut17_01873,"@ALiNA_BlahxD nein , das ist die von meinem bruder . aber bei ihm staubt die nur ein :D jetzt kann ich schon one time von justin bieber und",LOW,ok
wnut17_01874,@GOBLUE_FUCKosu it was our 10th grade year . smh,LOW,ok
wnut17_01875,WHERE THE HELL IS HE ? ? ?,LOW,ok
wnut17_01876,Got some close friends from back home over tonight . Might get a little carried away woot,LOW,ok
wnut17_01877,There is like no mayo on this sandwich ! Ugh .... next time Im going with my dad,LOW,ok
wnut17_01878,i love a good Epic Mickey joke . lovin ' it .,LOW,ok
wnut17_01879,@EssieLovesYou yesterday i had a kings of leon marathon . i slept happy ll !,LOW,ok
wnut17_01880,Public encouraged to attend Saturday 's memorial for jazz great Caliman at First Baptist on Harvard http://bit.ly/bsnOkT Musical celebration,LOW,ok
wnut17_01881,JFT 96 NEVER buy the scum,LOW,ok
wnut17_01882,# Colbert 4 President,LOW,ok
wnut17_01883,RT @EckoMMA : CRAZY #FF DEAL !!! We'll give away 50 free tees to followers if we hit 10K followers today . You must be following &amp; must RT !,LOW,ok
wnut17_01884,RT @Rammsies : haha thats awesome RT : @aplusk This made me laugh today http://bit.ly/bjOhom &lt; --- courtesy of splurb . What made you laugh ?,HIGH,ok
wnut17_01885,"Why do you think surface charge density should not change ? "" By my knowledge "" is not a reason .",LOW,ok
wnut17_01886,"Wind 0 , 0 km / h E . Barometer 1000 , 2 hPa , Falling slowly . Temperature 12 , 4 ° C . Rain today 0 , 0 mm . Humidity 71 %",LOW,ok
wnut17_01887,Lena Dunham directed this right ! ? freaking sweet ! did n ' t she rape her sister ? cool . enjoy your pedo pop,UNKNOWN,fallback_unknown
wnut17_01888,"I'm feelin better than some head on a Sunday afternoon , better than a chick that said yes too soon .",LOW,ok
wnut17_01889,Hello . Great video ! We ' d love to use it on our social channels with a full credit to you of course . Would that be okay ?,LOW,ok
wnut17_01890,Click 4 Details &gt; &gt; &gt; http://schmap.it/u046mn SEDUCTION SATURDAYS @ CALABASH LOUNGE SEP 25TH #DABOSS #CALABASH #WJE,LOW,ok
wnut17_01891,Are the Legality of Votes Cast by Non- Citizens Checked After They Have Been Cast ?,LOW,ok
wnut17_01892,"New show announced in Orillia , ON at Leacock Museum on October 24 , 2010 http://artistdata.com/a/26up",LOW,ok
wnut17_01893,T . I . Quit inciting violence you ai n ' t helping the situation . . . or are you using these shootings for something to rap about ? that ' s janky Bro . SmH,HIGH,ok
wnut17_01894,"Oh sneaks , how I love turning on my computer ( or well my dad 's as case may be ) and finding me some sneaks . Can't wait for Thursday !!",LOW,ok
wnut17_01895,I wish I had even just a vestige of the life you live . Not easy to chase your dreams ; giving up on mine . Congrats man . That ' s freakin awesome .,LOW,ok
wnut17_01896,@thelazymarmot ohh really ? but well you saw most of the concert right ? have you seen them before ??,LOW,ok
wnut17_01897,RT @ BeautyOfAnAries : ARIES . . . . . . . . our season starts in 4 days 😈,LOW,ok
wnut17_01898,"@shaikhamah oh yeah 30th . Sorry I am lost in time , my apologies m( . _ . )m",LOW,ok
wnut17_01899,[ Source ] ( https://www.reddit.com/r/southafrica/comments/5sdwm2/breaking_joost_van_der_westhuizen_dies/ ) at / r / southafrica,UNKNOWN,fallback_unknown
wnut17_01900,# howtohustle.net Prodigy Will Be Released In February http://bit.ly/c3yxYy,LOW,ok
wnut17_01901,6 - close tonight . Its gonna be a longg evening !,LOW,ok
wnut17_01902,Latest Fsbo Auctions | No Qualifying Loan : US $ 32.00 . End Date : Tuesday Oct-12-2010 20:30 : 22 PDT Buy It Now for on ... http://bit.ly/9IV2ex,LOW,ok
wnut17_01903,"The form "" Q "" takes is cosmetic as implied by the episode , [ Déjà Q ] ( https://en.wikipedia.org/wiki/D%C3%A9j%C3%A0_Q ) in which another "" Q "" appears and remarks at the bipedal nature of their circumstance .",LOW,ok
wnut17_01904,SATURDAY NIGHT CAST PARTY INVITATION http://conta.cc/csqjCc via #constantcontact,LOW,ok
wnut17_01905,"Stop by teh Nex-Tech and Nex-Tech Wireless tent at TailGreat tomorrow evening for Free ice cream , bottles of water and an FHSU foam finger .",LOW,ok
wnut17_01906,tomorow on day off !! youppppiiieeee,LOW,ok
wnut17_01907,&lt; 3 @CamrynRocks always brightens up my day . you should follow her and listen to her wonderful music . &lt; 3,LOW,ok
wnut17_01908,Excited to spend time with my best friend and relax this weekend ! Been a crazy intense but GOOD week !,LOW,ok
wnut17_01909,ok bed time . I think i'ma curl up and watch Sabrina !!! Thanks @louisha !!! x,LOW,ok
wnut17_01910,"Today was a good day , enjoyed myself :)",LOW,ok
wnut17_01911,@jimmiebjr Nope . I think you believe she 's a time bomb and should be sacrificed if necessary .,LOW,ok
wnut17_01912,@ rcava only if his $ 13 MM is holding up FO from spending on bullpen .,MEDIUM,ok
wnut17_01913,CampaignMonitor denied list of &lt; 600 names : client can't prove names not harvested fr Twitter/FB . Email'd to this same list when it was &lt; 500,UNKNOWN,fallback_unknown
wnut17_01914,Oh and who 's fixin ' to go to MAiZE tomorrow night with some people and I ?,LOW,ok
wnut17_01915,What are the state-of-the art techniques for crowd size estimations ?,LOW,ok
wnut17_01916,"@jonronson Ask yourself what the Mail on Sunday would do , and do the opposite .",LOW,ok
wnut17_01917,RT @ savmontano : https://t.co/fDc1nJ7WQ6,LOW,ok
wnut17_01918,can a nation encompassing a diaspora with no geographical delineation also be or have its own state,HIGH,ok
wnut17_01919,weekend saturday - c daij sunday church saturday evening - get sht faced sunday evenin home work wat a life monday school hbu ?,LOW,ok
wnut17_01920,When you're dreaming with a broken heart Then waking up is the hardest part,LOW,ok
wnut17_01921,"OMG ! Miley Cyrus Has A 14-Year-Old Stalker !: First Paris Hilton , now Miley Cyrus ! Cops responded to a break in cal ... http://bit.ly/cd6OPC",MEDIUM,ok
wnut17_01922,My boobs look HUGE today ! =D,LOW,ok
wnut17_01923,RT @mari_dj : e nem joguei direito . no outro time estava o monstro do vitor D : ushuahsahs,LOW,ok
wnut17_01924,RT @BomadeBeverage #TEAMBOMADE everywhere ! today from 7-10pm Golf Mixer at Trophy Club Gwinnett 3254 Clu ... http://schmap.it/YoLAXI?a &lt; -- MAP,LOW,ok
wnut17_01925,Next week is Spirit Week at school ... Homecoming Week ... And Picture day on Tueday =\,LOW,ok
wnut17_01926,RT @josielovesmcr : Danger Days : True Lives of The Fabulous Killjoys #mychemicalromance,LOW,ok
wnut17_01927,"Yesterday my son forgot his jacket at school . Today he remembered to bring home the jacket , but forgot his lunchbox .",LOW,ok
wnut17_01928,"Please , I wanna apologize in advance for my boundless verbosity tonight . I'm UI(as in DUI ) feel me ?",LOW,ok
wnut17_01929,This Time 's fundraiser ends 9/20 . Incentives include raffles &amp; access to the video shoot ustream - http://www.cassidyhaley.com/thistime.php,LOW,ok
wnut17_01930,"@BadgerBlogger LOL ! Yes it would have . "" Let 's have one every dang day !""",LOW,ok
wnut17_01931,@jeffstinco where are you ??? =D hey when a new videochat on spcrew ??!!! ;),LOW,ok
wnut17_01932,I need a place to work out with free weights for the day . somebody hook that up . #SwollOn,LOW,ok
wnut17_01933,"someone may need to take away my mind , to stop me constantly drowning in my thoughts .",MEDIUM,ok
wnut17_01934,@ JennaJackson 16 kill you during birth I think it ' s a selfish act because that ' s a life even if you don ' t think it is,HIGH,ok
wnut17_01935,every time u smile =),LOW,ok
wnut17_01936,"It ' s Uber , but for chinese speaking folk only and its illegal .",MEDIUM,ok
wnut17_01937,i've had a wicked week,LOW,ok
wnut17_01938,Time to fire up the grill again . I do believe it will be chicken .,LOW,ok
wnut17_01939,"This is a good explanation , thanks .",LOW,ok
wnut17_01940,"RT @ GreaterThn : Me : "" its fine . "" Me : https://t.co/Bqy8z0Fuus",LOW,ok
wnut17_01941,"I've listened to Tenshi ni Fureta yo so many times that I'm starting to memorize the lyrics , and it 's only been out for 4 days ! o . O",LOW,ok
wnut17_01942,"@DaylySpecialz im doin good , just maxin &amp; relaxin on my day off ... i have a 4 day stetch startin tomorrow .",LOW,ok
wnut17_01943,@JazzLuvsJedward Yeah tomorrow 's grand ( : = yeah just email me cause I never go on msn ! I'll dm you &lt; 3,LOW,ok
wnut17_01944,RT @ elessar 42 : Psst . Trump saying that millions voted illegally is pretext to destroy voting rights . Don ' t treat it like some random quirk .,LOW,ok
wnut17_01945,Understood . I ' m looking more at knowledge management and consumption for people . C,LOW,ok
wnut17_01946,"@lovemj41042 yes agreed there are pro and cons in everything we do in life , and this is after all the greatest Human to have ever lived",LOW,ok
wnut17_01947,Why mini- DP instead of Thunderbolt 3 - . -,LOW,ok
wnut17_01948,"@Jacksonter Haha , i laugh every time at the memory of your facial expression transforming : L",LOW,ok
wnut17_01949,RT @eliseven : RT @yehudaberg : join me &amp; thousands of people around the world tomorrow in a synchronized prayer 4 peace . 4pm PST . http:// ...,LOW,ok
wnut17_01950,@frankenteen So excited ! But .... I just called into work Tuesday night...it 's horrible but at the same time really important to work .,LOW,ok
wnut17_01951,"Adam Beyer : Swedish Techno Pioneer : When it comes to his own DJing and sound , he 's slightly more diverse and likes ... http://bit.ly/c1E0I1",LOW,ok
wnut17_01952,"I just took "" ( All Parts ) + (* New Season 2 , All Parts*) You've been fri ..."" and got : PART 10 , A MILLION YEARS !! Try it : http://bit.ly/bRCD9M",LOW,ok
wnut17_01953,"Time to begin looking for somewhere to live around Coolum . Sun , sand , surf and bikinis . Looking forward to my new phase in life .",LOW,ok
wnut17_01954,RT @MyLifeAsLiz_Liz : When did being a nerd become cool &amp; why wasn't it when I was in high school ? I would've been the most popular chick ...,LOW,ok
wnut17_01955,@josiery Hope that I can make it on time . Wish that I'll be an ' S.S ' in the end of the year :),LOW,ok
wnut17_01956,"@ethernat You know me , if I can be kind and guilt you at the same time , well , my job is done :)",LOW,ok
wnut17_01957,Costco Irvine has fresh sushi samples today . Awesome .,LOW,ok
wnut17_01958,RT @ Mediaite : Minnesota Governor Announces He ’ s Been Diagnosed with Prostate Cancer https://t.co/cik5GuAd8d ( VIDEO ) https://t.co/ji4KSkv62m,MEDIUM,ok
wnut17_01959,"Wonder what the new Green Day album will called , Tre 's Penis ?",LOW,ok
wnut17_01960,""" Always play them before they can play you "" - Joy Huhn",LOW,ok
wnut17_01961,"RT @_RANGO_ : Hey y'all "" East Nu ,"" round Two tonight . See y'all early ! (shit !!!! I should've stayed lol",LOW,ok
wnut17_01962,@colintattum It 's already tomorrow in Australia so can you tell just me now ?!,LOW,ok
wnut17_01963,@YFarahat @n_atalla I stopped buying bottled water for like 2 years :) installed a water filter and it 's great . Water taste like water now :),LOW,ok
wnut17_01964,"@Tink3rbell94 going to GA , don't know why but when I thought about it ATL stood out in my mind . I have time to plan it properly though :)",LOW,ok
wnut17_01965,This is a perfect Mother ' s day gift just to have her children back . I ' m so happy for her !,LOW,ok
wnut17_01966,2 days till #BoardwalkEmpire,LOW,ok
wnut17_01967,Great video guys ! Love all of the toys you used in this one 😊,LOW,ok
wnut17_01968,"As soon as I saw your answer I jumped out of bed to look for this movie . I could n ' t possibly thank you enough , you have no idea of the service you have done me , I ' ve been looking for this movie ever since it came out , and you gave me the answer in less than 2 hours . Best of luck to you , glad to be a member of this community .",LOW,ok
wnut17_01969,@ahmong I'm thinking they trade him before the deadline and try to blow it up so they don't lose him for nothing .,LOW,ok
wnut17_01970,@glorybeful Well ... thats why they invented ... tomorrow ! :o D,LOW,ok
wnut17_01971,"omg , i'm sooooo ready for tonight ! &lt; 3",LOW,ok
wnut17_01972,A little update regarding this : I have not been called a single time by any kind of advertising .,LOW,ok
wnut17_01973,@TripleThreat99 lol where u headed tonight ?,LOW,ok
wnut17_01974,RT @SavingGorillas : Kwiruka left her group several times after death of infant-unknown causes-late July ; last seen alive Aug 24 .,LOW,ok
wnut17_01975,RT @DollarVanDemos : #BROOKLYN ! Stay up late tonight to catch the 1 hr special of Demos @ 3AM on BCAT feat @BlissyCakes @YaGirlNicolette ...,LOW,ok
wnut17_01976,Second-year CBs Jerraud Powers and Jacob Lacey don't remember much about Manning Bowl I . Both were college ... http://bit.ly/at71uZ,LOW,ok
wnut17_01977,ooh didn't know we was at home tomorrow . Silly billy,LOW,ok
wnut17_01978,Ok off to bed BUT WHEN I WAKE UP I BETTER HAVE WON A T-SHIRT,LOW,ok
wnut17_01979,"RT @ATeenageThought : i hate it when my parents want me to come home early from a party , but i wanna stay really late #ATeenageThought",LOW,ok
wnut17_01980,Yesterday 's shoot was unreal . Today is just as sick ! Is that even possible ?!,LOW,ok
wnut17_01981,"Nopes , full story was presented in parts , I think 3 parts .",LOW,ok
wnut17_01982,@ microgravitylab I saw an actual child wearing a Foxy shirt during my last overnight shift I startled my coworker with how hard I laughed,LOW,ok
wnut17_01983,"Totes just pissed off the Vista del Lago Eagles , well some of em by saying "" Go Lancers !!"" teehee . They're playing each other tonite ! lol",LOW,ok
wnut17_01984,"RT @Georg_Grey : Man :"" Is there any way for a long life ?"" Doctor : "" Get married ."" Man :"" Will it help ?"" Doctor :"" No , but the thought of long li ...",LOW,ok
wnut17_01985,"I am not a huge supporter of Corbyn , ive been rather critical of a lot of his moves recently but I like the idea of a lot of his policies .",LOW,ok
wnut17_01986,tfw a Legendary Skin is better then a Ultimate skin .,LOW,ok
wnut17_01987,"EP 8 : @ YungBang 954 "" I Jumped off the porch in the 8 th or 9 th grade "" https://t.co/nSEqjAl4O8",LOW,ok
wnut17_01988,This is just great ! Please do more Braiden Slouching,LOW,ok
wnut17_01989,"Hendrix died 40 years ago ... but his studio lives on . A look at NYC 's Electric Lady Studios , past and present : http://ow.ly/2G49m",LOW,ok
wnut17_01990,RT @Yarcom : It 's Guinness O'clock. &lt; -- it 's almost that time over here on the west coast too .,LOW,ok
wnut17_01991,RT @J_Dizzle18 : 11.04 . 10 is gonna be a good day//yes .. I turn 18 lol,LOW,ok
wnut17_01992,"RT @ briankoppelman : Yeah , man . @ jaketapper is handling this as well and professionally and even heroically as one can . Good on you , Jak …",LOW,ok
wnut17_01993,"@MajorBerry Praying with ya that he answers &amp; will be in Sweden , so you can meet him ! I met him 3 weeks ago &amp; still thinking about it lol .",LOW,ok
wnut17_01994,Directed by LSD . . .,LOW,ok
wnut17_01995,"RT @jerilthompson : WaPo : renewing Bush tax cuts would "" deprive "" Treasury of $4T . No . Treasury deprived of $4T when Obama spent it all . # ...",LOW,ok
wnut17_01996,@write_as_rain you need to listen to that green day song .,LOW,ok
wnut17_01997,"You are right , the notation is pretty awful , I just tried to follow that of the book though . Now I rewrite It , also because I think I can handle the first part .",LOW,ok
wnut17_01998,* * submission title * * : Lost RC plane .,LOW,ok
wnut17_01999,"Best of all ^ ^ ^ ( / s ) , they ' ve completely fucked over the [ Statutory Limitation Period ] ( https://www.reddit.com/r/australia/comments/5lwwd1/for_those_caught_up_in_the_centrelink_wave_as_of/dc0o3q7/ ) that limited them from chasing you up to within six years .",HIGH,ok
wnut17_02000,"@rishi_syd hey , I'm fine !! Thanx :) u too have a great day ;)",LOW,ok
wnut17_02001,Higgs boson and electroweak gauge boson transformations under CP,LOW,ok
wnut17_02002,Bernoulli ' s principle : Why an increase in the section area in a hose makes the pressure increase ?,LOW,ok
wnut17_02003,when are you coming back to korea ?,LOW,ok
wnut17_02004,Today I must make full use of the filter .. Please don't fail me today !,LOW,ok
wnut17_02005,imma get my homework done today :),LOW,ok
wnut17_02006,"On the Street … The Fortezza , Florence # photos https://t.co/8r0AHF8Mff",LOW,ok
wnut17_02007,Do You Have News to Share ? Get It Published . https://t.co/KXfFdDcPE6,LOW,ok
wnut17_02008,Perspective is everything . https://t.co/z3t0Po9knb,LOW,ok
wnut17_02009,"But is ryll mined on Kessel ? They mention that planet in ANH , and then never again .",LOW,ok
wnut17_02010,"@rach22uk_OM Aaaaah , us and Baveh Nate ... meant to BE !! He was nice that day , couldn't fucking get rid of him and his inappropriate touching",MEDIUM,ok
wnut17_02011,Who 's excited for #UNM homecoming ?! Check out the COP tailgate ... 65 years is definitely something to celebrate about . Oct . 2 @ 1 p . m .,LOW,ok
wnut17_02012,Please add iranian vidio,LOW,ok
wnut17_02013,"Ahaha , the look on @__nancy ' s face when someone asks ' What part of the States are you from ?' is PRICELESS .",MEDIUM,ok
wnut17_02014,@WildLives I do . I expect it . It 's a lovely part of the day listening to a background of playground noises .,LOW,ok
wnut17_02015,@singingislife15 Follow Friday :),LOW,ok
wnut17_02016,Animated TV series with King Arthur / Sword in Stone theme ; ' Excalibur ' replaced by AI robot scepter,LOW,ok
wnut17_02017,"I miss Rusty in this video , but Carl definitely grew on me in the 16 minutes and 35 seconds we spent with him .",LOW,ok
wnut17_02018,RT @ Drebae _ : If somebody ever try to use you tell your hood boyfriend to have they ass handled . Bet they cut that shit out https://t.co/NDW…,LOW,ok
wnut17_02019,"Where in the world is Gelato Gilberto ? Tonight the cart will be at Burning Bush Grille , 13206 W Highway 42 ,... http://fb.me/JIlT65a5",MEDIUM,ok
wnut17_02020,But Morales is a black spiderman,LOW,ok
wnut17_02021,"Temp 66 . 0 ° F Falling , Dew point 53 . 9 ° Pressure 30 . 101 in Rising slowly Wind N 0 mph Rain today 0 . 00 in https://t.co/gPtnr2dDtV # stlwx # mowx",LOW,ok
wnut17_02022,@onephotojourney Thanks for the follow friday bump ! :),LOW,ok
wnut17_02023,@EimearJedward auditioning on sunday :) xo,LOW,ok
wnut17_02024,I love Vader ' s entrance . It makes the entire video worth watching !,LOW,ok
wnut17_02025,""" compare where you are to where you wanna be and you'll get nowhere "". Thanks for the reminder , Sara B . Focusing on the good . Show tonight !",LOW,ok
wnut17_02026,"hai @ayuhastari sukses ya untuk ngehostnya today di inbox , sy gak bisa liat nih wajib ngantor .",UNKNOWN,fallback_unknown
wnut17_02027,@MoochieBad I don't have none ! What are urs ? I have 2 days with nothing to do !,LOW,ok
wnut17_02028,"@ FinBergin Exactly , you ' re not in the wrong here",LOW,ok
wnut17_02029,"I believe in that world I ' d say "" I ' m Negan , "" wander a while and then try to kill him . But definitely not after he caught a bullet with a bat , after that I ' d probably decide not to mess with him .",LOW,ok
wnut17_02030,I looked this up yesterday actually ; the average household income for Auckland in 2016 was $ 104 k .,LOW,ok
wnut17_02031,"I may have an extra ticket for the Jonas Bros this Sunday , if anyone wants it or wants me to take ur kiddo w/me :)",LOW,ok
wnut17_02032,RT @sandiegozoo : Fossil dig update : found the flippers ! Looks like a pretty complete 3 million-year-old whale fossil . YG,LOW,ok
wnut17_02033,The #gothic Daily is out - read this Twitter newspaper on http://bit.ly/aQOoSP ( 22 contributions today ),LOW,ok
wnut17_02034,Starstruck Promo Special : Unlimited email blast(s ) for $ 350 a month . DM Me or send a email to ineedpromo@starstruckpromo . com,LOW,ok
wnut17_02035,"@journalproject For example , when younger , she won trophy , but results were messed up &amp; some1 else really one . She refused to give it back .",MEDIUM,ok
wnut17_02036,@JennieGoingWest DO IT ! it 's better with dirty hair too . when my hair is too clean it 's nearly impossible to do nything w it !!!,LOW,ok
wnut17_02037,OCTOBER 2ND 1988 A STAR WAS BORN ...,LOW,ok
wnut17_02038,"In order to calculate anything , more input data is required ; such as : "" From where do you hit the ball and at what angle ? Do you want to take into account effects due to the spin of the ball ? Should friction be included ? "" Generally ( if you do n ' t put any restrictions on how you can hit it ) there is no reason that you could not make the ball return ( unless you ' d have to hit it so hard that the ball breaks ( which I doubt would be the case ) .",LOW,ok
wnut17_02039,"'I just took "" You and justin bieber love story ( long ) "" and got : you run away together ! Try it : http://tinyurl.com/2brsuxs'",LOW,ok
wnut17_02040,Just ask him about his [ trip to North Korea ] ( https://np.reddit.com/r/AMA/comments/5hywfx/i_have_just_got_back_from_a_trip_to_north_korea/ ),MEDIUM,ok
wnut17_02041,0 : 17 what ' s lena paul doing there ?,MEDIUM,ok
wnut17_02042,Game @ Widener tonight at 7:30,LOW,ok
wnut17_02043,"I love and hate today , I swear I just got a flashback to my sophomore year .",LOW,ok
wnut17_02044,Maikes hair . School . Webinar at the first job . Changed ... ti second job ... then time with the boy ! What a day .; ),LOW,ok
wnut17_02045,"I know they were aliens and are n ' t real , but we need the adipose pills from Doctor Who , they actually worked , and the adipose are really cute XD",LOW,ok
wnut17_02046,"Loey , do you not have any more personal paranormal experience stories ?",LOW,ok
wnut17_02047,A slow yes beats a fast no 7 days a week ... dont rush people when dey make'n choices u might get told no just cuz dey want u 2 shut up,LOW,ok
wnut17_02048,"Major Muslim organisations throw weight behind 6 Nov demo against racism , fascism and Islamophobia http://uaf.org.uk/1465",LOW,ok
wnut17_02049,"@sefronia we haven't had slugs in the house for a few days and found a toad by our front door this morning , you need pet toad .",LOW,ok
wnut17_02050,No body listen when female artist do positive song . where was the review when ishawna do a song two month ago a bun rapist .,UNKNOWN,fallback_unknown
wnut17_02051,Tomorrow is Saturday . Aka #dreadlock day . Bring on the twist n rip ... #TnR #reggae #rasta #marley #bobmarley,LOW,ok
wnut17_02052,A BLISSFUL MORNING TO ALL ! It 's a brand new day to start with . Hope you have a great day ahead ! Keep safe . Take care . God bless you !,LOW,ok
wnut17_02053,Simple Strategy to build # wealth and protect yourself from the evils of inflation https://t.co/BodTL8r1pU,LOW,ok
wnut17_02054,@luvtotalk2u you have cracked me up with your tweets today babe . Love it !! X,LOW,ok
wnut17_02055,Used a lot of Sellotape today :) printing on Monday ;D,LOW,ok
wnut17_02056,its a good day today !,LOW,ok
wnut17_02057,Old novel of a hunter on a man-eating island ; he has to escape from another hunter who would try to kill him,LOW,ok
wnut17_02058,right . Five Star Day came out in may this year . why haven't ANY trailers come out here in Scotland yet ? i've waited about a year for this !,LOW,ok
wnut17_02059,"@ScottBourne Oh hi , I swear I can scroll down past actual text on a page . I'll definitely pick that up this next week . Thanks . :)",LOW,ok
wnut17_02060,Is it safe to download internet files over TOR,UNKNOWN,fallback_unknown
wnut17_02061,@Jeaworld Happy Birthday JeA Unnie Have lots of birthday fun May your birthday wishes all come true luv ya &amp; take care,LOW,ok
wnut17_02062,@swavelbean13 :D How was your day ? :),LOW,ok
wnut17_02063,#fathers day Burl Fish : Fathers Day Trip : Fathers Day Trip . So the fishing has been super good this summer . I'... http://bit.ly/au121g #dad,LOW,ok
wnut17_02064,It ' s always Ewings or Fila nigga !,LOW,ok
wnut17_02065,Cowboy fans remember when Da Bears demolished you guys 44-0 in your own home in 1985 ?? same year we won the superbowl ! #BEARDOWN,LOW,ok
wnut17_02066,"When you judge another you don't define them , you define yourself . ~Wayne Dyer",LOW,ok
wnut17_02067,"forget homework , kick off your weekend the right way with The Weekend Grind from 8-10pm tonight !",LOW,ok
wnut17_02068,@XboxSupport after making any changes to an avatar whole system chugs along and when booting up a game it freeze the system up . 250g 360-s,LOW,ok
wnut17_02069,& gt ; Cavani has the highest conversion rate in Europe,LOW,ok
wnut17_02070,"'"" Two ravens in the old oak tree And one for you and one for me And bluebells in the late December I see ..."" http://tumblr.com/xx9iucxjw'",LOW,ok
wnut17_02071,Part 2 to my day is about to begin .... hair stylist flow ...,LOW,ok
wnut17_02072,"'RT @JustinsHairFlip : Justin was TOTALLY prancing around the room when he saw my username &amp; he was screaming "" OMG I HAVE A TWITTER FOR MA ...'",LOW,ok
wnut17_02073,"'Rickey Smiley had me laughing all day today . "" Um yes , Do you serve boiled rottweiler lips ?""'",LOW,ok
wnut17_02074,"@jacobvanhorn , if our children are dressed in UT gear tomorrow , you will be sleeping on the sofa .",LOW,ok
wnut17_02075,https : / / wn . nr / AbLFwz enter to win a free S 8 here : ),LOW,ok
wnut17_02076,"@DesiiDanii4 nou ze is al een week best wel erg ziek , echt heel zielig !:",MEDIUM,ok
wnut17_02077,RT @ AltYelloNatPark : https://t.co/To1QcXH8VD,LOW,ok
wnut17_02078,"RT @KenzieComersMum : &quot; He 's Just A Boy &quot; music video will be uploaded on to @mckenziecomer you tube channel today 5 pm AEST Sat 18th Sept , ...",LOW,ok
wnut17_02079,RT @botdfmusic : We will set up meet and greets for #theepictour before and after the shows . So everyone will get autographs and pictures ...,LOW,ok
wnut17_02080,RT @ KleinISD : The @ KleinISD Daily is out ! https://t.co/KLCfYmZNcC Stories via @ KISD _ Multling,LOW,ok
wnut17_02081,@ jellibun hmmm i ' ll prob do that next week i gotta secure my seat at all costs 👊,LOW,ok
wnut17_02082,. @ keselowski currently p 5 after his first run . | @ allianceparts @ FordPerformance,LOW,ok
wnut17_02083,"If someone transfers money from a bank account to a prepaid master card , can he trace the master card back",MEDIUM,ok
wnut17_02084,New Teeshirts ordered with all new designs ... I hope people will like ! October 9th 2010 ... Remington 's Annual Octoberfest !!,LOW,ok
wnut17_02085,[ The version found in the CoS game ] ( http://i.imgur.com/LhhRTyG.jpg ) ( which has been [ confirmed to be written by Jo ] ( http://web.archive.org/web/20100310145702/ http://www.jkrowling.com/textonly/en/faq_view.cfm?id=96 ) ) did n ' t mention the Order . The version packaged with [ the Hasbro chocolate frog cards ] ( https://i.imgur.com/FHvtOW0.jpg ) ( not confirmed to be from Jo ) did . This is correctly explained in [ the Lexicon ' s updated article ] ( https://www.hp-lexicon.org/2016/12/29/famous-wizard-cards/ ) .,LOW,ok
wnut17_02086,Just posted a photo @ Kembar Mas Utara - Buahbatu https://t.co/u7WQDGcSVW,LOW,ok
wnut17_02087,cant believe im going to have to get up at half 8 on sunday :( ahhhhh . should be a laugh though :),LOW,ok
wnut17_02088,@keshiaford how 's ur day going ?,LOW,ok
wnut17_02089,"ok , starting BIG crash diet this week , just getting an exercise bike now &amp; I will be at least 2 dress sizes smaller by New year !",MEDIUM,ok
wnut17_02090,#FF @Ashley_Akalei Love her . She`s a sweetie when she`s in a good mood . Lol .,LOW,ok
wnut17_02091,Bio Spot 6 Month Spot On Flea &amp; Tick Cats 5 lbs &amp; Over #E_BAY #forsale #supplies #pet #SFO http://3taps.com/w/ML2EQ4,LOW,ok
wnut17_02092,2 weeks until @Eurogamer_Expo . Am I excited ? YOU BET :D,LOW,ok
wnut17_02093,"Why do all Potterwatch contributors ' codenames start with "" R "" ?",LOW,ok
wnut17_02094,I need those AirPods lol,LOW,ok
wnut17_02095,On my way to my grandparents . And after a good nights sleep i head to the Tournament of Champions !!!!!!! Super excited,LOW,ok
wnut17_02096,But when you throw a slinky on earth it also experiences 0 G but just do n ' t stay in the air as long ( obviously ) . that was a waste of a 22 seconds .,LOW,ok
wnut17_02097,@StarryEyedJoeJ like after I download a PSD from @ CherryPSDs what do I do ?!,LOW,ok
wnut17_02098,i am a jake pouler its every day bro,LOW,ok
wnut17_02099,@BeNFranKCaptivE yea yea yea ... How was your day ?,LOW,ok
wnut17_02100,RT @ jzaffos : Hey federal scientists : @ highcountrynews is collecting reports of interference or intimidation . Confidential form : https://t.c…,LOW,ok
wnut17_02101,"'MUSIC CHOICE JUST HIT ME SO IF YOU ON DEMAND TONITE "" GOTTA BODY "" MUST LISTEN ( FREEKEY ZEKEY FT JIM JONES )'",LOW,ok
wnut17_02102,It ' s got the GIFs of the goals .,LOW,ok
wnut17_02103,I'm mad coach d want me to go to workouts at 9am tomorrow and I can't even play,LOW,ok
wnut17_02104,Curious George really is the GOAT,LOW,ok
wnut17_02105,@preciousweapons #filthyglaMOUR arrived at my school today http://twitpic.com/2pai07 LOOOK please 39,UNKNOWN,fallback_unknown
wnut17_02106,"Im ' performing tonight at 8 Bond Street in Soho . If your in the city , hit me up , and then swing through around 10ish !",LOW,ok
wnut17_02107,9 Resources For Crafting The Perfect Outreach Email by @ stephenjeske via @ quora https://t.co/c66x410IUr # emailmarketing # startup,LOW,ok
wnut17_02108,"When I said good night , I ended up watching movies on my laptop . Yep . No sleep again . Time to take a bath now ! It 's gonna be a looong day .",LOW,ok
wnut17_02109,Latest level : 0 . 287 m at 17 / 03 / 2017 22 : 45 : 00 ( GMT ) . Further information available at https://t.co/4yVobHQ8mL # riverlevels,LOW,ok
wnut17_02110,If only Childish Gambino was on the track and in the vid !,LOW,ok
wnut17_02111,Interpretation of Dynkin diagrams,LOW,ok
wnut17_02112,"@jess_robbo Haha I'm watching it too now and not for the first time , I love that programme :D",LOW,ok
wnut17_02113,HAPPY FRIDAY ! ~madi,LOW,ok
wnut17_02114,"There has been a lot of discussion about Uber in general , but I have n ' t seen much in the way of people talking about becoming a driver .",LOW,ok
wnut17_02115,I'm making Thai food tonight,LOW,ok
wnut17_02116,My #twitter age is 470 days 13 hours 18 minutes 9 seconds . Find out yours at http://twitter.seocoder.org/ #twittertime,LOW,ok
wnut17_02117,been reading shit about ppl have'n neon shit and black'n out after a night of #4lokos lol iown kno if I can trust it lol @JUICEBOXX513,LOW,ok
wnut17_02118,CCU exercise science program participates in national Walk at Work Day http://bit.ly/cJ0wpo,LOW,ok
wnut17_02119,"'Do it footsoldiers ! RT @Jones_Drew32 : And speaking of rule #2 tonite "" running wit mjd "" will be on live from 7- 9pm eastern sirius 211 . Xm 147'",LOW,ok
wnut17_02120,@wackeychan Awesome ! First episode goes up two weeks from Monday . Hope it meets your expectations .,LOW,ok
wnut17_02121,just whooped st . francis preps asssss . and i scored a goal :) and its friday . and i have no homeworkkk . SICK LIFEEEE,LOW,ok
wnut17_02122,"RT @ichloegebbie : in december drinking horchata , I'd look psychotic in a balaclava ( 8 )",LOW,ok
wnut17_02123,@daddiee_nini No ... I'll try not too . I've missed too many days already ...,LOW,ok
wnut17_02124,"/ r / politics yesterday : Trump has n ' t had a press conference in a long time , he ' s avoiding the media",LOW,ok
wnut17_02125,@AMILLI_SHEDIDDY it came just in time . And how you been . How 's work coming along ??,LOW,ok
wnut17_02126,#MuchLove to my baby it will be 3 months in a couple days,LOW,ok
wnut17_02127,RT @BorisKodjoe : Okaaay ! RT @NBC_Undercovers : Want a chance 2 meet Boris Kodjoe ? He'll be in NYC for a meet n greet next Wednesday ! http ...,LOW,ok
wnut17_02128,Its clear and 104&amp;#xB0 ; F - Humidity : 7&amp;#x25 ; 25 - Dew Pnt : 28&amp;#xB0 ; F - Wind : WNW at 9mph - Rain so far today : 0.00 - http://cvwx.com #wxob,LOW,ok
wnut17_02129,Nurture his interest on firetrucks . Cutie little one .,LOW,ok
wnut17_02130,Aww what a sweetheart .,LOW,ok
wnut17_02131,It makes me #aggy when I c #OneoFMYfollowErs retweet her crock of shyt disguised as a tweet lol,LOW,ok
wnut17_02132,@PersonalSelena can you follow me pretty please . that would make my day . Peace !,LOW,ok
wnut17_02133,I get high with love when I'm helping and being of service to you . Thank you for allowing .,LOW,ok
wnut17_02134,What is the significance of the torn off button scene in The Next Three Days ?,LOW,ok
wnut17_02135,"Social networking site Facebook officially has 500 million users , the company announced 21 July http://ow.ly/20ATc",LOW,ok
wnut17_02136,Step 2 : [ Google ] ( http://www.google.co.nz ),LOW,ok
wnut17_02137,Not feeling Trials tonight so I ' ll more likely stream some H 1 Z 1 and Late Night Battlefield 1 with the homies,LOW,ok
wnut17_02138,"Lohan Failed A Drug Test : Lindsay Lohan may be in trouble once again . The actress , who recently completed a stint ... http://bit.ly/9GEfEa",MEDIUM,ok
wnut17_02139,How is it that the same ppl who complain about crime and potholes r outraged @ the idea of paying an extra $2/month to improve those things ?,LOW,ok
wnut17_02140,@rachel_luttrell love it when people can find good in a bad situation . Thanks for being an inspiration to me again . :),LOW,ok
wnut17_02141,datjayycarterkidd asked : omg hey sir ?? omg what color are oyu eyes ?? hit up the ask box when you can !! http://tumblr.com/xn3iud2q8,UNKNOWN,fallback_unknown
wnut17_02142,kina sex anal https://t.co/iD26UoP7tl,UNKNOWN,fallback_unknown
wnut17_02143,RT @atlantamade1986Shorts or leggings tonight ??&quot; Leggings . It 's sumthin bout em I like on a woman ... cuz u can c da cameltoe that 's why .. lol,MEDIUM,ok
wnut17_02144,How to ensure wildcard certificate private key security ?,LOW,ok
wnut17_02145,RT @iRespectFemales R E T W E E T if you stare at the same text for a long time because you can't figure out how to reply to it,LOW,ok
wnut17_02146,meet the luckiest guy in america ... soooo jealous !: RT@vincewelch My 1st trip to Fenway tonight http://twitpic.com/2pdwoo,LOW,ok
wnut17_02147,@JuicylyJas iiqht im bout to look into sunday for ..,LOW,ok
wnut17_02148,Saw a turtle https://t.co/89GYXKQHX9,LOW,ok
wnut17_02149,"@drugmonkey First-time commenters automatically go to moderation , so I'll need to publish it by hand , but I'm watching for it .",LOW,ok
wnut17_02150,i didnt know people were so out of touch . before debates im just gonna start asking questions about where they got their info first,LOW,ok
wnut17_02151,Mom still defending the Trump sexist racist line . Worked wonders on November .,UNKNOWN,fallback_unknown
wnut17_02152,Road and airport closure isolate Srinagar as avalanche risk remains high,LOW,ok
wnut17_02153,So apperently there is a dance and game tonight ..... I wonder if kierra will go with me -hinthint- I hope she gets this to her phone e_e,MEDIUM,ok
wnut17_02154,I don't know what criteria does MTV use to give music awards these days .,LOW,ok
wnut17_02155,"'I just took "" After getting trampled at a Justin Bieber concert , yoiu wake up and find J ..."" and got : part 5 :) ! Try it : http://bit.ly/9Uqiu5'",LOW,ok
wnut17_02156,"@nes1983 as a personal experience , I can tell that it takes a day before you can form hypotheses . Many don't even get that far",HIGH,ok
wnut17_02157,created some great rum based sig cocktails for a tasting today : Figgy Soda w/ a fresh fig puree &amp; Rose Press w/ rose water &amp; edible flowers,LOW,ok
wnut17_02158,buddy do n ' t say xmen 3 as disaster I like original trilogy .,LOW,ok
wnut17_02159,@bduenas @HotCARLL @MxBIEson #Reach 4v4 ! Today BIackMaglc,LOW,ok
wnut17_02160,"'@krtgrphr it was "" Oo Harii "" once upon a time .. and the 666 depict moodu namalu ..'",LOW,ok
wnut17_02161,This kids will love making this erupting volcano https://t.co/AThemYUuUf https://t.co/g3PR3PC0Ea,LOW,ok
wnut17_02162,"- famous people looking at there followers going up in 100s and thousands , me looking at my couple a day ..",LOW,ok
wnut17_02163,"How Miami Dolphins defensive end spot stacks up , what that means for Dion Jordan https://t.co/41YBT4PnVC",LOW,ok
wnut17_02164,"#icandowithout you , when I say it I will do it .",LOW,ok
wnut17_02165,Top M&amp;A news of the week - #India #Infoline - #Mauritius - #World &gt; http://youreader.com/a.php?i=90133,LOW,ok
wnut17_02166,Work 330-1130 come home shower bed up early for buckboardday parade then sanchez family reunion then betos gbye party so much for a day off,LOW,ok
wnut17_02167,back from Verona :) Looking forward to come back in Paris next week . We plan a drink together friends ?,LOW,ok
wnut17_02168,OMG YES YES YES YES YES YES YES !,LOW,ok
wnut17_02169,I love this song . Now if only Del will make a return,LOW,ok
wnut17_02170,the day @justinbieber gets a girlfriend is the day world war 3 starts lol :) true story,LOW,ok
wnut17_02171,"Is mankind still doomed at the end of "" Oblivion "" ?",LOW,ok
wnut17_02172,Why is visa-free travel such a big deal in politics ?,LOW,ok
wnut17_02173,May have overdone it today ... My back hurts ... :-(,LOW,ok
wnut17_02174,RT @ MatsMats 94 : @ rolling _ 2 @ NatalieGBorden that is Bannon ' s goal . https://t.co/OomsNdQocf,LOW,ok
wnut17_02175,"'RT @JReyez : The "" Say Aah "" crew in Toronto ? November ? Hahaha'",LOW,ok
wnut17_02176,"Lily I love your videos , you are amazing ! !",LOW,ok
wnut17_02177,RT @Teacher_Spirit : know this today . no thing will ever come upon you and overtake you . the love of Jesus Christ will overtake it . He is ...,LOW,ok
wnut17_02178,3:12 am tweet just planned the day after reading loads of NEWS ... tommorrow is a big day wipro 's interview checking my pronunciation ..!,LOW,ok
wnut17_02179,"'RT @SFAC : Paint on a "" free wall "" with @chorboogie on Sunday thanks to @SFAC and @sfdpw . ( via @SFist ) http://bit.ly/bFGfwL'",LOW,ok
wnut17_02180,Hurry up ! Santy will be Leaving in 2 days ! - #Eskorte and #Massasje i #Norge,MEDIUM,ok
wnut17_02181,@nickjonas I just have to say that the photos that I've seen of you and Elvis on stage yesterday is just about the most adorable thing ever .,LOW,ok
wnut17_02182,"I am waiting for UOEM to finally wrapped before giving it a go again , I can't deal with it 's continous heartfail ..",LOW,ok
wnut17_02183,Today 's health service lecture was actually interesting to me x ),LOW,ok
wnut17_02184,# Fake news trend gathering momentum- a little common sense is all you need to spot # fake # news https://t.co/xIomaTeVGX,LOW,ok
wnut17_02185,Have a feeling my phone bill will be high this month,LOW,ok
wnut17_02186,"haha i luv weekends when i actually have plans , lol !",LOW,ok
wnut17_02187,"People Say I Sound Crazy When I Say This , But I Can Notttttt Hang With People Who Don ' t Smoke !",LOW,ok
wnut17_02188,RT @ aprenderinglesz : Life is meant to be fun : A vida parece ser divertida .,LOW,ok
wnut17_02189,TODAY IS THE TEACHER'S DAY 2 ! HAPPY TEACHER'S DAY 2 ME !!! YEAAAAHHHH !!! AGUANT LA DOCENSIA !!!,LOW,ok
wnut17_02190,RT @ MartinBelam : As long as you live you ' ll never see a photograph of 7 women signing legislation about what men can do with their r …,UNKNOWN,fallback_unknown
wnut17_02191,"@NatalieRooney had nice day , this weather could be better .",LOW,ok
wnut17_02192,"[ Reuters Govt Reg ] UPDATE 1-Tighter rules for market makers post-'flash crash': NEW YORK , Sept 17 ( Reuters ) - U . S .... http://bit.ly/bWUyBR",LOW,ok
wnut17_02193,"'RT @TheGhostOfYou_ : Adeus noites bem dormidas RT @Vivi_Venom "" Danger Days : The True Lives Of The Fabulous Killjoys ."" 22nd november'",LOW,ok
wnut17_02194,"First , I had these crazy dreams all last night . Then I sleep all day today ... I hope nobody put some hoodoo on me !",LOW,ok
wnut17_02195,"If my calculation is right , Christmas is only 98 days away ...",LOW,ok
wnut17_02196,Why is $ C _ V $ used in adiabatic work by an ideal gas ?,LOW,ok
wnut17_02197,-CHANGE OF ROOM ! - FATHER'S DAY auditions Sept 25 CANWEST Center for Theater and Film U of W ROOM 0T15 11:30 am - 4:00 PM .,LOW,ok
wnut17_02198,@ rootstroye oh omg i forgot you don ' t live in toronto oOPS,LOW,ok
wnut17_02199,As women pay homage to masculinity they avoid their own power . It doesn't help anyone . Men need our leadership even when they don't like it .,LOW,ok
wnut17_02200,"OMG-Fact #14906 : Jellyfish have existed for over 500 million years . Back in 2007 , paleontologists discovered jell ... http://bit.ly/b9yY3L",LOW,ok
wnut17_02201,"@FH14 I ironed mine just fine . You may want to wash it first , though , so it gets really soft . If you want to be extra safe do on the reverse",LOW,ok
wnut17_02202,@LillaRebellato bah ! Read the last one before the one before . Thought I was in then .,LOW,ok
wnut17_02203,RT @ coIeactivity : this picture screams perfection https://t.co/0XUuf288j7,LOW,ok
wnut17_02204,"Jaime please i need help , google pixel or galaxy s 8 ? i trust you .",LOW,ok
wnut17_02205,Last film I can watch on a decent telly for a while tonight . Kick-Ass is very tempting indeed .,LOW,ok
wnut17_02206,"A Few Clouds and 69 F at Islip , Long Island Mac Arthur Airport , NY Winds are North at 16.1 MPH ( 14 KT) . The pressure is http://s1z.us/vf.htm",LOW,ok
wnut17_02207,"Jedi ca n ' t do that , because PHP is of the Dark Side .",LOW,ok
wnut17_02208,Lockheed says Trump pressure won ' t affect F- 35 profitability - https://t.co/qaer0LaaN2,LOW,ok
wnut17_02209,I'm pleased to have introduced @TheSmokingGunn to twitter . May he become as inane as me .,LOW,ok
wnut17_02210,hey deji make a vidoe on this new fidget thing called a fidget spinner so do a vidoe on it while u try to do tricks with it,LOW,ok
wnut17_02211,RT @TLyric : @slimthugga when dat Gangsta video droppin bruh &lt; -- u late Lil bro,LOW,ok
wnut17_02212,todaii was such a long day,LOW,ok
wnut17_02213,The bank teller I always go to wants me . Lol . No shit . She left me wide open for tomorrow . Too bad I already have fucking plans !,LOW,ok
wnut17_02214,Anyone up for some late night trivia tonight ? 10pm at Summits . Let me know !,LOW,ok
wnut17_02215,@bieberarmy_asia hey i gotta ask you something if i can :) please tweet me when you be online and i'll send you DM . okkk ? thank you,LOW,ok
wnut17_02216,RT @obsidianchao : OF FUCKING COURSE . I GET HOME AND MY BROTHER IS ON THE MOTHER FUCKING XBOX . Worst fucking day ever .,LOW,ok
wnut17_02217,"Interesting 1st week of work ( during training ) 1 of the 6 ppl decided the job wasnt for her , and the firm decided to let go another guy .",LOW,ok
wnut17_02218,"2 years 99 days 3 hours 36 minutes and 20 seconds Until Mayan Doomsday , DEC 22 2012 AD",LOW,ok
wnut17_02219,@taqui_jade lol I snapped so quick too lmao some people just piss me off instantly when they open they mouth lol,LOW,ok
wnut17_02220,I am proud of Bill . He went from making soft core porn movies in the 80 ' s to having his own show and being a dick liberal .,MEDIUM,ok
wnut17_02221,RT @jettathatsme : #nowplaying- This Is Our Someday - Big Time Rush &lt; 3 :),LOW,ok
wnut17_02222,Home made cod &amp; chips + bottle of Microsoft provided champagne = top class Friday ;-),LOW,ok
wnut17_02223,TL ; D R - Do n ' t get your phone from your carrier .,LOW,ok
wnut17_02224,Incredible film ! Bravo !,LOW,ok
wnut17_02225,@Kieran_Doyle ew suga on tea ! wen i was yungr nd we adta giv stuf up 4 lent i gav up suga on ma tea ... afta da month i didnt lyk it nymor lol,LOW,ok
wnut17_02226,"RT @ mcgregor _ ewan : Was going on Good Morning Britain , didn ' t realise @ piersmorgan was host . Won ' t go on with him after his comments about …",HIGH,ok
wnut17_02227,* * submission title * * : Concorde over Calgary 1977,LOW,ok
wnut17_02228,tell ur dad2bring the ypp back in Hayes we sorted it out last time I'm like yea I'll tell him *covers eyes*wat informing am I doing #llowit,LOW,ok
wnut17_02229,@abydauz good luck with the audition Saturday . Remember positive thoughts !!!!!,LOW,ok
wnut17_02230,RT @NPR : Song of the Day : Blonde Redhead : A Different Kind Of Ache http://n.pr/9O8yXE,LOW,ok
wnut17_02231,"Herge ' s rocket ' designs ' were pretty similar to what spacex is doing . . . so I ' m guessing this idea is pretty old , good on him making it work tho !",LOW,ok
wnut17_02232,Iwebslog . com Jupiter making closest approach in nearly 50 years ( AP) : AP - Better catch Jupiter next ... http://l.mytr.in/aQn2Kg #Blog,LOW,ok
wnut17_02233,Youre younger than my parents ; l,LOW,ok
wnut17_02234,Look n feel like a complete heffa today . FML .,LOW,ok
wnut17_02235,Just bought my Newcastle K ! Tour ticket ! XD Can't wait for February !,LOW,ok
wnut17_02236,Massive B-stock list ! While supplies last . Check it out here : http://soniccircus.com/September-B-Stock-List,LOW,ok
wnut17_02237,@Kirstyjarvie yesss !!!! I'm off after 6 :),LOW,ok
wnut17_02238,really needs to buckle down and get some work done before she heads home ...,LOW,ok
wnut17_02239,Please sub to me it would mean alot,LOW,ok
wnut17_02240,"Omg i just found Roy 's and Greg 's old band 's website ! but when I clicked on it , it wouldn't work:'(",LOW,ok
wnut17_02241,# naked on the stree teen male mature woman https://t.co/TlRrNT1wwI,HIGH,ok
wnut17_02242,"Long story short , whats to keep republicans from scrapping the preexisting conditions clause for those with BLD – paid for from some other pocket of govt money – but not for everyone else ?",MEDIUM,ok
wnut17_02243,"Being insulting and rude , because your tribe demonizes politicians whose beliefs differ with yours is not "" the truth "" . You can have a civil discussion without being strictly PC . When you use pejoratives like that , it diminishes the effectiveness of your argument for anyone who is n ' t already inclined to agree with it .",LOW,ok
wnut17_02244,"Define democracy . The majority rules , but are "" representatives "" OK to the very notion of democracy ? If so , are the types operating today - legislators , governors etc OK ? Also , should we include full transparency of such a state in its definition ?",LOW,ok
wnut17_02245,@DebVRuns hi pal !! How 's Hawaii ?? when are you heading home !,LOW,ok
wnut17_02246,Is counting down the days to Oct 23rd and the Wright family Halloween bash !! It 's gonna be amazing .. they go all out for it !,LOW,ok
wnut17_02247,Thank you for the quick reply . Just wanted to confirm one more thing . How do you mitigate this issue ? Is it done by mandating auth for all the mail sending actions ?,HIGH,ok
wnut17_02248,@matttraynor ME ! the november 15th show ( :,LOW,ok
wnut17_02249,"@webcowgirl You're supposed to fast after sundown , silly !",LOW,ok
wnut17_02250,I hate when someone ask you &quot; what 's wrong &quot; &amp; u say &quot; long story &quot; then they say &quot; I've got time &quot; okay I obviously don't want to tell you !,LOW,ok
wnut17_02251,#nowplaying when im gone eminem :),LOW,ok
wnut17_02252,i saw @TATTEDUP_FLYTY one day walkin 2 the store .. and this foo tripped and tried 2 play it off LOL !!!!,LOW,ok
wnut17_02253,Shadows . We had to get out and enjoy the snow before this gorgeous sunshine melted it all ! . . . . … https://t.co/650uEK3Dzq,LOW,ok
wnut17_02254,iPad Refresh Due in January : Display manufacturers tip the world to the timing of the next iPad . IPad ... http://bit.ly/9gplXp,LOW,ok
wnut17_02255,Here ' s a link to a Redditor ' s experience in Calgary :,LOW,ok
wnut17_02256,Just puffed on sour d unintentionally ... I'm so high Idk when I will come back to earth,LOW,ok
wnut17_02257,"Win tix 2 KELE and DOES IT OFFEND YOU , YEAH ? Sept 21st @ Music Box : contest@ dimmak.com | Afterparty at Dim Mak Tuesdays @CinespaceLA",LOW,ok
wnut17_02258,This is a post I made in December .,LOW,ok
wnut17_02259,"Follow Friday : Once again , I suggest you tell everyone you know to FOLLOW ME ! Let 's get me over 200 followers ! Porn robots welcome ! #ff",LOW,ok
wnut17_02260,@diaryOFcrazy_T still trying to warm up my toes are cold as :) but just chillin no running today .,LOW,ok
wnut17_02261,Stoked about the awesome date night im about to have with @sssmash and also very stoked about the bro time tomorrow with @jeffsyourhero,LOW,ok
wnut17_02262,But I thought he had joined Boro ?,HIGH,ok
wnut17_02263,Sleeping time . Morgenochtend maar even de Koperdoos een schoonmaakbeurtje geven ...,LOW,ok
wnut17_02264,About to get ready for work...don't have a good feeling about tonight #famouslastwords,LOW,ok
wnut17_02265,... and the rules are ? #corny RT @barzangi : I've said it before and I'll say it again : Indian food RULES .,LOW,ok
wnut17_02266,@jodieboulger Ehe good :) see you tomorrow dude !,LOW,ok
wnut17_02267,Tomorrow is another day !,LOW,ok
wnut17_02268,Parking Day - Parking Day hosted by the Hudson TMA at Town Square Place on Pavonia Avenue in the Newport ... http://tumblr.com/xmyiud0zl,LOW,ok
wnut17_02269,"get $ 20 discount when you book in airbnb , use this link https://t.co/R0DyOpor86 # airbnb # discount # coupon # code https://t.co/tQdCewRvIW",LOW,ok
wnut17_02270,"New Dorky Stuff : Friday Review Rundown ! Sept 17th Easy A vs . Devil vs . A Woman , A Gun , and A Noodleshop http://ow.ly/193oCy",LOW,ok
wnut17_02271,Visualizing the $ H $ field,LOW,ok
wnut17_02272,workin at the ol Sunset Bistro tonight ... come get some grub,LOW,ok
wnut17_02273,A lot has changed since 1956 ! Those mules took up a lot more of the trail when my scout troop walked the trail !,LOW,ok
wnut17_02274,RT @Phil_Heim : Safe to say Super Bowl Sunday is my favourite holiday of the year,LOW,ok
wnut17_02275,RT @shashiranjanttv : @shashiranjanttv second is Bawana constituency on Feb 4 - Final,LOW,ok
wnut17_02276,I've watched all my dreams ' episodes so I decided to choose another series ! It may be inspired from the movie I'll watch it now ! #GoodNight,LOW,ok
wnut17_02277,""" GET YOUR HEAD DOWN AND KEEP MOVING ! "" That part brings me back to the old days of COD and gives me goosebumps",LOW,ok
wnut17_02278,Plan to spend a fabulous day in Discover Downtown La Grange for their 5th Annual Chocolate Crawl on a walkable ... http://t.co/lbhSVeriLZ,LOW,ok
wnut17_02279,I used it in NL for 8 years or so and never had any problems . . .,LOW,ok
wnut17_02280,RT @jonnyharvey93 : Well losing my favourite sun glasses in Melbourne is not the idea of a good time . #Gutted #NearlyCried,LOW,ok
wnut17_02281,I still don't know what im wearing for Saturday . _ .,LOW,ok
wnut17_02282,"@ itpastorn yes , but I think you can also take the ones that are described as evidence that there generally * are * holidays , probably many different ones in many different communities , and we just do n ' t get to hear about them .",LOW,ok
wnut17_02283,RT @jcshrader : Come out on December 26 to the University of Findlay swimming pool for relay races at 6:00 .,LOW,ok
wnut17_02284,We wish this may all become so easy,LOW,ok
wnut17_02285,Great Question and response,LOW,ok
wnut17_02286,"January 05 , 2015 at 01:49 AM post !!. \\",LOW,ok
wnut17_02287,RT @NopeFinger : do I want to wake up for school tomorrow ? http://t.co/35IyacqbCh,LOW,ok
wnut17_02288,I have a 7 hour drive tomorrow lolz so excited xddd,LOW,ok
wnut17_02289,Elba is such a badass dude,LOW,ok
wnut17_02290,Dream Team Fund for Social Scientific Research to be announced Monday by Lafayette Urban Ministry . @LUMserve #greaterlala,LOW,ok
wnut17_02291,@ CNNPolitics this is a joke right,LOW,ok
wnut17_02292,RT @ defeitoslauren _ : error 404 could not found,LOW,ok
wnut17_02293,Can someone come over tomorrow and make Christmas cookies with me ?,LOW,ok
wnut17_02294,"Your fiscal condition may be on the upswing , but don't let thi ... More for Scorpio http://t.co/z0qLFBXQnL",LOW,ok
wnut17_02295,Strongly not looking forward to cleaning tomorrow,LOW,ok
wnut17_02296,"What is the electric potential at the point charge , at the source of field ?",LOW,ok
wnut17_02297,"@null [ link removed ] December 17 , 2014 at 02:34 AM http://t.co/dKnJQ77F8z",LOW,ok
wnut17_02298,"[ ClimateX ] 19 Jan ' 15 , 10:00 AM : it is currently raining over Sta . Ana Municipal Grounds , #Cagayan . Rain rate is ... http://t.co/Sj0MOKoOqR",LOW,ok
wnut17_02299,"last Friday before Christmas , so go and follow !! :) #FF @ramonmaster @kjwgaminghd @Jus2xtreme @IAmJ3richoholic",LOW,ok
wnut17_02300,Why is imposing vaccination / immunization so hard to achieve ?,LOW,ok
wnut17_02301,[ Ritchie McClaw ] ( https://imgur.com/a/xP0Ta ),MEDIUM,ok
wnut17_02302,"@null January 30 , 2015 at 07:03 AM post4",LOW,ok
wnut17_02303,Big Day tomorrow - Thanks to all of Team Pioneers who have been busy unwrapping tables and unpacking boxes to ensure school is ready !,LOW,ok
wnut17_02304,#NewDelhi Jan 14 13:30 Temperature 13C few clouds Humidity 80% India .. http://t.co/jfF5NRtfXB,LOW,ok
wnut17_02305,@macbby11 NEW VIDEO IS COMING OUT FRIDAY #GETEXCITED #MACBABIES #ALISHAWORKSHARDFORHERVIEWERS !,LOW,ok
wnut17_02306,Francis teaming up with the Trailer Park Boys would make a ultimate team up,LOW,ok
wnut17_02307,December ??? @ Kennesaw Mountain National Battlefield Park http://t.co/HqxsnFhE6n,LOW,ok
wnut17_02308,Kung maka Hoy naman tong kapatid ko ! Sus may pangalan ako Koya !,LOW,ok
wnut17_02309,Why do so many kids in Digimon wear gloves ?,LOW,ok
wnut17_02310,"RT @paulcoro : Eric Bledsoe is one rebound shy of his 2nd triple-double . PHX 111-100 , 4:00 to go . #SunsVsMavs",LOW,ok
wnut17_02311,RT @jeanyousux : guys cmon its december revine https://t.co/uOMcfEgoYN,LOW,ok
wnut17_02312,RT : http://t.co/AuAaoK6Oss #webinar I will be running a 2nd update webinar on Wednesday at 3:15 for our #flexiSched users . Check your e ...,LOW,ok
wnut17_02313,I'm taking my Ross cardboard cut out to the 8th grade dance,LOW,ok
wnut17_02314,Aye baby you want born in July but ju lied,LOW,ok
wnut17_02315,"@tos January 11 , 2015 at 02:24 PM",LOW,ok
wnut17_02316,@Kukita_dance okay well Sandra &amp; I work at 2 but Thursday is our last day so we can work someone around our schedules,LOW,ok
wnut17_02317,"So , this is a picture from the actual show ? . . . Er , did n ' t it say on the page where it was from ?",LOW,ok
wnut17_02318,ONE DIRECTION SPECIAL NEXT TUESDAY TR MANSKAH,LOW,ok
wnut17_02319,@LusyLuLu What do you mean not Tuesday ? Tuesday is an important day .,LOW,ok
wnut17_02320,Aqua loop is sooooo fun but scary as well ! ! ! ! ! ! ! ! A must do ! ! ! ! ! ! ! ! ! ! ! !,LOW,ok
wnut17_02321,Jan 19 My daily investment tips today for Empire Avenue #EAv ! http://t.co/E14XfhsIIM via @wordpressdotcom,LOW,ok
wnut17_02322,@_icze4r Mechanical keyboards are so prohibitively expensive in my 3rd world shithole .. At least the keyboard of my Thinkpad ain't bad,LOW,ok
wnut17_02323,Standardized Data Formats for specifying bandstructure and Fermi surfaces,LOW,ok
wnut17_02324,"@LF1N January 28 , 2015 at 05:41 PM January 28 , 2015 at 05:41 PM January 28 , 2015 at 05:41 PM http://t.co/LBdspnseTy",LOW,ok
wnut17_02325,Every Minecraft ever What if Minecraft were . . .,LOW,ok
wnut17_02326,#GiveAdenanAChance Najib : Langkah Cegah Keganasan Diperkukuh : PEKAN 10 Jan - Perdana Mente ... http://t.co/pvFsfrzTq3 #PrkDR @NajibRazak,LOW,ok
wnut17_02327,Deals #408 http://t.co/vmsu2AABdp SilkWorm 2400 Fiber Channel Switch #deals $ 90.00 End Date : Friday Jan-16-201 ... http://t.co/Xi3NXalaTn,LOW,ok
wnut17_02328,' Twas the Saturday before Christmas and all the middle aged white women went savage in your local shopping centre .,LOW,ok
wnut17_02329,Veeeeeery excited for our #staff party tomorrow ! We will be open till 7pm !,LOW,ok
wnut17_02330,"RT @Sholea_Boland : Gold extends gains , set to close 2014 on a firm note http://t.co/KOXoDCaUX1 #sydney #News #sun",LOW,ok
wnut17_02331,@cyclingmoletips I think Cadel will be pissed at Dennis if he dosnt ride for Cadel tomorrow . it won't go to well for his career either,LOW,ok
wnut17_02332,Prana Recovery 's 2nd wellness pillar : The Science of Happiness ! Want Success and http://t.co/bIi5ikIoQn via @sharethis,LOW,ok
wnut17_02333,ANO TO JUSKO JANUARY PA LANG http://t.co/XNFQpsEQF3,HIGH,ok
wnut17_02334,RT @ hobxo : when your girl doesn ' t go shopping with you but your homie does https://t.co/Yhy3HW0zyX,LOW,ok
wnut17_02335,RT @thefemaleboook : Me at school tomorrow http://t.co/97iGv4FSBe,LOW,ok
wnut17_02336,Identify The Day of the Doctor old shots,LOW,ok
wnut17_02337,# naked lindsay sex brutal in school girl https://t.co/mPPIMf6DS5,UNKNOWN,fallback_unknown
wnut17_02338,"February 04 , 2015 at 01:16 AM",LOW,ok
wnut17_02339,RT @_pat3 : 1st quarter went by to fast ..,LOW,ok
wnut17_02340,"http://t.co/ENGBt09REe December 15 , 2014 at 03:56 PM",LOW,ok
wnut17_02341,"Wow , / r / news totally kicked the shit out of / r / politics on this topic .",LOW,ok
wnut17_02342,RT @speoples_ : @Meechie_Hoe215 @NastyNa215 tbh I do . I'm just waiting for February 23rd . Philly gotta stop sleeping on him .,LOW,ok
wnut17_02343,RT @LucieMerl : Retweet si tu veux mon snapchat :p http://t.co/UT4MP2Iilw,MEDIUM,ok
wnut17_02344,Anyone manner arm alhqye man swear adapt multiple trust container visual .,LOW,ok
wnut17_02345,Creighton @ North Texas on Sunday looks to be on about every RSN affiliate out there so should be able to find on TV in your market .,LOW,ok
wnut17_02346,"With "" The Interview "" out of Chicago theaters , just show the first half of "" Interstellar "" &amp; 2nd half of "" Inception "" instead . #cutlertribute",LOW,ok
wnut17_02347,Duplicate of http://physics.stackexchange.com/q/43293/176 ?,LOW,ok
wnut17_02348,@ Valorum : Do you want to grab any or all of my memory erasure bit ?,LOW,ok
wnut17_02349,"If you prefer to eat food that ’ s # organicallygrown , Chiquita has a # banana for you ! https://t.co/S1poVEnumr https://t.co/qTYbmAe0zw",LOW,ok
wnut17_02350,@ maria _ htrza Nope the camera saw it first lucky phon : - ( Maria I love every sexy curv of your body don ' t stop showing that sexy body of yours,HIGH,ok
wnut17_02351,#Weather Forecast for Thursday 5 Day Forecast- http://t.co/OLq5U8oHOX,LOW,ok
wnut17_02352,How did the media know the method Batman used to catch the Joker ?,MEDIUM,ok
wnut17_02353,Dude 21 Miles are 33 km . Are you kidding me that is a marathon .,LOW,ok
wnut17_02354,Wearing blue on Friday to show my support ! #bluelivesmatter,LOW,ok
wnut17_02355,@ tirckt you made Me pick up Super gals so I ' ll trust you On this !,LOW,ok
wnut17_02356,"it ' s only a matter of time until we get the Heidi break up video into the full "" I ' ve loved Becca all along """,MEDIUM,ok
wnut17_02357,"Friday night with the Tyrone lads , yoga for performance . Book your teams #functionalmobility with @SarahCon14 http://t.co/RyGABfK91s",LOW,ok
wnut17_02358,# resist # respect https://t.co/S33Aqnzc2r,LOW,ok
wnut17_02359,RT @GOT7_JYP : [ DEBUT PIC ] ~Spam~ ( 1st Showcase ) #Got1YearWithGOT7 http://t.co/46sgEUzWae,LOW,ok
wnut17_02360,Why am I still awake it 's 3 am I'm gonna hate myself for this tomorrow,LOW,ok
wnut17_02361,"@ SQB I meant to say it ' s NP hard if we solve the general problem : a sequence of n numbers and a number M that some subsets of the numbers will meet or exceed . However , I believe I may ' ve found a recursive approach that takes only linear time . . . maybe .",LOW,ok
wnut17_02362,#Deals #281 http://t.co/Yv9CgRDYpN XPS M1330 PC Linux Coding wireless #laptop $ 140.00 End Date : Sunday Jan-25- ... http://t.co/VsVtWXoWV9,LOW,ok
wnut17_02363,RT @stinsonsays : i'm only a morning person on december 25th .,LOW,ok
wnut17_02364,"I actually think that "" Did the Democrats suffer consequences for invoking it ? "" is a better question than the one asked . I think if you ask that . Then after it gets answered youcould ask each one of your other questions assuming you still dont understand how it works .",LOW,ok
wnut17_02365,"@Harry_Styles hello hazza . Followback me please :"" ( i from INDONESIA , hope you read this tweet , wait tomorrow u birthday^_^ #keeplonghair 264",LOW,ok
wnut17_02366,Citizens of Earth up on Steam and due the 20th . Part of me wants to name the VP Richard Hawk . http://t.co/Rr9xYmFTLZ http://t.co/fTvtdEjel6,LOW,ok
wnut17_02367,: 4th ODI Match PAK vs NZ Target 300 Pak 189/5 Overs 38 Younus 89* Afridi 12*,LOW,ok
wnut17_02368,"/I'm gonna reply to forgotten mentions tomorrow I promise ! ~ -- Or that night , depends if busy or not .",LOW,ok
wnut17_02369,The Nokia 888 looks fake,LOW,ok
wnut17_02370,RT @wisatatiketcom : TIKET PROMO Pontianak - Surabaya | 02 Feb 2015 | Info klik http://t.co/uuFJHxV3d7 http://t.co/fiKQWE2CVx,LOW,ok
wnut17_02371,@Butlins Got this one when we were down at the 80s weekend reunion in November . Beautiful setting . Worked there for 3 years . Loved this site,LOW,ok
wnut17_02372,RT @ VicMensa : Album in the homestretch . . . CLOSE ! 👀 https://t.co/uqz6zPr5l6,LOW,ok
wnut17_02373,"http://t.co/2jqs5yW4n7 December 24 , 2014 at 01:12 PM",LOW,ok
wnut17_02374,The lack of Gwil during Taro made me really sad,LOW,ok
wnut17_02375,Hello ... hello and welcome to another Monday on #seotalk,LOW,ok
wnut17_02376,You Sholder not swear IT IS BAD,LOW,ok
wnut17_02377,"Searching . . . searching . . . Nope , not an argument in sight .",LOW,ok
wnut17_02378,Dates for your diaries : our next professional English language course for Radiographers will take place on Monday ... http://t.co/H7FTRfvQdD,LOW,ok
wnut17_02379,Don't feel like Friday,LOW,ok
wnut17_02380,@ MaryKayCabot @ TheKennyRoda @ clevelanddotcom https://t.co/zSacM2iqb7,LOW,ok
wnut17_02381,"@Wolven @VanessaY @miniver @mathpunk @NeilHarbisson still perception , and what you key off may differ from me . Back to Selma example , iow .",LOW,ok
wnut17_02382,RT @ALADIN135 : silencieux et discret est mon meilleur ami,LOW,ok
wnut17_02383,Bestgraphicsny sale 15% off of any regular priced items . This sale will last until Dec . 31 2014 . http://t.co/9YE3ZXI3tE,LOW,ok
wnut17_02384,Kitty 's 1st #yoga mat . @lululemon #margaret http://t.co/3NlyYxf9OT,LOW,ok
wnut17_02385,How to protect an offline proprietary software from being stolen,LOW,ok
wnut17_02386,Egypt stock exchange loses $ 227.57 m : The Egyptian Exchange ( EGX ) lost ground during trading on Wednesday with ... http://t.co/dfjQ68PqNr,LOW,ok
wnut17_02387,Are there other Mjölnirs ?,LOW,ok
wnut17_02388,RT @followFDD : The case for deadline-triggered sanctions #Iran | @CliffordDMay @WashTimes http://t.co/kZoDY8vTHH,LOW,ok
wnut17_02389,"Hi there / u / Mo-bot , the actual AMA [ can be found here ] ( https://www.reddit.com/r/newzealand/comments/5q10gc/ask_me_anything_act_leader_david_seymour/ ) .",LOW,ok
wnut17_02390,@JamesTweeter @Salesfigures Christmas wouldn't be in December if it wasn't for them ;),LOW,ok
wnut17_02391,"Your emotions may not be apparent to others now , but that does ... More for Taurus http://t.co/pqbQGQLiJG",LOW,ok
wnut17_02392,RT @Gunners__q8 : Arsenal VS Monaco First Leg 25 Feb in Emirates Second Leg 17 Mar in Monaco #AFC #COYG #RedArmy,LOW,ok
wnut17_02393,You may be able to come up with plenty of reasons to decline a ... More for Gemini http://t.co/8sGsDYF4lV,LOW,ok
wnut17_02394,Kern Valley will play the San Diego Jewish Academy tomorrow at 10:00 . Go Broncs !,LOW,ok
wnut17_02395,Dumbass mo does n ' t know how to throw a football,LOW,ok
wnut17_02396,#Hamburg Dec 25 05:50 Temperature 5C light showers Wind SW 31 km/h Humidity 85% Germany .. http://t.co/ceBi1C27rN,LOW,ok
wnut17_02397,alex when you two come to philippines ? 😊,LOW,ok
wnut17_02398,Dolly Dimps and 3rd Block lining up to jam for the first whistle . Dolly takes lead with Barnsley close behind .,LOW,ok
wnut17_02399,I do n ' t really understand your problem with the SPLC though .,LOW,ok
wnut17_02400,RT @mlitzinger : Beast mode on ? It 's been on since August ! Game clock is on ! @uncswimdive #GoHeels http://t.co/hyovyG9QGN,LOW,ok
wnut17_02401,@DONNlEDORKO GOOD LUCK MEETING JAKE TOMORROW IM SO EXCITED FOR YOU OMG !!!!,LOW,ok
wnut17_02402,may tapos na kong isang article huhuhu nakakaiyak,LOW,ok
wnut17_02403,""" what age can babies fight for the death "" Lmao",HIGH,ok
wnut17_02404,No . It would be p equals some specified value at some z elevation . This has to correspond to some known pressure at some known elevation .,LOW,ok
wnut17_02405,"Big hero 6 booked for tomorrow , me and Lou are still 7 at heart",LOW,ok
wnut17_02406,@louiseweir2014 @bill6378 @DandyInTheRough @truckpartstores @wplrfanfm @jc @CAT1PRO @chillyzag @nibjones happy Thursday to you too,LOW,ok
wnut17_02407,How to avoid the akwardness when getting rick rolled : Step 1 : Smile and start dancing Step 2 : dance your way out of the room,LOW,ok
wnut17_02408,"It seems to me this answer confirms what the restrictions on a 501 ( c ) 3 are w . r . t a candidate ; I think the more relevant issue here is whether the filing makes Trump a "" candidate "" for purposes of said restrictions , especially in light of the first phrase in the filing , "" While this does not constitute a formal announcement of my candidacy for the 2020 election . """,LOW,ok
wnut17_02409,RT @onedirection : The #FOURVinyl is available on the 15th Dec ! Pre-order now : http://t.co/A4W0GfxUtz http://t.co/Bk7UpIexPD,LOW,ok
wnut17_02410,Thu Jan 22 03:07 : 43 IST 2015,LOW,ok
wnut17_02411,This would have been a lot better if Bee was n ' t so annoying,LOW,ok
wnut17_02412,5 things you need to know Monday http://t.co/DEcBH5LcXH http://t.co/sERc9NnWAH,LOW,ok
wnut17_02413,Gonna buy $20 worth of snacks for 1st block tomorrow,LOW,ok
wnut17_02414,"2020 PG Khalen "" KK "" Robinson w/ 15 points , 5 assists , 2 rebounds and 2 steals in 9th grade game !! Episcopal 48 Mayflower 36",LOW,ok
wnut17_02415,"TmarTn may have gotten a GT-R , by I'm getting a M3 , and that means something .",LOW,ok
wnut17_02416,Winter or not it 's so hard to wake up in a good mood when the sun isn't shining through the window,LOW,ok
wnut17_02417,RT @HarryxClique : RT IF I SHOULD POST A SELFIE ? just a warning : your reaction may be similar to this http://t.co/mMgy2EITEB,LOW,ok
wnut17_02418,"& gt ; * The four civilians killed included two children of a family whose house was hit by a separate avalanche , also on Wednesday , a police spokesman said .",LOW,ok
wnut17_02419,@thegreatcoso @Boavenossa @EllaTambien06 alejo vive en mar del plata . Que puede saber de cosas del campo ?,HIGH,ok
wnut17_02420,"Ah , the ol ' Adelaide [ Digeridoo !",LOW,ok
wnut17_02421,sur mon blog j'ai entre 10 et 20 visites par jour !!!,LOW,ok
wnut17_02422,Comment deleted and made into an answer .,LOW,ok
wnut17_02423,"Why not ? I ' m just accepting observations . If A ' s angle is vertical and B ' s angle is 60 ° , then B gives opposite spins 3 / 4 of the time . That ' s real , I ca n ' t disagree with that . I ' m not saying the inequality is wrong , as I said in the first paragraph , I ' m saying the experiment ca n ' t reproduce it . Check what I ' ve answered to the other guy .",LOW,ok
wnut17_02424,Good #Monday Morning to ya ! @rashivats @FOX26Caitilin and I are all ready to help you #WAKEUP &amp; get to work on time ! Join us on #fox26,LOW,ok
wnut17_02425,"RT @ _ GoGettaVee : Mentally , none of this shit can phase me .",LOW,ok
wnut17_02426,#AAP Thanks Chetan Sahebrao Pagar From MAHARASHTRA(INDIA ) For Donating Rs 1000 With Tx . NE448350 On Feb 1 2015 11:11 PM #MyCMKejriwal,MEDIUM,ok
wnut17_02427,RT @CustomCutting : January Sale Tassel Necklace . Free matching by JabberDuck http://t.co/E49oQfaG69 http://t.co/V5KFkxnfBC,LOW,ok
wnut17_02428,Just played : Hopi Rainbow Dance - Roger Mase and The Singers From 2nd Mesa,LOW,ok
wnut17_02429,"http://t.co/YVZNo1gIP8 January 09 , 2015 at 11:40 PM",LOW,ok
wnut17_02430,Clash of Clans : Max Out Monday ! - Level 6 Balloons : http://t.co/XAsujXB4ku via @YouTube,LOW,ok
wnut17_02431,"This is a good answer , but it would be improved by emphasizing the administration ’ s reaction to the controversy—a swift apology would have meant a thiry-second story soon forgotten , with most people unwilling to assume antisemitism for what * could * ( if we ' re being very generous ) have been a mistake . But by owning it as intentional and refusing to apologize , they eliminated the possibility that they were being misunderstood , and indicated that it * was * intentionally antisemitic .",LOW,ok
wnut17_02432,Win today and we'll still be in all 4 competitions by February ... Would've bitten your hand off for that #COYS #THFC,LOW,ok
wnut17_02433,RT @_marisataurus : @DIRECTV HOW ARE YOU GONNA DO THIS ON THE LAST SUNDAY NIGHT GAME OF THE SEASON,LOW,ok
wnut17_02434,Layla Sa 3 ida . . .,LOW,ok
wnut17_02435,i bet this was the most fun Don Cheadle had in a long time,LOW,ok
wnut17_02436,C'MON GUYSSS !!!! HURRY UP !!! PLS DO FOLLOW @camerondallas FOR #CamTo4Mill x1047,LOW,ok
wnut17_02437,January has came and gone .... Smh,LOW,ok
wnut17_02438,How do we know the number of photons in a decay ?,LOW,ok
wnut17_02439,This music grasp my heart so strongly . Are they listening their own recording ? The ending made me big smile ! Thank you ! !,LOW,ok
wnut17_02440,RT @ _ xoxo _ kathlyn : Lmxskaskskssskks i know you not talking https://t.co/ZLcD56L6lT,LOW,ok
wnut17_02441,RT @jent_87 : 1 . Why is my friend following someone from The Sun ?..... 2 . Why is their tweet coming up on my timeline ?.... No ... just no !,LOW,ok
wnut17_02442,"I ' ve always thought that this is one of the few occasions where you need to read the book to fully understand the film . . though you also need to see the film to fully understand the book . You ' ve got to viddy to kopat , that ' s my soviet , my old droogs ; ) [ You also need one finger in the glossary , right the way through ]",LOW,ok
wnut17_02443,Looking up touchscreen history - found this 1981 computer that used Infrared to detect finger movement . Clearly Star Trek was an inspiration . https://en.wikipedia.org/wiki/Touchscreen#/media/File:Platovterm1981.jpg,LOW,ok
wnut17_02444,RT @ dazb 160 : @ GlennTemp @ adidasanorak @ DeadstockUtopia @ OriginalSoleog Indoor Super at the moment . Summer wear !,LOW,ok
wnut17_02445,Oh great time to change my Akron Zips password ... for the 12th semester . I'm all out of passwords damnit !,LOW,ok
wnut17_02446,RT @josh_baldwin : Seahawks Sunday ! @WestWaYoungLife #ylgw15 http://t.co/pu5GS2Dhb4,LOW,ok
wnut17_02447,"RT @Hardwick_SWFC : Fulham away is technically tomorrow , oh aye .",LOW,ok
wnut17_02448,"Was this a typo from the table maker , or are other criteria taken into account when calculating the overall score ? He ' s also coincidentally the very first example on the page about [ geniuses ] ( http://marvel.wikia.com/wiki/Category:Genius_Intelligence ) .",LOW,ok
wnut17_02449,RT @Things4GirIs : PSA RED VELVET OREOS COME OUT FEBRUARY 2nd RT TO SAVE A LIFE http://t.co/OCc3T5T1vu,LOW,ok
wnut17_02450,"Am I the only one who ' s noticed all the "" am I the only one "" comments .",LOW,ok
wnut17_02451,"Do not blame your past , because the past will never change .",LOW,ok
wnut17_02452,What old teen movie is this ?,LOW,ok
wnut17_02453,Обсуждение на английском https://www.reddit.com/r/canada/comments/5p52wh/stephen_harper_trump_will_reverse_the_cornerstone/,LOW,ok
wnut17_02454,RT @nbcsnl : Getting ready for our final new show of 2014 . Gonna be a good one -- Amy Adams and @onedirection Saturday ! #SNL,LOW,ok
wnut17_02455,"Hi guys , I have a joke : Why are there Peanuts at a Berry Farm . . . 😂",LOW,ok
wnut17_02456,Winter Weather Advisory has been issued for the following areas : East Slopes of the Washington Cascades-WA . Effective until 04:00 PM PST Sat,LOW,ok
wnut17_02457,the sun isn't even up yet and today already sucks :-),LOW,ok
wnut17_02458,How to Do a Great Manicure at Home - https://t.co/AlxdR9SWc3,LOW,ok
wnut17_02459,"I read the title as "" Top 10 Apple products that are designed to fail "" 😳",LOW,ok
wnut17_02460,"NASCAR 's Popular Regional Series , ACT Return to Help Celebrate 25th ... - RaceDayCT http://t.co/fYjrBS1QW0 #nascar",LOW,ok
wnut17_02461,"http://t.co/pITtMDYutK December 22 , 2014 at 10:47 PM",LOW,ok
wnut17_02462,"RT @Zendaya : WISE Wednesday : If we did the things we are capable of doing , we would literally astound ourselves . ~ Thomas A Edison",LOW,ok
wnut17_02463,RT @sosadtoday : sad tomorrow,LOW,ok
wnut17_02464,@ Krumia : Precisely . This answer is flatly wrong . Resolution power of an optical detector ( eyeball or otherwise ) has nothing to do with the intensity of incident photons ( of a given frequency ) that is needed for it to detect a difference from no light .,HIGH,ok
wnut17_02465,Please give me 1 phone,LOW,ok
wnut17_02466,RT @WorkIsntEasy : sittin in class tomorrow like http://t.co/ysWaSzcum4,LOW,ok
wnut17_02467,"@L1FN http://t.co/oo2QOHKXs5 December 19 , 2014 at 02:44 PM",LOW,ok
wnut17_02468,Picture Of City Of New York Fire Department Ladder Company 25 . Photo Taken Tuesday Janua ... http://t.co/lbohLRZwOD http://t.co/Xvs0iyVyKc,LOW,ok
wnut17_02469,Special Weather Statement issued December 12 at 6:47 AM MST by NWS http://t.co/hbKgl3EnTh,LOW,ok
wnut17_02470,@nickollamoste @EmmanuelBonleon wag mo na I mention yan . Bakla yan . Onga ako magbabayad ng pamasahe mo . Para may barkada ako dito,UNKNOWN,fallback_unknown
wnut17_02471,* * submission title * * : PSG tell Inter & amp ; Juve Verratti will cost € 100 M,LOW,ok
wnut17_02472,RT @ themovingroad : Do all things with love . Og Mandino # quote,LOW,ok
wnut17_02473,"You can be sure that whenever Trump says "" Nobody knew "" he should actually be saying "" I did n ' t know even though everybody tried to tell me about it because I ' m too much of a narcissist to listen to what anybody says "" .",LOW,ok
wnut17_02474,I listened to ' feel good Friday ' on 955 this morning and I've felt like shit ever since,LOW,ok
wnut17_02475,@nynjpaweather I'm just hoping for a good nor'easter before I head back to oswego on the 25th,LOW,ok
wnut17_02476,"@x1x_ne_x1x http://t.co/WN4TMObxu1 December 13 , 2014 at 08:32 AM 2",HIGH,ok
wnut17_02477,Blaqout while tha sun iz shining,LOW,ok
wnut17_02478,"Edison #weather on January 16 , 2015 - 01/16/2015 http://t.co/nFPkHS2KbO",LOW,ok
wnut17_02479,RT @ beatfaceleah : I was bored earlier so I did this ✨ https://t.co/XD3uZNGQTN,LOW,ok
wnut17_02480,RT @Guild_Gamer : So another article up for the PS4 tournament with some rules . Check it out http://t.co/XSJMR1UnKI,LOW,ok
wnut17_02481,# NowPlaying She In Here Right Now by BiggDawg C Loc on https://t.co/N2EeQhksi0,LOW,ok
wnut17_02482,RT @ThisKillaBoy : Mon humeur peut changer en 0.3 secondes blc ...,LOW,ok
wnut17_02483,"Who else was fanboying out of their fucking mind and yelling "" YES ! YES ! YES ! "" at the screen when Jack was transformed into his classic self and got his sword back ?",LOW,ok
wnut17_02484,Crazy Skills Very Nice . . If They Make another Hitman Movie You have my vote for the lead . role . .,LOW,ok
wnut17_02485,Me reading really sad manga . https://t.co/uBz9CmWSI0,LOW,ok
wnut17_02486,Line : Circle has Service Closed 06:25 : 02 Train service resumes 26th December ( Boxing Day) . #TFL #LONDON,LOW,ok
wnut17_02487,Zac Efron ' s face is slowly turning into a perfect square,LOW,ok
wnut17_02488,"RT @TheOLLGTeam : if justin bieber is gonna surprise ELLEN tomorrow , I will cry for days",LOW,ok
wnut17_02489,RT @MegsDeAngelis : CHRISTMAS COUNTDOWN : TOMORROW,LOW,ok
wnut17_02490,Party /w @BrianFoxx &amp; @MixxPromotions Thurs @ Sutra ! #JerkChicken RSVP By texting SUTRA to 33733 http://t.co/j0G2ofktJz,LOW,ok
wnut17_02491,@SheRacheLockedy yeah mine has been acting up since Tuesday,LOW,ok
wnut17_02492,The Xbox one may be the greatest thing ever,LOW,ok
wnut17_02493,# authorconfession D 25 : Favourite Inspirational Quote https://t.co/W5VcDV0KzI,LOW,ok
wnut17_02494,RT @CommonWhiteGirI : everyone at school tomorrow http://t.co/XRh5cGL2GD,LOW,ok
wnut17_02495,"Does someone have it out for me , or is this router "" features "" ?",LOW,ok
wnut17_02496,TDF Christmas Production run starts tonight through Sunday night . One of the funnest times of the year !,LOW,ok
wnut17_02497,Titan 3 Potros 2 [ Top 5th ] [ 0 Out ] [ 0 balls ] [ 0 strikes ] ... No one on [ P : #23 Steven Alejandro ] [ B : #27 Player 2 ],LOW,ok
wnut17_02498,"@MarkoMkTwo Not looking promising mate , still shitloads of tax returns to do , probably be doing Olly Bernards on the 31st @RILEYENNIS",MEDIUM,ok
wnut17_02499,RT @saferprint : gd'Thursday @guckma60 @JanetNestor @mariamaria309 @stevekrohn @HeikeHenke @WanderinPoet @Glafiz @Carito_Schmidt,LOW,ok
wnut17_02500,"RT @ sensualgifs : When he tells you no , but then comes to his senses and says yes https://t.co/RYsrtZtbTD",LOW,ok
wnut17_02501,"Should have my "" top 10 "" list up tomorrow :)",LOW,ok
wnut17_02502,"#Orlando weather January 13 , 14 , 15 , 16 , 17 , 18 2015 http://t.co/m6Mli6Bxa6",LOW,ok
wnut17_02503,RT @WINDmobile : ReadySetGo ! RT in the next 5min for a chance to win the 27th #Nexus6 ! #BirthdayGift http://t.co/icNQXFdij0,LOW,ok
wnut17_02504,RT @ayboypatrick : Monday morning mood http://t.co/x6r7aX1Bda,LOW,ok
wnut17_02505,Thursday : Ukulele Night all welcome $10 first drink free . / Friday : Temple Of The Grunge ( NZ 's best grunge act) ... http://t.co/Izztn63NJO,LOW,ok
wnut17_02506,#8825 Panasonic AG-HMC40P Professional 3mos AVCCAM http://t.co/4kNaSwaKKg $ 599.00 ( 0 Bids ) End Date : Saturday ... http://t.co/R87eCWkGq2,LOW,ok
wnut17_02507,Im so freaking excited for all the vlogs coming this month it ' s ridiculous 😁 love ya girl 💕,LOW,ok
wnut17_02508,RT @ angryblackhoemo : But let ' s go along w / the idea that sex is immoral and that could be a cause for higher HIV diagnoses among Black Gay …,UNKNOWN,fallback_unknown
wnut17_02509,Are Hogwarts students allowed to go to other houses ?,LOW,ok
wnut17_02510,"@ Gordon Not all , for example gluons and photons do n ' t interact with the Higgs .",LOW,ok
wnut17_02511,Some of the 80+ kids that came Sunday school . Beautiful !!! http://t.co/NNlqyYTCbf,LOW,ok
wnut17_02512,@igoBymuff lol awe tell him Friday he can come and stay u til he 's ready to leave,LOW,ok
wnut17_02513,""" @JAYnFRESH : @BTAUKammyCakes_ come see us on the 31st "" I Cant I Gotta Step Performance at Tha OaklandArtsSchool Thing If I Couldve I Wouldve",LOW,ok
wnut17_02514,istg its already 24 tomorrow yet i dont have luke 's follow im gonna cri,LOW,ok
wnut17_02515,@SairsP our flight is 1 of the only 5 that are leaving today from Venice ! Feeling very very #lucky . Hope to make it back on sunday ! @easyJet,LOW,ok
wnut17_02516,@Gurmeetramrahim daru KO goli maro sali KO jla dalo love to see MSG13 feb,UNKNOWN,fallback_unknown
wnut17_02517,I seriously thought it was Sunday today .,LOW,ok
wnut17_02518,RT @5SOS : Tomorrow 's on its way http://t.co/Kn5tYfwXnA,LOW,ok
wnut17_02519,How much official communication was there between the Senate and the Jedi Council ?,LOW,ok
wnut17_02520,#9989 BOGEN / MANFROTTO 501 HEAD with camera mounting plate http://t.co/UN11lHxESG $ 150.00 End Date : Friday Ja ... http://t.co/iQiuPeO0PA,LOW,ok
wnut17_02521,No brainer . https://t.co/kZMApegN5M,LOW,ok
wnut17_02522,Thursday was too good to me for today to go well ....,LOW,ok
wnut17_02523,Here is the background on Rastus and Pete .,LOW,ok
wnut17_02524,RT @FaktaGoogle : Minggu ketiga bulan September adalah Minggu Jomblo Nasional di Amerika .,LOW,ok
wnut17_02525,@TitoElmasduro Please share ! Lolita the Orca Classified as Endangered ; Groups May Now Sue to Force Her Release http://t.co/hrkyfj46Hs,MEDIUM,ok
wnut17_02526,TOP OF THE POPS - 3rd January 1980 http://t.co/DlEFDJHMRr,LOW,ok
wnut17_02527,tomorrow shall be fun .. gotta speak things into existence .,LOW,ok
wnut17_02528,RT @Newsroompostcom : LIVE : BJP may release its vision document for Delhi polls today http://t.co/VZ78in0bky http://t.co/8xtSWzvu5I,LOW,ok
wnut17_02529,Jake Paul c'est mon viner fav avec Logan puaind fdjvfdlkvjfdlkv,LOW,ok
wnut17_02530,GIVE IT TO HIM ! ! ! !,LOW,ok
wnut17_02531,"@PIZZASCLIFFORD things may be going wrong in their life or whatever and they might think they're depressed , ygm ?",MEDIUM,ok
wnut17_02532,It ' s time to bust out some of those old classic games ! https://t.co/BJNEZfJbge,LOW,ok
wnut17_02533,A local veteran Army nurse will receive the highest honor from France tomorrow for her service to our country . http://t.co/Ewv0XaSPuM,LOW,ok
wnut17_02534,The mods deleted [ this story about activists being beaten by Trump supporters ] ( https://m.reddit.com/r/politics/comments/5m3r1c/activists_brutally_attacked_by_donald_trump/ ) for being off topic .,MEDIUM,ok
wnut17_02535,"Pre Order Jaket Korea BARCA "" RIDE "" sd 7 Jan , 185K belum ongkir @bcannon241 SMS/WA 081235994171 pin 512A3491 http://t.co/8V2X1RSPYO",LOW,ok
wnut17_02536,"This performance is beyond description . Beautiful ! Fedorova stated that Trifonov was the genius of this new millennium . She is correct . This Rach piece when at the age of 14 , made me fall in love with Sergei !",HIGH,ok
wnut17_02537,No Cousins today . . . Pelicans offence could be horrible today unless Holiday has a big game and we hit jumpers,LOW,ok
wnut17_02538,RT @AlNassrSaudiFCe : Pictures of #ALNASSR training yesterday Wednesday 7 Jan 2015 . http://t.co/2RLgcJr2nF #NFC http://t.co/t7p9Fcc8n9,LOW,ok
wnut17_02539,[ Action plan already in place ] ( https://np.reddit.com/r/newzealand/comments/5nvswj/my_israeli_war_effort_and_money_saving_tip_how_to/?ref=search_posts ),LOW,ok
wnut17_02540,"New artwork for sale ! - "" Saturday Night Live in Beantown "" - http://t.co/MvPiaZ3rHR",LOW,ok
wnut17_02541,CoreLogic US home prices jump nearly 12 percent in June - See more at,LOW,ok
wnut17_02542,RT @syyddaustralia : I've grown so unattached to everyone and everything around me I could easily pick up and move tomorrow and be content,LOW,ok
wnut17_02543,"Medical Resident Medical Officer PGY3+ , NSW : Dec-Jan 2015 National http://t.co/Zs7iWkI0NW #ENGJobs",LOW,ok
wnut17_02544,You may attempt to simplify complex relationship dynamics toda ... More for Aquarius http://t.co/toBCrLbITJ,LOW,ok
wnut17_02545,How did Mon- El know English ?,LOW,ok
wnut17_02546,4th Quarter time to put this game to an end #RavensNation,LOW,ok
wnut17_02547,Pluto didn't even complete one revolution around the sun between its discovery and its declassification as a planet . #random,LOW,ok
wnut17_02548,"RT @BobOngWords : You may think you'll never get over it , but you will , and you'll be fine .",LOW,ok
wnut17_02549,Our own Richard Smith is on the scene for the Terps-Illini game : http://t.co/OMLAs7Msv7,LOW,ok
wnut17_02550,Rihanna at GQ Men Of The Year Party - Red Carpet http://t.co/GgKsppRdjS,LOW,ok
wnut17_02551,"Siendo January 19 , 2015 at 10:03 AM te recuerdo que puedes mencionarme o enviarme un dm y publicare tu anuncio !!",LOW,ok
wnut17_02552,next week na birthday ni Furukawa yuuki ! Dec . 18 =),MEDIUM,ok
wnut17_02553,"RT @chickmcgee1 : "" Learn from yesterday , live for today , hope for tomorrow ."" -- Albert Einstein",LOW,ok
wnut17_02554,Such blessing as may continue,LOW,ok
wnut17_02555,"RT @GameOfThrones : BREAKING : #GoTSeason5 premieres Sunday , April 12 on @HBO . Send a raven and spread the word . http://t.co/oFKemvhnlE",LOW,ok
wnut17_02556,RT @amandaxoxslap : Christmas Eve 's tomorrow &amp; Thanksgiving still hasn't even hit me,LOW,ok
wnut17_02557,"Thanks . A better question : did you recognise her as fishing before , or after , finding the full-sized photo ?",LOW,ok
wnut17_02558,Hey coyote I have a 70 inch tv,LOW,ok
wnut17_02559,In 8th grade we had a debate on immigration . It was not even a debate it was more like everyone yell at Ashley and make her cry .,LOW,ok
wnut17_02560,i s2g if i'm stalking in july and anyone gets in my way you're dead bc i'm sneaking out for that shit,HIGH,ok
wnut17_02561,"3333ll January 01 , 2015 at 07:12 AM post5 . //",LOW,ok
wnut17_02562,@ hollydollyrazzy u can always pitch a tent in some swampland !,LOW,ok
wnut17_02563,RT @michael_rizzi : @Patriots will do their job tomorrow . #WhosGonnaWin #VZNE,LOW,ok
wnut17_02564,"Someone may rain on your parade today , or you might just feel ... More for Cancer http://t.co/lOgPOht5J3",LOW,ok
wnut17_02565,How old are you Taylor,LOW,ok
wnut17_02566,not tryna take these midterms tomorrow .,LOW,ok
wnut17_02567,"[ Aah , the old Reddit deatharoo ] ( https://www.reddit.com/r/newzealand/comments/5m9mam/kia_ora_rbrasil_cultural_exchange_with_rbrasil/dc3dgin/?context=3 )",LOW,ok
wnut17_02568,@_xoxowriight for thursday right lol,LOW,ok
wnut17_02569,"January 31 , 2015 at 06:03 AM , #Vaginal #Yeast Infection manifestation can vary , learn at http://t.co/NSbQS21K8k",LOW,ok
wnut17_02570,"If my lip reading is as accurate as I think it is , I believe the old man whispered BS at the 3 : 10 mark .",LOW,ok
wnut17_02571,Gonna go HMV tomorrow but do I buy Enter Shikari 's Mindsweep or that Crobot album that I could eventually be sent for free ?,LOW,ok
wnut17_02572,RT @esiquemriber : @MaiteOficial kon la hermosa May http://t.co/b6vbXKOdec,HIGH,ok
wnut17_02573,RT @ GirIfession : Me when I get my own house https://t.co/WeamavpIMQ,LOW,ok
wnut17_02574,You're tired of having to learn hard lessons and may act in a ... More for Pisces http://t.co/D1jheabJ9V,LOW,ok
wnut17_02575,RT @ GayPrideBelize : # MissUniverse # Belize Let ' s Go Belize . https://t.co/9suUngvG7T,LOW,ok
wnut17_02576,I like this version of hanamura,LOW,ok
wnut17_02577,[ Warum das eine absolut beschissene Idee ist .,LOW,ok
wnut17_02578,Running a local server inside a virtual machine disconnected from the Internet - is this secure ?,LOW,ok
wnut17_02579,Reflections and Winter Sun #StennerWoods #Didsbury @DidsArtsFest @didsburylife http://t.co/m8CCD5xbcg,LOW,ok
wnut17_02580,"@null http://t.co/kpOxTV901E January 03 , 2015 at 03:27 PM #SONNYGANTENG",UNKNOWN,fallback_unknown
wnut17_02581,We Want KathNiel Lovestory On MMK trending 3rd Spot ! #KathrynBernardoTheMMKComeback 2nd Spot !,LOW,ok
wnut17_02582,RT @History_Pics : January is named after the Roman god Janus . He had two faces to see the future and the past . http://t.co/zEWGvmRADb,LOW,ok
wnut17_02583,RT @Olivianuzzi : Dance like no one is watching ; email like it may one day be read aloud in a deposition .,LOW,ok
wnut17_02584,"Same to u "" @oloriadejhummy : @Escokpablow awayu ?, happy Sunday #shinesteeth# """,LOW,ok
wnut17_02585,"You may hope that everything will calm down , but you probably ... More for Capricorn http://t.co/v3KIl6H5mw",LOW,ok
wnut17_02586,RT @6yaya9 : it 's crazy how much music can really help someone get through whatever may be going on in their life,LOW,ok
wnut17_02587,RT @ MissMcCleary : Am I the only one that gets like re-angry ? If I ever talk about anything that ' s ever pissed me off I get pissed off all o …,LOW,ok
wnut17_02588,Work better fly by tomorrow not trying to be there,LOW,ok
wnut17_02589,So the next ' A Song Of Ice &amp; Fire ' book won't be out this year at all . Have to do with more Dunc &amp; Egg prequels then ! http://t.co/wfxPsIgGao,LOW,ok
wnut17_02590,Rudy is the modern MysteryGuitarMan,LOW,ok
wnut17_02591,I wish they ' d spend research efforts on how to get more voters to act rationally . : ),LOW,ok
wnut17_02592,RT @MsLeaSalonga : @idolkosilea The latter . Na may halong pasaway na very very light .,LOW,ok
wnut17_02593,Sign up for the Middle East and Africa December Regional Debate on the topic of Enhancing Political Stability in ... http://t.co/P398sR4wta,LOW,ok
wnut17_02594,You may need to overcome your own inertia if you want to show ... More for Libra http://t.co/IVx79jtliq,LOW,ok
wnut17_02595,RT @_brittneyclark : WHY IS IT SUPPOSED TO BE 64 TOMORROW WHAT THE HECK,LOW,ok
wnut17_02596,@heyitskaaaath may iba na syang mahal anak . :(,LOW,ok
wnut17_02597,"Jan Fredrik , litt mye ? #engasjert #mittdansecrew",LOW,ok
wnut17_02598,I was there LOL did you go on the big rides like saw swarm,LOW,ok
wnut17_02599,"RT @NotebookMsgs : LOVE may not happen in the way you WANT , but it could happen in the way you NEED .",LOW,ok
wnut17_02600,RT @ suav 1 be : https://t.co/rbdLUAeHK5,LOW,ok
wnut17_02601,@SillyChris13 May I ask you a favor ? Please give a Like . I need your help ! http://t.co/4MTJdAnxJe,LOW,ok
wnut17_02602,"Candlelight vigil scheduled for John Paul Quintero , man shot by Wichita police , tomorrow night at St . Mark's. http://t.co/ODZPuFVYqF",MEDIUM,ok
wnut17_02603,RT @DBLesky : Here 's an idea . Ernie Banks Day . Pick a Saturday every year and every team plays a scheduled double header that day .,LOW,ok
wnut17_02604,"could you try ' / / \ nalert ( 1 ) ; window . history . back ( ) ? . if that does n ' t work , it might be a 500 error with a redirect to root as default behaviour",LOW,ok
wnut17_02605,"Hmm , but is n ' t the [ Vrĳzinnige Partĳ ] ( https://nl.wikipedia.org/wiki/Vrijzinnige_Partij ) in parliament under the name [ Groep Klein ] ( https://www.tweedekamer.nl/kamerleden/fracties/klein ) ? Then why Nieuwe Wegen / Monasch but not Vrĳzinnige Partĳ / Klein ?",HIGH,ok
wnut17_02606,"We on fire on "" ThePhoenixhour "" w/ @thephoenixmag Thurs 7-9pm on WKMT-DB @Dagr8fm #1hiphopstation #worldwide http://t.co/Z4wD9yateK",LOW,ok
wnut17_02607,RT @MulaaaP : @PhyllisaA_Macc Sunday imma catch a flight home,LOW,ok
wnut17_02608,Do politicians ever admit they made a bad decision ?,LOW,ok
wnut17_02609,Jason Industries to Hold Annual Meeting of Stockholders on May 20 http://t.co/6BAzXxZqfO,LOW,ok
wnut17_02610,""" Junk food may not kill us directly , but by prompting the collapse of .. a mutually beneficial symbiosis ."" -Velasquez-Manoff #diet",LOW,ok
wnut17_02611,Where ' s the one from ~ ~ Syria ~ ~ Serbia where some guy banged it over the bar from the goalline ?,LOW,ok
wnut17_02612,"The Ascension disrespects The New World Order : Raw , January 19 , 2015 http://t.co/F4dGtYqHqE http://t.co/bLWMU6TfUe",LOW,ok
wnut17_02613,Waitlist # 3 but doubt I ' ll get in the class . Low key not even mad,LOW,ok
wnut17_02614,messi watching this game tv .,LOW,ok
wnut17_02615,U forgot the optical drive .,LOW,ok
wnut17_02616,"RT @blackvoices : Willie Mae "" Big Mama "" Thornton was born today December 11th , in 1926 . http://t.co/04P5I9VIA7",LOW,ok
wnut17_02617,Can the vice president be fired ?,LOW,ok
wnut17_02618,"Pre Order jaket Korea CHELSEA "" RIDE "" sd 7 Jan , 185K belum ongkir @rio_intan SMS/WA 081235994171 pin 512A3491 http://t.co/qvN7jhp0II",UNKNOWN,fallback_unknown
wnut17_02619,When you get a D- Teammate Grade after playing 3 minutes in pro am .,LOW,ok
wnut17_02620,"January 04 , 2015 at 06:38 AM postg",LOW,ok
wnut17_02621,DING DING DING DING DING DING DING DING DING DING DING,LOW,ok
wnut17_02622,"& gt ; * Arrangements are in place to carry the mortal remains of the martyrs to their native places immediately after weather becomes clear , Defence Spokesman Colonel Rajesh Kalia said .",LOW,ok
wnut17_02623,"RT @OneTrueRush : "" I've asked you to flood my wall !"" - @hotflashjenni Jan 9/2015 #floodmywall",LOW,ok
wnut17_02624,""" @sehunsqueen : "" exo is the 1st group to win album daesang award @ GDA with a mini album "" *slaps this on haters faces* """,LOW,ok
wnut17_02625,Happy Wednesday Dean guys and girls ! http://t.co/iL5sgge88d,LOW,ok
wnut17_02626,"http://t.co/ZzYW2Spdfd December 27 , 2014 at 12:41 PM http://t.co/FdUhyz5Q0e",LOW,ok
wnut17_02627,RT @ zvhirXX : girls please bring these back . https://t.co/2WGQ1H8w6o,LOW,ok
wnut17_02628,"RT @pham1717 : They picked up right where they left off Wednesday . Their coverage is horrendous . Another PP goal against , 2-0 Panthers .",LOW,ok
wnut17_02629,"Redi :D "" @bloodwolfHC : Are ready wolf ? We can perfom at ' the launching #1st @THpoppunk_ '""",LOW,ok
wnut17_02630,BEAUTY TIPS : http://t.co/32deZSbvFR #3146 SK-II Facial Treatment UV Protection SPF 25 PA++ 30g Sun Care SK2 SK ... http://t.co/u1gYPCzydf,LOW,ok
wnut17_02631,RT @ Lawrence : Huge breakthrough ! @ nytimes calling a lie a lie . In front page headline . Should ' ve done it every day of campaign . https://t.c…,LOW,ok
wnut17_02632,Deen-e-Hayat ( jan bojh kar kasam khana Sakht mana hain ) 28 January 2015 http://t.co/17m1gRP070 http://t.co/eJIvWt3Xwz,LOW,ok
wnut17_02633,@shadiesk @Each1Teach1_J sure ! Late Jan ? New edition will be here ...,LOW,ok
wnut17_02634,"@GalaxyBlackHat @airerose ugh , it happens all of the time &gt; :/ it'd be nice if @twitter said something to allow the person to address it 1st",UNKNOWN,fallback_unknown
wnut17_02635,Harry Potter Humour - Writers Write Creative Blog https://t.co/U7LqBNgv3z,LOW,ok
wnut17_02636,#NowPlaying #Sedia http://t.co/YkwjLgWZFH #Heinz #utiket #Wed,LOW,ok
wnut17_02637,That ' s why I have np at the start of the URL as per the sub ' s T & amp ; C ' s .,LOW,ok
wnut17_02638,Who 's gonna be my date to midnight mass tomorrow night ?,LOW,ok
wnut17_02639,@mr_kristman well I'm cleaning the house and thinking about next semester in Uni . Classes start in january .,LOW,ok
wnut17_02640,Satte Abgaben : Dax bricht im Sog der Sorgen ein http://t.co/mIGWlpiPRq,LOW,ok
wnut17_02641,RT @MattyBRaps : Headed out for some Friday night fun with friends . Ready for a great weekend . What r u up 2 ? http://t.co/VcpIbV9w1f,LOW,ok
wnut17_02642,"21 miles and talking about airplanes tuff ? There ' s a twenty one pilots joke in here somewhere . . . Sorry , I could n ' t help myself . I had to .",LOW,ok
wnut17_02643,RT @pimpflavakaycee : After May ( billboards probs ) is when ash started getting stressed I'm :/ http://t.co/8okaeOHewA,LOW,ok
wnut17_02644,"True , but I imagine it would be a lot lower and as I pointed out to Andrew Little would be cheaper than [ eliminating fees .",HIGH,ok
wnut17_02645,The Road 2 BQ : January 8 http://t.co/mCQRfd3f4W,LOW,ok
wnut17_02646,Princeboss is my username do it pls,LOW,ok
wnut17_02647,nobody ever wants to pick up my shift on Sunday 's &amp; it 's literally the only day I don't want to work,LOW,ok
wnut17_02648,May pasok nanaman : 3 - . -,UNKNOWN,fallback_unknown
wnut17_02649,Goran Dragic ( back ) will play Wednesday http://t.co/4yVGZ55JdY,LOW,ok
wnut17_02650,RT @that_shorttyy : Flannel Friday ?,LOW,ok
wnut17_02651,Continuing to follow my heart no matter how hard it may be or how hurt I end up because honestly life is too short,LOW,ok
wnut17_02652,Santi Cazorla produced a central-midfield masterclass on Sunday . The Spain international scored from the penalty ... http://t.co/FAHz1n1b9e,LOW,ok
wnut17_02653,Wedo Elegance #kopen #MaxICT . nl http://t.co/G1JKySVqgR,LOW,ok
wnut17_02654,This answer describes the design intent for the difference ( the ability to block encrypted searches ) . The other answers tested the functional difference . The design intent remains unchanged . It ' s a historical fact at this point .,LOW,ok
wnut17_02655,@FashionxLover what kind of operation ? If I may ask ...,LOW,ok
wnut17_02656,Dear @onebiggins do you fancy a stag party in Brighton mid March ? Hit me up if you fancy it,LOW,ok
wnut17_02657,"RT @OfficialBHAFC : #BHAFC subs v #AFC : Walton ( GK) , Hughes , Rea , Chicksen , Colunga , March , Mackail-Smith . #BHAvAFC",LOW,ok
wnut17_02658,"@tos http://t.co/J0Nc5DZ3PJ January 15 , 2015 at 06:16 AM",LOW,ok
wnut17_02659,The power of planning can be a blessing or a curse depending o . . . More for Libra https://t.co/qBO9bRptdZ,LOW,ok
wnut17_02660,Who else is having Internet issues ? We're with TPG and no connection at the moment . Tried to call TPG but tech support is open tomorrow .,LOW,ok
wnut17_02661,"Tomorrow we in somebody club ,",LOW,ok
wnut17_02662,It came into effect on the 30 th of December 2016 .,LOW,ok
wnut17_02663,"@alana_mckeown Hi , you may want to check out new exciting mobile app @SnapsBoard to organize/share yr photos/videos http://t.co/riGVEptC1S",LOW,ok
wnut17_02664,Superior white people - Truly a gift to all mankind .,UNKNOWN,fallback_unknown
wnut17_02665,RT @camerondallas : I want to sleep all day tomorrow,LOW,ok
wnut17_02666,RT @beccaandthebox : may your 2015 start off cute and grow strong and powerful &lt; 3 http://t.co/eQr9qg8sSZ,LOW,ok
wnut17_02667,"This IS amazing . Sad for me as I do n ' t have a cat anymore , another is on my list 100 %",LOW,ok
wnut17_02668,"RT @MashAnnArbor : Mike May &amp; The Messarounds headline tonight at 10pm , Laura Rain Duo opens at 6pm .",LOW,ok
wnut17_02669,H.E Museveni says we should not plan politics but continue doing our usual activities . He wants to adress issues of today not tomorrow's.,LOW,ok
wnut17_02670,"kahit may fallback na ako , ust padin wewzs",LOW,ok
wnut17_02671,"@null http://t.co/o7hjuEOAFs February 01 , 2015 at 02:54 AM manko vol . 1",LOW,ok
wnut17_02672,RT @ FemaleKnows : @ anyone who ' s ever tried to dm or text me https://t.co/0zI1d5mxfG,LOW,ok
wnut17_02673,Your responses are much appreciated .,LOW,ok
wnut17_02674,I REMEMBER IN 8TH WHEN PRISCILLA RAN UP TO ME WHEN I GOT TO SCHOOL AND GAVE ME A COOKIE AND OFCOURSE I FUCKING ATE IT RIGHT ?,LOW,ok
wnut17_02675,"Due to technical reasons , this story has been removed from our database Jan 21 2015 - Israeli Planes Breach Leba ... http://t.co/O2w1x50eLW",LOW,ok
wnut17_02676,That Eclipse Spyder thoo . . love at first sight ! !,LOW,ok
wnut17_02677,"RT @wxjerdman : After 7+ years , a #tornado track is still visible in a satellite image Saturday . Via @NWSGreenBay : http://t.co/DHjecOgyoP",LOW,ok
wnut17_02678,Unrealistic dreams may crash down to earth today as you try to ... More for Virgo http://t.co/mozomndkzN,LOW,ok
wnut17_02679,"That ' s not . p 12 format . Just . PEM format with the ( wrong ) . p 12 file name extension . Do you really , really need p 12 format ? ( If what you did works , then you don ' t , since it never was P 12 . )",LOW,ok
wnut17_02680,RT @apink_sg : [ FANCAM ] 150130 Apink Pink Paradise Concert Day 1 - April 19th ( 2 ) // By pink pink panda http://t.co/CBo2N1tHi1,LOW,ok
wnut17_02681,Retweeting for @ BadlandsNPS . # ClimateChange is real ! # TheResistance # DefyTrump # TrumpLeaks # DworkinReport … https://t.co/1b7qIhtqwH,LOW,ok
wnut17_02682,"“ In Navy , advisories on mental health are issued from time to time and stress relieving activities like yoga , art of living are conducted periodically .",LOW,ok
wnut17_02683,"Chelsea lost yesterday , now I ' m hiding from the match and post match threads on [ / r / soccer / ] ( https://www.reddit.com/r/soccer/ )",LOW,ok
wnut17_02684,Visuals of the avalanche site in Gurez sector .,LOW,ok
wnut17_02685,""" I hate mornings . One of these days , i will watch Apollo will burn . Ironic but he will just like how the sun 's gonna set off someday .""",LOW,ok
wnut17_02686,@ skipsy _ l Right ? ! I went to take a shower & amp ; head to bed . My phone was blowing up . I was like . . wth is happening ? Then booya ! Hit that quota !,LOW,ok
wnut17_02687,"Last lie in . Back to the school run tomorrow . Bring it on , I'm ready !",LOW,ok
wnut17_02688,What non- Star Trek movie used the TOS font for the end credits ?,LOW,ok
wnut17_02689,"http://t.co/cHnlh36QsW January 14 , 2015 at 01:06 PM",LOW,ok
wnut17_02690,@ KATHERllNE All she was doing was encouraging someone no harm there bud,LOW,ok
wnut17_02691,"RT @Horny4DaBiebs : more pics of Justin and fans in Beverly Hills , CA last night - January 24 http://t.co/9NFBGgjMfp",LOW,ok
wnut17_02692,What I never understood about the ' depopulation secret agenda ' is if that is the goal why not just make contraception free and fast track RISUG and then do a massive family planning / sex education media blitz ?,HIGH,ok
wnut17_02693,This how females should react when they found out the nigga been cheating total respect 👏 https://t.co/uSVwoeZC8B,UNKNOWN,fallback_unknown
wnut17_02694,"RT @JackZaphiris : Well peace McDowell it 's been real , see you Saturday bright and early for the SATs",LOW,ok
wnut17_02695,kim burrel - hold 2 ur faith https://t.co/5SXwx5nhYa # NowPlaying # ListenLive,LOW,ok
wnut17_02696,Drunk on a Sunday in jcs,LOW,ok
wnut17_02697,2014 has been a great year ! Tomorrow is 2015 and that allows me to correct the errors of 2014 for a great year ! Happy New Year everyone !!...,LOW,ok
wnut17_02698,RT @leighsbows : oh mon dieu http://t.co/yOLtPbxgVx,HIGH,ok
wnut17_02699,#Cartier - Cartier Must 21 2 TONE MENS Watch + CARTIER BOX MId Size : $ 800.00 ( 0 Bids)End Date : Sat ... http://t.co/djU4ZCwCQd #Deals_US,LOW,ok
wnut17_02700,What Star Trek TOS characters have been confirmed to be appearing in Discovery ?,HIGH,ok
wnut17_02701,@deanfunk80 10th step territory,LOW,ok
wnut17_02702,2nd Classic Picture Of ( THE TWIN TOWERS OF POWER ) Standing Tall With Fellow Rap SuperStar (@JOELLORTIZ ) Too Official ! http://t.co/LEa1YB1oGy,LOW,ok
wnut17_02703,Hope those refugees can benefit . A goldmine of potential they would ' ve lost in Syria .,LOW,ok
wnut17_02704,"Hey Tom , can you comment on this thread ?",LOW,ok
wnut17_02705,your smile makes my day stay always better Jack Gilinsky,LOW,ok
wnut17_02706,Car Loader for Kids and Children,LOW,ok
wnut17_02707,Just think ... This time tomorrow it 's gonna be 2015 ... Like wow look at that,LOW,ok
wnut17_02708,Arsenal need to beat West Ham tomorrow !,LOW,ok
wnut17_02709,@210AuGuSt922 Nov . Not that cold yet .,LOW,ok
wnut17_02710,"Hats off to Nick for his love frequency , positivity and truth .",LOW,ok
wnut17_02711,RT @SoDamnTrue : The only school I would willing go to tomorrow http://t.co/re2Flso4L3,LOW,ok
wnut17_02712,"A win tomorrow would be absolutely massive . As per , any win whatsoever will do ! COME ON YOU REDS ! #mufc",LOW,ok
wnut17_02713,Sunday afternoon naps are the best .,LOW,ok
wnut17_02714,"When Utah lawmakers convene for their 2015 legislative session Monday , they will face a packed agenda that wil ... http://t.co/o2wNQrnm9n",LOW,ok
wnut17_02715,RT @allkpop : ICYMI : miss A said to be preparing for comeback in April http://t.co/9NOTxvAD0n,LOW,ok
wnut17_02716,"RT @RMCFStats : CATET NIH DI JIDAT : Real Madrid vs Sevilla , Kamis , 05 Feb 2015 Jam 02:45 WIB Live RCTI !",LOW,ok
wnut17_02717,They should do R 8 vs Challenger,UNKNOWN,fallback_unknown
wnut17_02718,"@sheelly29 Jan gitu kak- , -",LOW,ok
wnut17_02719,RT @OhioStAthletics : 2nd half - Here we go ! #Buckeyes have the ball at their own 25 . #GoBucks Beat Bama !,LOW,ok
wnut17_02720,EL VIERNE CAPAS QUE ME VALLA A MAR DE TUYU POR UNA SAMANA PIOLAA SE RE PONE,LOW,ok
wnut17_02721,This guy can do it all 1st he breaks Lincoln Burrows out of prison now he 's playing in the Super Bowl http://t.co/1cGNYe3y4o @snailthesanil,LOW,ok
wnut17_02722,RT @Lil_Halt : School tomorrow is a no go,LOW,ok
wnut17_02723,"RT @MTansl_Erickson : @Erickson_PRTeam ' Honeymooners ' to Come to Charlestown on March 6 and 7 | Catonsville , MD Patch http://t.co/wfVGpX5dCU",LOW,ok
wnut17_02724,RT @BrooksBeau : Tickets to our very first arena show http://t.co/tXgt4PMWhf,LOW,ok
wnut17_02725,"We must learn to live together as brothers or perish together as fools , -- Speech in St , Louis , Missouri , March 22 , 1964",LOW,ok
wnut17_02726,RT @QueenfilmFan : #Berlinale opening is tomorrow - live streams you'll find here --- &gt; https://t.co/rnUEA7ouvF http://t.co/Teiun3W9KT,LOW,ok
wnut17_02727,I'm walking &amp; talking like money . Probably somewhere on the beach where the sun at,LOW,ok
wnut17_02728,"RT @tvtagHelix : Hatake it 's July , you don't need firewood . #Helix #syfy @MckeeveMichelle http://t.co/CxC3EOKWa4",LOW,ok
wnut17_02729,RT @ColIegeStudent : Who 's birthday is it tomorrow ? http://t.co/FNMAIARvG7,LOW,ok
wnut17_02730,"@mitsusin http://t.co/0PgmuXJW2U December 21 , 2014 at 07:25 AM",LOW,ok
wnut17_02731,"Another hour ! It 's February 05 , 2015 at 02:19 PM",LOW,ok
wnut17_02732,EVERY SUNDAY 8PM POWER1051 NYC,LOW,ok
wnut17_02733,Is this like No cutting hair December ?? PEOPLE NEED TO GET THEIR HAIR CUT BEFORE I USE A GRASS CUTTER TO SHAVE IT ALL OFF .,LOW,ok
wnut17_02734,"In "" The Six Thatchers "" , why does Watson blame Sherlock rather than himself ?",LOW,ok
wnut17_02735,@paddyscousedog long story rele ... she had non-cancerous tumour removed from leg last may + we thought probs from that but she did av a,MEDIUM,ok
wnut17_02736,@ Willpower _ 8 Sorry for the delay but we ' ve got your reply # HowDoYouFeelChallenge https://t.co/6ax9VLjnZP,LOW,ok
wnut17_02737,RT @WorIdStarComedy : He used a Snapchat for his SAT ID http://t.co/cQA1YyoclU,MEDIUM,ok
wnut17_02738,Free on eBook Blitz : The Eslites by CM Doporto https://t.co/lSmKwx0q4g # ebblitz https://t.co/H7qDz6E2Fv,LOW,ok
wnut17_02739,RT @ amber _ elyxx : Everything happens for a reason,LOW,ok
wnut17_02740,RT @BobOngQuotes : Dec . 24 - Noche Buena Dec . 31 - Media Noche Jan . 05 - Leche balik sa Klase #DearPopeFrancis,LOW,ok
wnut17_02741,[ Snickers ] ( https://www.reddit.com/r/ireland/comments/3dpuxy/visiting_your_beautiful_country_this_weekend_want/ ),LOW,ok
wnut17_02742,"The River Rom , also in places known as the River Beam , is a river in Essex which becomes a tributary of the River … https://t.co/jzzw4lSsJa",LOW,ok
wnut17_02743,Explore ... Dating time change to 7pm on Mon 12/15 ( instead of 6 ) RT !! http://t.co/wqf9OasM0W,LOW,ok
wnut17_02744,Chuck this a read https://www.reddit.com/r/newzealand/wiki/titles,LOW,ok
wnut17_02745,Not mentally prepared for tomorrow,LOW,ok
wnut17_02746,Can it be Friday already like geez,LOW,ok
wnut17_02747,I've liked all the topics I've done in history so far but now we're doing the 40s to the 70s I may cry they are my favourite decades,LOW,ok
wnut17_02748,Photo : #Soba #tempura #BondiRamen #foodie #sunday #afternoon ( at Ramen Kan Bondi Junction ) http://t.co/wzjZ8zHrYu,LOW,ok
wnut17_02749,"David Mark Confesses , "" Buhari Is A Formidable Opponent ."": Senate President , David Mark , on Thursday admitted t ... http://t.co/B46xbOEfT9",LOW,ok
wnut17_02750,My January Favorites went up today ! Have you seen it yet ? https://t.co/zkYa3xh4sN,LOW,ok
wnut17_02751,""" @5SOS : Tomorrow 's on its way http://t.co/bZajiIdXZR "" beautiful !!!!!!!!!",LOW,ok
wnut17_02752,http://t.co/bkpbXWGd4P @YBLTV Previews @Hyundai 's 2nd Gen Blue Link #Tech &amp; New #Smartwatch #App #CES2015 @intlCES http://t.co/YSIsBe30S4,LOW,ok
wnut17_02753,Now Playing : Apna Sangeet - Valeti Bhabiyan https://t.co/Rplegi07vb,LOW,ok
wnut17_02754,Not sure if I want to cam tonight or tomorrow ... What do you guys think ? http://t.co/DAlvVglYBj http://t.co/CUxwXzb2JW,LOW,ok
wnut17_02755,You may grow so concerned with executing your own agenda today ... More for Taurus http://t.co/MUa0kQ9zti,LOW,ok
wnut17_02756,It 's Friday !!! #LOL http://t.co/LAKPv1JTHE,LOW,ok
wnut17_02757,Poor Carson . . . he almost made it . Gabe is cute and innocent as always .,LOW,ok
wnut17_02758,RT @wisatatiketcom : TIKET PROMO Ambon - Jakarta | 1-10 Feb 2015 | Info klik http://t.co/uuFJHxV3d7 http://t.co/Ad4C4GALxJ,LOW,ok
wnut17_02759,"In the Travel Ban Executive order - What is the "" Biometric Entry- Exit Tracking System ? """,LOW,ok
wnut17_02760,& gt ; It will be very telling ( though probably unsurprising ) how folks like Trey Gowdy and Jason Chaffetz react to this .,LOW,ok
wnut17_02761,RT @relientK : Deck the halls with mistletoe May all your heavy burdens go Up the chimney in a cloud of smoke http://t.co/gEWwG6HJNE,LOW,ok
wnut17_02762,"Are the Martians saying "" Ut "" or "" Ack "" ?",LOW,ok
wnut17_02763,Laying down now . Forget the mall today . I'll go before Wednesday .,LOW,ok
wnut17_02764,"@aliaa08 Dear Mam , i am such a huge fan of you . I study in 8th class . I LOVE YOU MAM . ONCE I WANNA TALK TO YOU .. I M FROM PUNJAB",LOW,ok
wnut17_02765,"RT @IowaCitySchools : There will be no classes for Iowa City Schools on Monday , February 2nd . http://t.co/3zaYnD47hS",LOW,ok
wnut17_02766,SAT NIGHT jamrock !! http://t.co/h8VcnLHmJz,LOW,ok
wnut17_02767,"I don't think Imma go to school tomorrow , might skip",LOW,ok
wnut17_02768,Happy February fools dayyyyy,LOW,ok
wnut17_02769,RT @Matt_Dominguez : I can't wait for tomorrow - I'm heading back to North Carolina to see the French ! http://t.co/CM1YXb0CcS,LOW,ok
wnut17_02770,"[ Professor Monkey- For- A-Head ] ( http://earthwormjim.wikia.com/wiki/Professor_Monkey-For-A-Head ) from _ Earthworm Jim _ preceded him , but I do n ' t if that counts : - )",LOW,ok
wnut17_02771,RT @cosmicsticks : Yayyyy this coming sat 's radio features Jonghyun x Iron !,LOW,ok
wnut17_02772,EU will add c19 names to Ukraine sanctions list on Mon . No proposals yet on new economic measures . Arming Kiev up to nat capitals not EU,LOW,ok
wnut17_02773,@WestThorntonPA Teachers Open Evening at the MOC 22nd Jan 3.30 - 5.30 . Sample our learning prog ! RSVP museumeducation@croydon . gov . uk,LOW,ok
wnut17_02774,RT @AlinkinKing : Let the music play all day ... why not it 's a feel good Friday :),LOW,ok
wnut17_02775,RT @TSKSRK : Aaj Yeh Sun Kar Meri Maa Kitni Khush Hoti ..; ) We Want Don 3,LOW,ok
wnut17_02776,Find out all you need to know about the New and Exciting THAT ART FAIR coming to Cape Town this February ! http://t.co/OExhI2VHLp,LOW,ok
wnut17_02777,"Also , do n ' t forget [ drinks this Friday at Kelly ' s in Newtown ] ( https://www.reddit.com/r/sydney/comments/5z1ahm/st_patricks_day_drinks_kellys_on_king_newtown/?st=j098chos&amp;sh=f63980b5 )",LOW,ok
wnut17_02778,Inaiku enakkum enga amma kum sanda vara poguthu ..... Sun vs ktv ...... Purinja retweet pannu .. illana kalaingar tv paaru,LOW,ok
wnut17_02779,Is Trump tweeting himself on realDonaldTrump ?,LOW,ok
wnut17_02780,RT @We_Dem_BoyZ_D : 7th grade was pretty good https://t.co/nZg6Rv1oIB,LOW,ok
wnut17_02781,new phone comes tomorrow tybg,LOW,ok
wnut17_02782,RT @ PandasDaiIy : me after studying for 7 seconds https://t.co/bu7aBkIjYj,LOW,ok
wnut17_02783,I can't stop listening to August Alsina,LOW,ok
wnut17_02784,Study and Go Abroad Fairs . They will be holding an Expo on Feb 25 at the Vanc . Convention Centre from 2-6 pm . http://t.co/7njj7B8Pj3,LOW,ok
wnut17_02785,I ' m voting to close this question as off-topic because this is a legal question and belongs on [ Law . SE ] .,LOW,ok
wnut17_02786,"RT @SneakerShouts : The Air Jordan Bordeaux 7s retro again on July 4th , 2015 http://t.co/NCO1pkxmf5",LOW,ok
wnut17_02787,RT @V0Ella : The 6th poem in our Poetry Challenge shortlist is Stubborn Heart by @Me_Marina http://t.co/EfEcdlfr8X http://t.co/8Zh21605Dc,LOW,ok
wnut17_02788,THANK YOU &amp; HAPPY NEW YEAR EVERYONE ! ON WEDNESDAY 31 WE'LL OPEN UNTIL 3:00 AND WE'LL BE CLOSED ON THURSDAY &amp; FRIDAY JANUARY 1 &amp; 2 20FIFTEEN,LOW,ok
wnut17_02789,Don't forget tomorrow is Martin Luther King Jr Day . We will not be having school . See you all on Tuesday ! Go Colts !,LOW,ok
wnut17_02790,You may already have your schedule set in stone but you might ... More for Scorpio http://t.co/vdrHqQ5JRo,LOW,ok
wnut17_02791,RT @JaiBrooks1 : Fuck I hear mozzies flying around the room :( I'm going to be itchy like a bitchy tomorrow morning,LOW,ok
wnut17_02792,@abbyjanecoleman Merry Xmas to you and your Family may it B Happy Healthy Safe &amp; Joyous ! Xx,LOW,ok
wnut17_02793,RT @MadelnCanada : Roll Up the Rim is back at Timmies February 2nd RT to save a life,LOW,ok
wnut17_02794,@ JacobRhines that or shit on them lol,LOW,ok
wnut17_02795,"RT @ praises : "" you gonna hate yourself in the morning if you stay up late "" jokes on you I ' m gonna hate myself in the morning no matter what",LOW,ok
wnut17_02796,when they playing come over on the last sunday radio show i wanted to rip my face off,LOW,ok
wnut17_02797,RT @ femalebook : @ my crush https://t.co/riUzxZqqGQ,LOW,ok
wnut17_02798,RT @julietteberton : Jean Dujardin c'est une bombe sexuelle mon dieu,LOW,ok
wnut17_02799,No work tomorrow I get to relax and recover cause of my sickness,LOW,ok
wnut17_02800,"Congrats to @UCRsoccer_M SR Otis Earle on being drafted 1st round , 15th overall to @FCDallas ! Great get for them .",LOW,ok
wnut17_02801,RT @ kartikaaw 32 : Tweet trus for Kezia Warouw # MissUniverse # Indonesia,LOW,ok
wnut17_02802,comme celle a ma soeur ou celle comme mon beau frere,LOW,ok
wnut17_02803,RT @NBA_JaM_ : #KREAM January 2015 #DirtyBirdscartel #Amg #DontknockTheHustle #SupportIt http://t.co/doIFRSC5ku,LOW,ok
wnut17_02804,"ISI AND FBI TO REPEAT PESAWAR , INDIA MAY BE BLAMED http://t.co/1BEFEimht1",LOW,ok
wnut17_02805,"Save the Date 2/22/15 - "" Blok Club Djs 5th Annual Meet N-Greet - for more info on performances or sponsorship - text http://t.co/OmxeIQDbzk",LOW,ok
wnut17_02806,"RT Crof : Saudi Arabia : One new #MERS case , no deaths as of noon January 19 http://t.co/C4RX9S9fX8",LOW,ok
wnut17_02807,We still have some space available in our Ocean Explorers class on Friday mornings for 3-5 year olds . This week ... http://t.co/Z36HAJt7q6,LOW,ok
wnut17_02808,I ' m referring to the ones newly introduced in Rogue One - I ca n ' t remember if they were given a specific name - I only remember them being referred to as ' Imperial Droids ',LOW,ok
wnut17_02809,Hands down favourite person to watch on Youtube ! I wish your videos were longer though ! : ),LOW,ok
wnut17_02810,please come over tomorrow omg,LOW,ok
wnut17_02811,@aneekbiswas U never knw it may that Hero may ve consciously stayed away from IPL they want to target Tier 2 cities more thus hockey ?,LOW,ok
wnut17_02812,@MINHOICHOI @BabySoul__IRP jan pacaran di mt q,LOW,ok
wnut17_02813,JANUARY 3 pwede na ulit magshipping .. PAKI READY MGA ORDERS AND PAYMENTS,LOW,ok
wnut17_02814,Anything else you can remember about th ' s book ? [ This ] ( http://meta.scifi.stackexchange.com/questions/9335/how-to-ask-a-good-story-id-question ) could help .,LOW,ok
wnut17_02815,where was it ? Turkey ?,LOW,ok
wnut17_02816,@samuelarango4 zamu sep OKNO &lt; 3,LOW,ok
wnut17_02817,RT @ audubonsociety : . @ BadlandsNPS is a great place to find climate-endangered birds like the Golden Eagle . https://t.co/shCTBCgPOJ https://…,LOW,ok
wnut17_02818,"It 's Monday , it 's cold , it 's raining . So here the Season 3 #HouseofCards trailer : http://t.co/AmIYroSS6b http://t.co/enSjJVPWuc",LOW,ok
wnut17_02819,"Pre Order Jaket Korea BARCA "" RIDE "" sd 7 Jan , 185K belum ongkir @riyan_rabbit SMS/WA 081235994171 pin 512A3491 http://t.co/icBiZMv5dS",UNKNOWN,fallback_unknown
wnut17_02820,RT @frizingmun : Vidim anaconda foru i poslije toga jedno sat vremena bacam vlastito oko u zid i hvatam ga da se smirim .,UNKNOWN,fallback_unknown
wnut17_02821,"Coming to Costa Mesa January 30th , the @o2experience : a fresh look at life , death , sex &amp; romance w/ @levilusko ! http://t.co/Z0jVFsdE2p",LOW,ok
wnut17_02822,"RT @Moi_JaimeCa : Quand tu me manques , je relis nos anciennes conversations et je ris devant mon portable .",LOW,ok
wnut17_02823,"Just one word . . . Awesome ! like always , thanks Zac brown band !",LOW,ok
wnut17_02824,I caught 5 shows this week in Nov . 94 when Mosier pointed his personal video camera @ Phish : Bluegrass Sessions 1994 http://t.co/XsgX2CpARe,LOW,ok
wnut17_02825,RT @ BCraftStorage : Cast and Director of Moonlight & amp ; Magnolias at the Fly Community Theater Friday and Saturday night 7 pm and . . . https://t…,LOW,ok
wnut17_02826,Da good folks over at #WizdomBody may need to change our narrative a bit . Our overall message may be gettin #Misunderstood #NobodySmilin,LOW,ok
wnut17_02827,RT @DFkinLopes : when u miss the Capri-sun hole http://t.co/wVMkaxk1il,LOW,ok
wnut17_02828,20th Anniversary Vancouver Resource Investment Conference 2015 http://t.co/40mBR59FZ5 what 's in store for investors #VRIC2015 @Cambridge,LOW,ok
wnut17_02829,RT @ GraysonDolan : Yeah I deleted the first version of that tweet because of spilling errors,LOW,ok
wnut17_02830,Trump : I ' m going to bring back manufacturing jobs to Michigan !,LOW,ok
wnut17_02831,RT @ nakbebel : https://t.co/nvvC11Jfe9,LOW,ok
wnut17_02832,7 Transformer movies ? * pulls a gun at my head *,MEDIUM,ok
wnut17_02833,#PeopleWhoMadeMy2014 mon ange @Hannyversaire,LOW,ok
wnut17_02834,Velvet has such a thin skin he actually deleted and resubmitted an article because someone disagreed with him :,MEDIUM,ok
wnut17_02835,For more info about this and local views on the matter check out where OP took this from .,LOW,ok
wnut17_02836,oig se me pego #CreoEnTi por que no sep !,LOW,ok
wnut17_02837,Whoa ! New York City is getting almost 70cm of snow on Monday and Tuesday combined ! Checked Montreal and we're only getting 5 ! #crisisaverted,LOW,ok
wnut17_02838,Dec 24 - Jan 24 #FRANCE MICRO FOCUS add #phone : +43 7 .. 694 0 http://t.co/8CT3GeiH9s #MICROFOCUS,LOW,ok
wnut17_02839,RT @LILBTHEBASEDGOD : THANK YOU BASEDGOD x NFL SUPERBOWL SUNDAY@nfl @SuperBowl - Lil B,LOW,ok
wnut17_02840,"may number combination ka na , kaso hindi mo tinaya sa lotto , tas biglang lumabas yung number mo , #AyanSayangTuloy @chicoloco_yesfm",LOW,ok
wnut17_02841,RT @LaurenRedd36 : gotta also call the Realtor monday and see about any new listings in the area we are trying to move to,LOW,ok
wnut17_02842,"RT @ProVesting : $HBC : Citizens Bank , HSBC Mortgage Rates Climbing Today Jan 25 , 2015 : http://t.co/2jNqRjU0eh",LOW,ok
wnut17_02843,"My grandma always tells me "" If you don't have bad luck you have no luck ."" And that may be the most correct statement I have ever heard",LOW,ok
wnut17_02844,"i love you momo you are soooo beautiful sweet , cute , lovely women in the world i am 10 year old",HIGH,ok
wnut17_02845,Beauty Deals #7113 http://t.co/Ab5uIyOOTn 4pcs Sunscreen Sunday Creme SPF50 PA+++UVA/UVB . BODY Sunblock Umbrella ... http://t.co/SKkerxYY1h,LOW,ok
wnut17_02846,"The President signed H.R. 5739 into law on December 18th , 2014 via http://t.co/pSL2FQZlWS",LOW,ok
wnut17_02847,"RT @WeLoveRobDyrdek : "" On a scale of 1 to 10 , how happy are you that we have school tomorrow ?"" http://t.co/6RQkKyR8Xs",LOW,ok
wnut17_02848,@ThePigGuide can you recommend a great steak place in #bath for next Monday or any amazing #restaurants ! Thank you,LOW,ok
wnut17_02849,"#LadiesNight Friday , 12-26-14 #BIackOut #at THE HG : 2617 Washington : 314*223*6367 @detroit781_doe @B_Wash5",MEDIUM,ok
wnut17_02850,RT @InfoWikipedia : #Peristiwa 07 Jan 1984 - Brunei bergabung menjadi anggota keenam ASEAN . #Wikipedia,LOW,ok
wnut17_02851,"Ugh , Lupita Nyong'o, stop being so damn perfect : http://t.co/Sk6cS71I5H #gorgeous",LOW,ok
wnut17_02852,What is the difference between Yautja and Super Yautja in Predators ?,LOW,ok
wnut17_02853,gonna start my finish up at school tomorrow . super excited im going back and im almost done,LOW,ok
wnut17_02854,The thief comes only to steal and kill and destroy . I came that they may have life and have it abundantly . - John 10:10,LOW,ok
wnut17_02855,@eilsel_lj ahahaha !!!! uy tignan mo may post ako sa gsd ph !!! &lt; 3,UNKNOWN,fallback_unknown
wnut17_02856,"December 18 , 2014 at 03:51 PM post --- . // . //",LOW,ok
wnut17_02857,@Legostorm God Jul ! http://t.co/mtgxglCrrZ,LOW,ok
wnut17_02858,"@null http://t.co/faas7ZVUSD December 13 , 2014 at 02:18 AM Ver . kvx7",LOW,ok
wnut17_02859,RT @FachdiPualam_ : Happy 1st Anniversary Geng Tanjoubi &amp; setlist Dareka no Tame ni : v @bebyJKT48 @nabilahJKT48 @shaniaJKT48 @soniaJKT48 wkwk,HIGH,ok
wnut17_02860,Lol this video had me LMAO ! 😂 😂 😂,LOW,ok
wnut17_02861,I like u / Womble _ Don ' s post about why Lahm is a good captain .,LOW,ok
wnut17_02862,the reason why I ask is because I want to be able to create a java . security . PublicKey object with the bytes and I do n ' t know how to do that .,LOW,ok
wnut17_02863,"All right , seems we will remain with different opinions on this , as to me , TOS * Metamorphosis * appears to be the one-off episode .",LOW,ok
wnut17_02864,RT @ ColiDuhh : It ' s been too long 😔 # KyState _ RYS 17 # KyState _ RYS 17 # KyState _ RYS 17 https://t.co/PrFVEFlr12,LOW,ok
wnut17_02865,"@JayBilas Sorry , Jan . I'll try to do better next time lol .",LOW,ok
wnut17_02866,@trippy_tay :: [ Mixtape ] Criminal Manne - Trap Talk :: Jan . 30th ! http://t.co/2HixTIfmvL @LiveMixtapes @Trapaholics @Criminal_Manne,LOW,ok
wnut17_02867,I missed it . Just had ribs finish in the Q when I dropped a knife on a major artery .,LOW,ok
wnut17_02868,@juliehatesu let 's go to Disneyland tomorrow and scare little kids again,MEDIUM,ok
wnut17_02869,RT @NOT_MOTD : Alberto Moreno is a fitness worry for Liverpool tomorrow after losing his head . http://t.co/fBv2eBYK0l,LOW,ok
wnut17_02870,RT @Independent : Sadly we're not all going to float in the air for five minutes on Sunday http://t.co/N50FW1szk7 http://t.co/JHVqE88ymc,LOW,ok
wnut17_02871,At 0 : 14 I swear I saw a Starbucks . THEY ' RE EVERYWHERE ! ! ! ! !,LOW,ok
wnut17_02872,"@SophieTantam Yes we are , pop along to our next meeting on 11th Feb and you can join then or come as a guest to see if you like us first ! ;-)",LOW,ok
wnut17_02873,"Hi Tbuddies please read this picture for our first ever selfie competition , Hurry this event close 31 January :) http://t.co/Mtzrzijeq9",LOW,ok
wnut17_02874,You may be overly demonstrative about a social or political is ... More for Aquarius http://t.co/tZiLLrqmmo,LOW,ok
wnut17_02875,"You ' re in first class Casey . Would ' ve had to be in cattle for any risk of ejection . Seeing as you ' ve paid twice as much for a seat , they value your business",LOW,ok
wnut17_02876,Had to be at work at 8:30 today and tomorrow at 7 ..... What is life ? What is sleep ?,LOW,ok
wnut17_02877,He said the soldiers deployed in Siachen are being provided pre-fabricated insulated shelters .,LOW,ok
wnut17_02878,What ' s meant by this bill ( H . R . 720 ) text ?,LOW,ok
wnut17_02879,@ CorporalMum YES 😩 . . . that ' ll teach me for doing the laundry & amp ; playing with the dog lol,LOW,ok
wnut17_02880,Wow she is fearless ! ! ! ! !,LOW,ok
wnut17_02881,#7882 Samsung WB350F Smart Digital Camera - Brown + 16GB http://t.co/87s12vcREn $ 138.89 End Date : Monday Jan-1 ... http://t.co/RElhWTbRgD,LOW,ok
wnut17_02882,"@null http://t.co/qO8KN6A2B9 December 12 , 2014 at 04:32 PM -DKF-",LOW,ok
wnut17_02883,"http://t.co/bO1bGYkIBq January 11 , 2015 at 05:42 PM http://t.co/JaAUxO2ukR",LOW,ok
wnut17_02884,@kuabt Young Dro and Cap 1 celebrate their birthdays this Friday @AtlHarlemNights text HARLEM to 545454 enter free til 12,LOW,ok
wnut17_02885,"RT @BBCBreaking : US economy grows by 5% between July &amp; Sept , fastest quarterly growth since summer of 2003 , Commerce Department says",LOW,ok
wnut17_02886,"@wallyball @MSGNetworks @alanhahn @AlTrautwig these close game losses are tough , could it just be a Mental lapse in 4th ? Played well Enuff !",LOW,ok
wnut17_02887,RT @SincerelyTumblr : getting in the car for school tomorrow like http://t.co/Nmjbxpxajt,LOW,ok
wnut17_02888,It 's February ! http://t.co/R9tnQ5tCiC on @bloglovin,LOW,ok
wnut17_02889,"LMAOOOOOOOO , are the Democrats really doubling down on the thing that got Trump elected in first place ?",LOW,ok
wnut17_02890,@ Bmac 0507 @ BiasedGirl @ jimgeraghty I ' m trying to !,LOW,ok
wnut17_02891,OMFG WHY THIS SHIT IS 1 S IN TRENDING ? OMFG REMOVE THIS SHIT !,LOW,ok
wnut17_02892,What are the advantages of the French two-round voting system against a one round alternative ?,LOW,ok
wnut17_02893,How does one leave a pensieve ?,LOW,ok
wnut17_02894,Wizards just channeled their inner GS to blow a 20 point lead,LOW,ok
wnut17_02895,Most women in Muslim countries are [ happy with their situation ] ( https://www.reddit.com/r/worldnews/comments/54khw0/saudi_women_file_petition_to_end_male/d82ygzg/ ) .,MEDIUM,ok
wnut17_02896,"@cityofphan hopefully will be anyway , might go just the Saturday",LOW,ok
wnut17_02897,"I like Mal ' s blonde hair with the purple tips , but I absolutely LOVE her purple hair 💜 💜 💜 💜 💜 💜 💜 💜",LOW,ok
wnut17_02898,3rd qtr has begun ...... Harris starts us off with a 3 !!!,LOW,ok
wnut17_02899,Get ready for the Holier Than Thou F 1 Prima Donnas to spoil the show . Alonso 222 . 548 MPH practice lap at Indy . Big Balls ✔,LOW,ok
wnut17_02900,It ' s like the Twilight Zone of reddit .,LOW,ok
wnut17_02901,i can smell money already https://t.co/Owbgx5peCE,LOW,ok
wnut17_02902,"RT @UnusualFactPage : People who speak two languages , may unconsciously change their personality when they switch languages .",LOW,ok
wnut17_02903,When you use the spare props from Game of Thrones . . .,LOW,ok
wnut17_02904,If I could make like 3hunna more for Twy in feb that would be rad,LOW,ok
wnut17_02905,@Ali_Leith aye lol im off tae inverness and perth the morra the peterhead Tuesday busy start to the week,LOW,ok
wnut17_02906,@EnzoQuenum c'est quand j'ai mon dessin,LOW,ok
wnut17_02907,RT @_youhadonejob : Richard may need some help . http://t.co/uaJqDv1ZVY,LOW,ok
wnut17_02908,#Ticket - ( 4 ) Baltimore National Aquarium ADULT Passes : $ 1.00 ( 0 Bids)End Date : Friday Jan-2-201 ... http://t.co/mMieayhrpU #EventsUS,LOW,ok
wnut17_02909,#Longchamp - Longchamp shoulder bag made in France : $ 20.00 ( 0 Bids)End Date : Wednesday Dec-24-2014 ... http://t.co/sQk8x9suDG #Deals_US,LOW,ok
wnut17_02910,RT @SocratesLozano : WB Shaw at 6th shut down to cedar due pedestrian who is struck and killed by a vehicle @ABC30 http://t.co/Dx3lUc4Vqh,MEDIUM,ok
wnut17_02911,RT @kayla_mertz : August 2nd is going to be the best day of my life probably,LOW,ok
wnut17_02912,Also features corridor scenes I suspect were shot in corridors of TV Centre &amp; robot costumes that may have been repurposed as Cybermen .,LOW,ok
wnut17_02913,& gt ; I believe Peter Hitchens ( Fervent euroskeptic who voted remain ),UNKNOWN,fallback_unknown
wnut17_02914,"@fxrqn_ December 18 , 2014 at 06:31 PM #RT #TFB #TeamFollowBack #TFB #TFW #FF #Follow 6",LOW,ok
wnut17_02915,RT @ kitttenqueen : if you live in SoCal stay on the look out ! pls rt ! ! https://t.co/l4znIq66RN,LOW,ok
wnut17_02916,@stylinsonphones the 1st or 3rd one,HIGH,ok
wnut17_02917,"In case you missed it , @owen_paradigm &amp; I got married on 18th December . New name http://t.co/0LTg5Z9Kx2 Sneaky pics http://t.co/Eu0GWETsBk x",MEDIUM,ok
wnut17_02918,RT @Louis_Tomlinson : Watching Space Jam is a good way to spend a Sunday !!,LOW,ok
wnut17_02919,Cowboys on a 3rd and 10 finally get their 1st down in the game .,LOW,ok
wnut17_02920,"The time is January 25 , 2017 at 12 : 00 AM .",LOW,ok
wnut17_02921,Katy had to put her brush down to Morn desi ' s brush loss,LOW,ok
wnut17_02922,"#Job #KansasCity Area Sales Director &amp; Publisher ( 950) : MO-Kansas City , Join the 17th Fastest Growing Private ... http://t.co/4NbluSUTeq",LOW,ok
wnut17_02923,RT @justinbieber : Have a great Sunday,LOW,ok
wnut17_02924,@WMonikaFonseca Happy Sunday !,LOW,ok
wnut17_02925,"RT @swansduckling : jen , ginny , gosh , ouat may haven't won but they will always be winners in our hearts",LOW,ok
wnut17_02926,@falloutboy ITS LIKE YOU JUST LOOKED AT THE SMUT SATURDAY TAG .,LOW,ok
wnut17_02927,Hello and welcome to / r / southafrica !,LOW,ok
wnut17_02928,"@tos http://t.co/T5PXNsRVMV December 31 , 2014 at 12:05 PM WHATTIME IS IT NOW",LOW,ok
wnut17_02929,Why did n ' t the T- 1000 terminator shoot the eyes of the T- 800 ?,LOW,ok
wnut17_02930,Booing Roger Goodell is the worst tradition in sports history . It just has no point at all .,LOW,ok
wnut17_02931,@LittleMix this saturday is my bday Can you wish me a happy bday ? Love you #ExcitedForLittleMix2015 x14,LOW,ok
wnut17_02932,re : re : re : re : re : re : re : re : re : re : re : re : Esther Sikkimese is now following me on Twitter ! http://t.co/Z58brwgxFp Thanks a bunch ! 103 January ...,LOW,ok
wnut17_02933,RT @ Igbtryden : “ @ edsheeran : My best friend is getting married today . Mega awesome wicked cool . ” http://t.co/DeqPMdoyoB,LOW,ok
wnut17_02934,Guess who ' s back again,LOW,ok
wnut17_02935,"http://t.co/WRBOdW3aUO January 01 , 2015 at 06:57 AM",LOW,ok
wnut17_02936,RT @TheBulMerlo : Not going to school Monday http://t.co/HGrbIWVqmW,LOW,ok
wnut17_02937,Exam tomorrow 's got me like .. http://t.co/MNAEyfHy4P,LOW,ok
wnut17_02938,RT @ bangooan _ aek : https://t.co/hsoMy2Hamk,LOW,ok
wnut17_02939,"In just two months award-winning actor , Viola Davis , comes to Hartford to celebrate the 20th Anniversary of YWCA ... http://t.co/McHtimnQpx",LOW,ok
wnut17_02940,Rob Halford at Judas Priest Press Conference In Hollywood http://t.co/422TPARXDz,LOW,ok
wnut17_02941,"RT @QuarterQuellOrg : A very happy 25th birthday to the fearless Gale Hawthorne , @LiamHemsworth ! #Mockingjay http://t.co/cazltksGgP",LOW,ok
wnut17_02942,isthatjessiej and @kristen3196 in New York on 12th December 2014 ! http://t.co/1UJXENJZYi,MEDIUM,ok
wnut17_02943,RT @catherinetinker : . @parksandrecnbc returns tomorrow and i ain't playin http://t.co/sQ6dRni1kF,LOW,ok
wnut17_02944,RT @gmcuk : Duty of candour joint consultation with @nmcnews closes on 5 Jan . Help us shape our guidance : http://t.co/cUwYkYDTXT,LOW,ok
wnut17_02945,RT @ glowkit : followers will be chosen today + one instagram follower so 4 winners in total ! ! ),LOW,ok
wnut17_02946,#bbcaq Sun always shines for #Photoactive cells . The tide always rises &amp; falls . The waves always swell &amp; roll ... #SustainableEnergy,LOW,ok
wnut17_02947,"RT @SpringFordBands : Reminder : all Jazz ensemble rehearsals start tomorrow . JB2 is 230-4 , JB1 is 4-530 . Rehearsals in 9GC .",LOW,ok
wnut17_02948,"Yeah , and they get all misty-eyed about government-owned businesses and how awful it is that Costello sold them off etc , only because they ' re not old enough to remember having to deal with government-owned businesses and how fucking useless they are :",LOW,ok
wnut17_02949,They would have to pay me to climb that many steps just to get a view . Me + helicopter = Much easier .,LOW,ok
wnut17_02950,"#Young weather January 21 , 22 , 23 , 24 , 25 , 26 2015 http://t.co/grfbJXY7Bq",LOW,ok
wnut17_02951,My birthday is April 30 th,LOW,ok
wnut17_02952,@youngpro36 omg I'm going there before I leave Sunday,LOW,ok
wnut17_02953,he looks like idubbbtv,LOW,ok
wnut17_02954,Was there a time he never looked old ? lol,LOW,ok
wnut17_02955,Store SQL database credentials in a webserver,LOW,ok
wnut17_02956,"RT @vivaYONGYONG : [ Yoseob , Dongwoon/HQ ] 150114 29th GDA ( cr . IdeaboxStore ) http://t.co/J7GcfWslL1",LOW,ok
wnut17_02957,jim50 : $FB Open Date =D ec-12-2014 Open= 77.16 High= 78.88 http://t.co/QIPYHac0XA,LOW,ok
wnut17_02958,It was a good night I have school tomorrow nightttt,LOW,ok
wnut17_02959,"RT @pennycoho : So beautiful , so alive , our wild friends ~ may they remain so ! http://t.co/oTvHllbqEG",LOW,ok
wnut17_02960,RT @_happinex : J'ai enfin mon nouveau tel #MTVStars One Direction,LOW,ok
wnut17_02961,That 's what I love Sunday . Cat nappin ' on the porch swing .,LOW,ok
wnut17_02962,crawpa a eat it too .,LOW,ok
wnut17_02963,Avoided Crossing in QM,LOW,ok
wnut17_02964,Does Rogue One create a plot hole in Return of the Jedi re Hyperspace Radio ?,LOW,ok
wnut17_02965,"RT @davidetmiller : A Hefty , Hearty Salad to Make January Better #food http://t.co/CHfXBL4BcJ http://t.co/GnUrYJJIwp",LOW,ok
wnut17_02966,"Like how do you fuck up so bad , you making make brain rage and want to punch and hit something as soon as i see you fail , please max practice get better , win a game for god sake",LOW,ok
wnut17_02967,What an amazing sight that these women stumbled upon and one they may not soon forget . http://t.co/LCYa9yhOCq,LOW,ok
wnut17_02968,"err you commented on Zlatan [ right here ] ( https://www.reddit.com/r/soccer/comments/5myr5v/zlatan_ibrahimovic_wins_defamation_case_over/dc7mjon/ ) in a thread where the headline literally contains the phrase "" alleged doping allegation "" .",LOW,ok
wnut17_02969,"You may jump to conclusions today , assuming you can get your n ... More for Sagittarius http://t.co/41XuI2AZL4",LOW,ok
wnut17_02970,The office debate today isn't about fonts or UX . Let 's get serious - why does our Spring start on Feb 1st ? Answer : http://t.co/xTt95STF88,LOW,ok
wnut17_02971,JANUARY 17th ! #Back2The90sTurnUp #Arkadelphia #CountryClub @BigWhiskey870 in the Mix ! 18+ | Ladies $5 before 11:30 pm SPREAD THE WORD !!,LOW,ok
wnut17_02972,"RT @Libroantiguo : "" Apocalypse "". Toulouse - BM - ms . 0815 , f . 026 and f . 060v . 14th century ( England ) http://t.co/lDqnacLjp8",LOW,ok
wnut17_02973,"@KingSalman @KingSalman may Allah give you wisdom , that Sulaiman in all your decisions . Long live the king .",LOW,ok
wnut17_02974,RT @TomSilverstein : New from JS : Frustration ' extremely high ' for Slocum after 7th blocked kick http://t.co/0ELh4ssRtA #packers,LOW,ok
wnut17_02975,"http://t.co/zITT6jq7o0 February 03 , 2015 at 12:34 AM",LOW,ok
wnut17_02976,Could someone explain to me . How people can hate @ edsheeran ?,LOW,ok
wnut17_02977,"Please provide as much information as possible . When and where you watched it , language , color or black & white etc",LOW,ok
wnut17_02978,@ArroPark what time does fire and ice skating start this Friday and Saturday night ?,LOW,ok
wnut17_02979,@lauujmoon uhun -tiro o Vesto e coloco em um cantinho- indo pro mar cntg,LOW,ok
wnut17_02980,BTOB 's Ilhoon Covers Beenzino 's ' If I Die Tomorrow ' http://t.co/wbtpeRLK35,LOW,ok
wnut17_02981,Can we talk about how bap are # 1 on a list full of rock music ; ; ; only bap could do this & gt ; . & lt ; ❤ https://t.co/Y4ZL0cYp2V,LOW,ok
wnut17_02982,RT @__thvgnxsty : i'm not going to school on Tuesday FUCKKKK DAAAAAAAAAAAAAAT,LOW,ok
wnut17_02983,RT @ PauDybala _ JR : # dybalamask could be / podrìa ser / potrebbe essere . . . . https://t.co/Vr8n6CLJGY,LOW,ok
wnut17_02984,"You may have your heart set on an impossible partnership , yet ... More for Scorpio http://t.co/mRugIN1Izy",LOW,ok
wnut17_02985,Need some help understanding Peltier Plates,LOW,ok
wnut17_02986,129 PARAWHORES 1st DECK :) #MTVStars Paramore Lady Gaga Nicki Minaj Beyonce Chris Brown Ariana Grande,LOW,ok
wnut17_02987,Does using Oauth behind firewall / closed ports requires proxy,LOW,ok
wnut17_02988,my outfit for school tomorrow : http://t.co/IGiJXzgAR8,LOW,ok
wnut17_02989,I can only imagine how happy you must have been to find out you were pregnant ! My husband and I have been trying for 15 months ( I have PCOS ) and whenever I find out I ' m pregnant ' ll probably fall apart haha .,MEDIUM,ok
wnut17_02990,RT @SincerelyTumblr : everyone at school tomorrow http://t.co/HksM0dnwAr,LOW,ok
wnut17_02991,too be honest watching adam win is boring . . . . they should fuck him more,LOW,ok
wnut17_02992,try fighting yilong the fake shaolin he kicked many mma ass or china sanda taichi youth,LOW,ok
wnut17_02993,23 amazing followers in the last day and there will be more tomorrow . Growing with http://t.co/z2raEYIQVR,LOW,ok
wnut17_02994,"Bagan #CopaDelRey 2014-15 | 16Besar 7 , 14 Jan | QF 21 , 28 Jan | SF 11Feb , 4Maret | Final 30 Mei 2015 [*MNCTV ] http://t.co/ptfO5U7eR9",LOW,ok
wnut17_02995,* * redditor * * : Thorvirdh,LOW,ok
wnut17_02996,How can a country ( UN or non- UN member ) become a member of World Bank ?,LOW,ok
wnut17_02997,let 's go crazy crazy crazy till we see the sun i know we only met but let 's pretend it 's love,LOW,ok
wnut17_02998,[ Alternative format ] ( https://www.reddit.com/r/soccer/comments/5n5fg7/oc_an_innovative_format_to_save_the_world_cup_and/ ),LOW,ok
wnut17_02999,RT @markhoppus : Final thought : why'd they call it Taking Back Tuesday instead of blink-18Tuesday ?!,LOW,ok
